Ticker,Ticker_name,Exposure,Date,day_pct_change
EDV,VANGUARD EXT DUR T;ETF,Bonds,2026-10-06,0.003
HYG,ISHARES:IBOXX $HY CORP,Bonds,2026-10-06,0.0038
IEF,ISHARES:7-10 TRS BD ETF,Bonds,2026-10-06,0.0024
LQD,ISHARES:IBOXX $IG CORP,Bonds,2026-10-06,0.003
SHY,ISHARES:1-3 TRS BD ETF,Bonds,2026-10-06,0.0006
STIP,ISHARES:0-5 TIPS BD ETF,Bonds,2026-10-06,0.0004
TIP,ISHARES:TIPS BD ETF,Bonds,2026-10-06,0.0019
TLT,ISHARES:20+ TRS BD ETF,Bonds,2026-10-06,0.0022
CHTR,"CHARTER COMMUNICATIONS, INC.",Communication Services,2026-10-06,0.0081
CMCSA,COMCAST ,Communication Services,2026-10-06,-0.0005
DIS,THE WALT DISNEY COMPANY,Communication Services,2026-10-06,0.0041
ECHO,ECHOSTAR CORPORATION,Communication Services,2026-10-06,0.0183
FOXA,FOX ,Communication Services,2026-10-06,-0.0197
GOOGL,ALPHABET INC.,Communication Services,2026-10-06,0.0035
LYV,"LIVE NATION ENTERTAINMENT, INC.",Communication Services,2026-10-06,0.0066
META,"META PLATFORMS, INC.",Communication Services,2026-10-06,-0.0041
NFLX,"NETFLIX, INC.",Communication Services,2026-10-06,0.0176
NWSA,NEWS CORP.,Communication Services,2026-10-06,-0.0138
OMC,OMNICOM GROUP INC.,Communication Services,2026-10-06,-0.002
RDDT,"REDDIT, INC.",Communication Services,2026-10-06,-0.0098
SKYD,PARAMOUNT SKYDANCE ,Communication Services,2026-10-06,-0.0256
T,AT&T INC.,Communication Services,2026-10-06,0.0078
TKO,"TKO GROUP HOLDINGS, INC.",Communication Services,2026-10-06,-0.0033
TMUS,"T-MOBILE US, INC.",Communication Services,2026-10-06,0.0078
TTD,"THE TRADE DESK, INC.",Communication Services,2026-10-06,-0.005
TTWO,"TAKE-TWO INTERACTIVE SOFTWARE, INC.",Communication Services,2026-10-06,-0.0046
VZ,VERIZON COMMUNICATIONS INC.,Communication Services,2026-10-06,0.0028
WBD,"WARNER BROS. DISCOVERY, INC.",Communication Services,2026-10-06,0.0
ABNB,"AIRBNB, INC.",Consumer Discretionary,2026-10-06,-0.0224
AMZN,"AMAZON.COM, INC.",Consumer Discretionary,2026-10-06,0.0195
APTV,APTIV PLC,Consumer Discretionary,2026-10-06,0.0189
AZO,"AUTOZONE, INC.",Consumer Discretionary,2026-10-06,0.0324
BBY,"BEST BUY CO., INC.",Consumer Discretionary,2026-10-06,-0.0291
BKNG,BOOKING HOLDINGS INC.,Consumer Discretionary,2026-10-06,-0.0044
CCL,CARNIVAL CORP,Consumer Discretionary,2026-10-06,0.0399
CMG,"CHIPOTLE MEXICAN GRILL, INC.",Consumer Discretionary,2026-10-06,0.0016
CVNA,CARVANA CO.,Consumer Discretionary,2026-10-06,0.0025
DASH,"DOORDASH, INC.",Consumer Discretionary,2026-10-06,0.0096
DECK,DECKERS OUTDOOR ,Consumer Discretionary,2026-10-06,0.0181
DHI,"D.R. HORTON, INC.",Consumer Discretionary,2026-10-06,0.0264
DPZ,"DOMINO'S PIZZA, INC.",Consumer Discretionary,2026-10-06,0.0188
DRI,"DARDEN RESTAURANTS, INC.",Consumer Discretionary,2026-10-06,0.0171
EBAY,EBAY INC.,Consumer Discretionary,2026-10-06,-0.0007
EXPE,"EXPEDIA GROUP, INC.",Consumer Discretionary,2026-10-06,-0.0004
F,FORD MOTOR COMPANY,Consumer Discretionary,2026-10-06,0.0107
GM,GENERAL MOTORS COMPANY,Consumer Discretionary,2026-10-06,0.0222
GPC,GENUINE PARTS COMPANY,Consumer Discretionary,2026-10-06,0.009
GRMN,GARMIN LTD,Consumer Discretionary,2026-10-06,-0.0221
HAS,"HASBRO, INC.",Consumer Discretionary,2026-10-06,-0.0146
HD,"THE HOME DEPOT, INC.",Consumer Discretionary,2026-10-06,0.0197
HLT,HILTON WORLDWIDE HOLDINGS INC.,Consumer Discretionary,2026-10-06,0.0205
LEN,LENNAR ,Consumer Discretionary,2026-10-06,0.0399
LOW,"LOWE'S COMPANIES, INC.",Consumer Discretionary,2026-10-06,0.0232
LULU,LULULEMON ATHLETICA INC.,Consumer Discretionary,2026-10-06,0.005
LVS,LAS VEGAS SANDS CORP.,Consumer Discretionary,2026-10-06,-0.0082
MAR,"MARRIOTT INTERNATIONAL, INC.",Consumer Discretionary,2026-10-06,0.0151
MCD,MCDONALD'S ,Consumer Discretionary,2026-10-06,-0.0025
MGM,MGM RESORTS INTERNATIONAL,Consumer Discretionary,2026-10-06,0.0123
NCLH,NORWEGIAN CRUISE LINE HOLDINGS LTD.,Consumer Discretionary,2026-10-06,0.043
NKE,"NIKE, INC.",Consumer Discretionary,2026-10-06,0.0191
NVR,"NVR, INC.",Consumer Discretionary,2026-10-06,0.0128
ORLY,"O'REILLY AUTOMOTIVE, INC.",Consumer Discretionary,2026-10-06,0.0148
PHM,"PULTEGROUP, INC.",Consumer Discretionary,2026-10-06,0.0186
RCL,ROYAL CARIBBEAN CRUISES LTD.,Consumer Discretionary,2026-10-06,0.05
RL,RALPH LAUREN ,Consumer Discretionary,2026-10-06,0.0086
ROST,"ROSS STORES, INC.",Consumer Discretionary,2026-10-06,-0.0095
SBUX,STARBUCKS ,Consumer Discretionary,2026-10-06,0.0178
TJX,"THE TJX COMPANIES, INC.",Consumer Discretionary,2026-10-06,0.0195
TPR,"TAPESTRY, INC.",Consumer Discretionary,2026-10-06,-0.0017
TSCO,TRACTOR SUPPLY COMPANY,Consumer Discretionary,2026-10-06,0.0277
TSLA,"TESLA, INC.",Consumer Discretionary,2026-10-06,0.0051
ULTA,"ULTA BEAUTY, INC.",Consumer Discretionary,2026-10-06,0.0084
WSM,"WILLIAMS-SONOMA, INC.",Consumer Discretionary,2026-10-06,0.0149
WYNN,"WYNN RESORTS, LIMITED",Consumer Discretionary,2026-10-06,-0.0071
YUM,"YUM! BRANDS, INC.",Consumer Discretionary,2026-10-06,0.021
ADM,ARCHER-DANIELS-MIDLAND COMPANY.,Consumer Staples,2026-10-06,-0.0032
BF.B,BROWN-FORMAN ,Consumer Staples,2026-10-06,0.003
BG,BUNGE LIMITED,Consumer Staples,2026-10-06,0.0001
CAG,"CONAGRA BRANDS, INC.",Consumer Staples,2026-10-06,0.0197
CASY,"CASEY'S GENERAL STORES, INC.",Consumer Staples,2026-10-06,0.0056
CHD,"CHURCH & DWIGHT CO., INC.",Consumer Staples,2026-10-06,0.0092
CL,COLGATE-PALMOLIVE COMPANY,Consumer Staples,2026-10-06,0.0123
CLX,THE CLOROX COMPANY,Consumer Staples,2026-10-06,0.0184
COST,COSTCO WHOLESALE ,Consumer Staples,2026-10-06,0.0132
DG,DOLLAR GENERAL ,Consumer Staples,2026-10-06,0.0331
DLTR,"DOLLAR TREE, INC.",Consumer Staples,2026-10-06,0.0265
EL,THE ESTEE LAUDER COMPANIES INC.,Consumer Staples,2026-10-06,0.0006
GIS,"GENERAL MILLS, INC.",Consumer Staples,2026-10-06,0.0158
HRL,HORMEL FOODS ,Consumer Staples,2026-10-06,-0.01
HSY,THE HERSHEY COMPANY,Consumer Staples,2026-10-06,-0.0013
KDP,KEURIG DR PEPPER INC.,Consumer Staples,2026-10-06,0.0078
KHC,THE KRAFT HEINZ COMPANY,Consumer Staples,2026-10-06,0.0087
KMB,KIMBERLY-CLARK ,Consumer Staples,2026-10-06,0.0143
KO,THE COCA-COLA COMPANY,Consumer Staples,2026-10-06,-0.0039
KR,THE KROGER CO.,Consumer Staples,2026-10-06,-0.0063
KVUE,KENVUE INC.,Consumer Staples,2026-10-06,0.0115
MDLZ,"MONDELEZ INTERNATIONAL, INC.",Consumer Staples,2026-10-06,0.0193
MKC,"MCCORMICK & COMPANY, INC.",Consumer Staples,2026-10-06,-0.0031
MNST,MONSTER BEVERAGE ,Consumer Staples,2026-10-06,-0.006
MO,"ALTRIA GROUP, INC.",Consumer Staples,2026-10-06,0.0099
PEP,"PEPSICO, INC.",Consumer Staples,2026-10-06,0.0005
PG,THE PROCTER & GAMBLE COMPANY,Consumer Staples,2026-10-06,0.0169
PM,PHILIP MORRIS INTERNATIONAL INC.,Consumer Staples,2026-10-06,0.0046
SJM,THE J. M. SMUCKER COMPANY,Consumer Staples,2026-10-06,0.0049
STZ,"CONSTELLATION BRANDS, INC.",Consumer Staples,2026-10-06,0.0208
SYY,SYSCO ,Consumer Staples,2026-10-06,0.014
TAP,MOLSON COORS BEVERAGE COMPANY,Consumer Staples,2026-10-06,0.0107
TGT,TARGET ,Consumer Staples,2026-10-06,0.0088
TSN,"TYSON FOODS, INC.",Consumer Staples,2026-10-06,0.005
WMT,WALMART INC.,Consumer Staples,2026-10-06,0.0203
APA,APA ,Energy,2026-10-06,0.0057
BKR,BAKER HUGHES COMPANY,Energy,2026-10-06,-0.0044
COP,CONOCOPHILLIPS,Energy,2026-10-06,0.0074
CVX,CHEVRON ,Energy,2026-10-06,0.0054
DVN,DEVON ENERGY ,Energy,2026-10-06,0.0008
EOG,"EOG RESOURCES, INC.",Energy,2026-10-06,0.0014
EQT,EQT ,Energy,2026-10-06,0.0264
EXE,EXPAND ENERGY ,Energy,2026-10-06,0.0208
FANG,"DIAMONDBACK ENERGY, INC.",Energy,2026-10-06,0.0049
HAL,HALLIBURTON COMPANY,Energy,2026-10-06,-0.0018
KMI,"KINDER MORGAN, INC.",Energy,2026-10-06,0.0239
MPC,MARATHON PETROLEUM ,Energy,2026-10-06,-0.0026
OKE,"ONEOK, INC.",Energy,2026-10-06,0.0073
OXY,OCCIDENTAL PETROLEUM ,Energy,2026-10-06,0.0003
PSX,PHILLIPS 66,Energy,2026-10-06,0.0003
SLB,SCHLUMBERGER N.V.,Energy,2026-10-06,-0.0056
TPL,TEXAS PACIFIC LAND ,Energy,2026-10-06,0.0304
TRGP,TARGA RESOURCES CORP.,Energy,2026-10-06,-0.0058
VLO,VALERO ENERGY ,Energy,2026-10-06,-0.0003
WMB,"THE WILLIAMS COMPANIES, INC.",Energy,2026-10-06,0.0223
XOM,EXXON MOBIL ,Energy,2026-10-06,0.0029
UNG,UNITED STATES NAT GAS,Energy Complex,2026-10-06,0.018
USO,UNITED STATES OIL FUND,Energy Complex,2026-10-06,0.0064
ACGL,ARCH CAPITAL GROUP LTD.,Financials,2026-10-06,0.0049
AFL,AFLAC INC.,Financials,2026-10-06,0.0111
AIG,"AMERICAN INTERNATIONAL GROUP, INC.",Financials,2026-10-06,-0.0001
AIZ,"ASSURANT, INC.",Financials,2026-10-06,0.0171
AJG,ARTHUR J. GALLAGHER & CO.,Financials,2026-10-06,0.0115
ALL,THE ALLSTATE ,Financials,2026-10-06,-0.002
AMP,"AMERIPRISE FINANCIAL, INC.",Financials,2026-10-06,0.0034
AON,AON PLC,Financials,2026-10-06,0.0071
APO,"APOLLO GLOBAL MANAGEMENT, INC.",Financials,2026-10-06,0.0052
ARES,ARES MANAGEMENT CORP,Financials,2026-10-06,0.0052
AXP,AMERICAN EXPRESS COMPANY,Financials,2026-10-06,0.0017
BAC,BANK OF AMERICA ,Financials,2026-10-06,0.0017
BEN,"FRANKLIN RESOURCES, INC.",Financials,2026-10-06,-0.0134
BLK,"BLACKROCK, INC.",Financials,2026-10-06,0.0122
BNY,THE BANK OF NEW YORK MELLON ,Financials,2026-10-06,-0.0001
BRK.B,"BERKSHIRE HATHAWAY INC.,",Financials,2026-10-06,0.0025
BRO,"BROWN & BROWN, INC.",Financials,2026-10-06,0.0007
BX,BLACKSTONE INC,Financials,2026-10-06,0.0153
C,CITIGROUP INC.,Financials,2026-10-06,-0.0002
CB,CHUBB LTD,Financials,2026-10-06,0.0113
CBOE,"CBOE GLOBAL MARKETS, INC.",Financials,2026-10-06,0.0026
CFG,"CITIZENS FINANCIAL GROUP, INC.",Financials,2026-10-06,-0.0034
CINF,CINCINNATI FINANCIAL ,Financials,2026-10-06,0.0058
CME,CME GROUP INC.,Financials,2026-10-06,0.0006
COF,CAPITAL ONE FINANCIAL ,Financials,2026-10-06,0.0035
COIN,"COINBASE GLOBAL, INC.",Financials,2026-10-06,-0.0132
CPAY,"FLEETCOR TECHNOLOGIES, INC.",Financials,2026-10-06,0.0126
EG,"EVEREST GROUP, LTD.",Financials,2026-10-06,0.0001
ERIE,ERIE INDEMNITY COMPANY,Financials,2026-10-06,0.0079
FDS,FACTSET RESEARCH SYSTEMS INC.,Financials,2026-10-06,-0.016
FIS,FIDELITY NATIONAL INFORMATION SERVICES,Financials,2026-10-06,-0.0048
FISV,"FISERV, INC.",Financials,2026-10-06,-0.0143
FITB,FIFTH THIRD BANCORP,Financials,2026-10-06,0.0039
GL,GLOBE LIFE INC.,Financials,2026-10-06,0.0022
GPN,GLOBAL PAYMENTS INC.,Financials,2026-10-06,-0.0047
GS,"THE GOLDMAN SACHS GROUP, INC.",Financials,2026-10-06,0.0042
HBAN,HUNTINGTON BANCSHARES INC.,Financials,2026-10-06,0.0026
HIG,THE HARTFORD FINANCIAL SERVICES GROUP,Financials,2026-10-06,0.0046
HOOD,"ROBINHOOD MARKETS, INC.",Financials,2026-10-06,-0.0185
IBKR,"INTERACTIVE BROKERS GROUP, INC.",Financials,2026-10-06,0.0172
ICE,"INTERCONTINENTAL EXCHANGE, INC.",Financials,2026-10-06,0.0088
IVZ,INVESCO LTD.,Financials,2026-10-06,-0.0039
JKHY,"JACK HENRY & ASSOCIATES, INC.",Financials,2026-10-06,-0.0048
JPM,JPMORGAN CHASE & CO.,Financials,2026-10-06,-0.0033
KEY,KEYCORP,Financials,2026-10-06,-0.002
KKR,KKR & CO. INC.,Financials,2026-10-06,0.0079
L,LOEWS ,Financials,2026-10-06,0.0075
MA,MASTERCARD INC..,Financials,2026-10-06,0.0035
MCO,MOODY'S ,Financials,2026-10-06,0.0093
MET,"METLIFE, INC.",Financials,2026-10-06,0.0029
MRSH,"MARSH & MCLENNAN COMPANIES, INC.",Financials,2026-10-06,0.0077
MS,MORGAN STANLEY,Financials,2026-10-06,0.0044
MSCI,MSCI INC.,Financials,2026-10-06,0.0047
MTB,M&T BANK ,Financials,2026-10-06,0.0022
NDAQ,"NASDAQ, INC.",Financials,2026-10-06,0.0009
NTRS,NORTHERN TRUST ,Financials,2026-10-06,-0.0071
PFG,"PRINCIPAL FINANCIAL GROUP, INC.",Financials,2026-10-06,-0.012
PGR,THE PROGRESSIVE ,Financials,2026-10-06,-0.0027
PNC,"THE PNC FINANCIAL SERVICES GROUP, INC.",Financials,2026-10-06,-0.0005
PRU,"PRUDENTIAL FINANCIAL, INC.",Financials,2026-10-06,0.0005
PYPL,"PAYPAL HOLDINGS, INC.",Financials,2026-10-06,0.0037
RF,REGIONS FINANCIAL ,Financials,2026-10-06,-0.0007
RJF,"RAYMOND JAMES FINANCIAL, INC.",Financials,2026-10-06,-0.0085
SCHW,THE CHARLES SCHWAB ,Financials,2026-10-06,-0.0118
SPGI,S&P GLOBAL INC.,Financials,2026-10-06,0.0133
STT,STATE STREET ,Financials,2026-10-06,-0.0035
SYF,SYNCHRONY FINANCIAL,Financials,2026-10-06,0.0039
TFC,TRUIST FINANCIAL ,Financials,2026-10-06,-0.0017
TROW,"T. ROWE PRICE GROUP, INC.",Financials,2026-10-06,-0.0032
TRV,"THE TRAVELERS COMPANIES, INC.",Financials,2026-10-06,-0.0002
USB,U.S. BANCORP,Financials,2026-10-06,0.0003
V,VISA INC.,Financials,2026-10-06,0.0025
WFC,WELLS FARGO & COMPANY,Financials,2026-10-06,0.0009
WRB,W. R. BERKLEY ,Financials,2026-10-06,-0.0017
WTW,WILLIS TOWERS WATSON,Financials,2026-10-06,0.0134
XYZ,"BLOCK, INC.",Financials,2026-10-06,0.0041
GLD,SPDR GOLD,Gold,2026-10-06,0.0072
A,"AGILENT TECHNOLOGIES, INC.",Health Care,2026-10-06,-0.0114
ABBV,ABBVIE INC.,Health Care,2026-10-06,0.0035
ABT,ABBOTT LABORATORIES,Health Care,2026-10-06,-0.0194
ALGN,"ALIGN TECHNOLOGY, INC.",Health Care,2026-10-06,0.0057
AMGN,AMGEN INC.,Health Care,2026-10-06,-0.0009
BAX,BAXTER INTERNATIONAL INC.,Health Care,2026-10-06,0.0058
BDX,"BECTON, DICKINSON AND COMPANY",Health Care,2026-10-06,-0.002
BIIB,BIOGEN INC.,Health Care,2026-10-06,-0.0031
BMY,BRISTOL-MYERS SQUIBB COMPANY,Health Care,2026-10-06,0.0133
BSX,BOSTON SCIENTIFIC ,Health Care,2026-10-06,-0.005
CAH,"CARDINAL HEALTH, INC.",Health Care,2026-10-06,0.0014
CI,THE CIGNA GROUP,Health Care,2026-10-06,0.0114
CNC,CENTENE ,Health Care,2026-10-06,0.0048
COO,"THE COOPER COMPANIES, INC.",Health Care,2026-10-06,-0.006
COR,"CENCORA, INC.",Health Care,2026-10-06,0.0046
CRL,CHARLES RIVER LABORATORIES,Health Care,2026-10-06,-0.0187
CVS,CVS HEALTH ,Health Care,2026-10-06,-0.0067
DGX,QUEST DIAGNOSTICS INC.,Health Care,2026-10-06,-0.0165
DHR,DANAHER ,Health Care,2026-10-06,-0.0253
DVA,DAVITA INC.,Health Care,2026-10-06,0.0094
DXCM,"DEXCOM, INC.",Health Care,2026-10-06,-0.0404
ELV,"ELEVANCE HEALTH, INC.",Health Care,2026-10-06,0.0141
EW,EDWARDS LIFESCIENCES ,Health Care,2026-10-06,-0.0086
GEHC,GE HEALTHCARE TECHNOLOGIES INC.,Health Care,2026-10-06,-0.0148
GILD,"GILEAD SCIENCES, INC.",Health Care,2026-10-06,-0.0028
HCA,"HCA HEALTHCARE, INC.",Health Care,2026-10-06,-0.0063
HSIC,"HENRY SCHEIN, INC.",Health Care,2026-10-06,0.0072
HUM,HUMANA INC.,Health Care,2026-10-06,0.0005
IDXX,"IDEXX LABORATORIES, INC.",Health Care,2026-10-06,-0.0221
INCY,INCYTE ,Health Care,2026-10-06,-0.0123
IQV,IQVIA HOLDINGS INC,Health Care,2026-10-06,-0.023
ISRG,"INTUITIVE SURGICAL, INC.",Health Care,2026-10-06,-0.0042
JNJ,JOHNSON & JOHNSON,Health Care,2026-10-06,0.0073
LH,LABORATORY  OF AMERICA HOLDINGS,Health Care,2026-10-06,0.0099
LLY,ELI LILLY AND COMPANY,Health Care,2026-10-06,0.0126
MCK,MCKESSON ,Health Care,2026-10-06,0.0068
MDT,MEDTRONIC PUBLIC LIMITED COMPANY,Health Care,2026-10-06,-0.01
MRK,"MERCK & CO., INC.",Health Care,2026-10-06,0.0172
MRNA,"MODERNA, INC.",Health Care,2026-10-06,-0.0775
MTD,METTLER-TOLEDO INTERNATIONAL INC.,Health Care,2026-10-06,-0.0056
PFE,PFIZER INC.,Health Care,2026-10-06,0.0033
PODD,INSULET ,Health Care,2026-10-06,-0.0066
REGN,"REGENERON PHARMACEUTICALS, INC.",Health Care,2026-10-06,0.0169
RMD,RESMED INC.,Health Care,2026-10-06,-0.0097
RVTY,"REVVITY, INC.",Health Care,2026-10-06,-0.0258
SOLV,SOLVENTUM ,Health Care,2026-10-06,-0.0112
STE,STERIS PUBLIC LIMITED COMPANY,Health Care,2026-10-06,-0.0115
SYK,STRYKER ,Health Care,2026-10-06,-0.0246
TECH,BIO-TECHNE ,Health Care,2026-10-06,-0.0021
TMO,THERMO FISHER SCIENTIFIC INC.,Health Care,2026-10-06,-0.0298
UHS,"UNIVERSAL HEALTH SERVICES, INC.",Health Care,2026-10-06,0.0059
UNH,UNITEDHEALTH GROUP INC.,Health Care,2026-10-06,-0.006
VEEV,VEEVA SYSTEMS INC.,Health Care,2026-10-06,0.0002
VRTX,VERTEX PHARMACEUTICALS INC.,Health Care,2026-10-06,-0.0024
VTRS,VIATRIS INC.,Health Care,2026-10-06,-0.0045
WAT,WATERS ,Health Care,2026-10-06,-0.0084
WST,"WEST PHARMACEUTICAL SERVICES, INC.",Health Care,2026-10-06,-0.0109
ZBH,"ZIMMER BIOMET HOLDINGS, INC.",Health Care,2026-10-06,-0.0206
ZTS,ZOETIS INC.,Health Care,2026-10-06,-0.0011
ADP,"AUTOMATIC DATA PROCESSING, INC.",Industrials,2026-10-06,0.0081
ALLE,ALLEGION PUBLIC LIMITED COMPANY,Industrials,2026-10-06,0.01
AME,"AMETEK, INC.",Industrials,2026-10-06,0.0071
AOS,A. O. SMITH ,Industrials,2026-10-06,-0.0012
AXON,"AXON ENTERPRISE, INC.",Industrials,2026-10-06,0.0165
BA,THE BOEING COMPANY,Industrials,2026-10-06,-0.015
BLDR,"BUILDERS FIRSTSOURCE, INC.",Industrials,2026-10-06,0.0106
BR,"BROADRIDGE FINANCIAL SOLUTIONS, INC.",Industrials,2026-10-06,-0.0026
CARR,CARRIER GLOBAL ,Industrials,2026-10-06,0.0066
CAT,CATERPILLAR INC.,Industrials,2026-10-06,0.018
CHRW,"C.H. ROBINSON WORLDWIDE, INC.",Industrials,2026-10-06,-0.0395
CMI,CUMMINS INC.,Industrials,2026-10-06,0.0228
CPRT,"COPART, INC.",Industrials,2026-10-06,-0.03
CSX,CSX ,Industrials,2026-10-06,0.0015
CTAS,CINTAS ,Industrials,2026-10-06,0.0029
DAL,"DELTA AIR LINES, INC.",Industrials,2026-10-06,0.007
DE,DEERE & COMPANY,Industrials,2026-10-06,0.0009
DOV,DOVER ,Industrials,2026-10-06,0.003
EFX,EQUIFAX INC.,Industrials,2026-10-06,-0.0008
EME,"EMCOR GROUP, INC.",Industrials,2026-10-06,0.0582
EMR,EMERSON ELECTRIC CO.,Industrials,2026-10-06,-0.0057
ETN,EATON  PUBLIC LIMITED COMPANY,Industrials,2026-10-06,0.0289
EXPD,EXPEDITORS INTERNATIONAL OF WASHINGTON,Industrials,2026-10-06,-0.012
FAST,FASTENAL COMPANY,Industrials,2026-10-06,0.0024
FDX,FEDEX ,Industrials,2026-10-06,-0.0003
FERG,FERGUSON ENTERPRISES INC.,Industrials,2026-10-06,0.0018
FIX,"COMFORT SYSTEMS USA, INC.",Industrials,2026-10-06,0.0612
FTV,FORTIVE ,Industrials,2026-10-06,0.0089
GD,GENERAL DYNAMICS ,Industrials,2026-10-06,-0.0012
GE,GENERAL ELECTRIC COMPANY,Industrials,2026-10-06,0.01
GEV,GE VERNOVA INC.,Industrials,2026-10-06,0.0396
GNRC,GENERAC HOLDINGS INC.,Industrials,2026-10-06,0.0391
GWW,"W.W. GRAINGER, INC.",Industrials,2026-10-06,-0.0088
HII,"HUNTINGTON INGALLS INDUSTRIES, INC.",Industrials,2026-10-06,-0.0102
HON,HONEYWELL INTERNATIONAL INC.,Industrials,2026-10-06,-0.0059
HUBB,HUBBELL INC.,Industrials,2026-10-06,0.0099
HWM,HOWMET AEROSPACE INC.,Industrials,2026-10-06,0.0088
IEX,IDEX ,Industrials,2026-10-06,0.0042
IR,INGERSOLL RAND INC.,Industrials,2026-10-06,0.0084
ITW,ILLINOIS TOOL WORKS INC.,Industrials,2026-10-06,0.0112
J,JACOBS SOLUTIONS INC.,Industrials,2026-10-06,0.004
JBHT,"J. B. HUNT TRANSPORT SERVICES, INC.",Industrials,2026-10-06,-0.0166
JCI,JOHNSON CONTROLS INTERNATIONAL PLC,Industrials,2026-10-06,0.0122
LDOS,"LEIDOS HOLDINGS, INC.",Industrials,2026-10-06,-0.0231
LHX,"L3HARRIS TECHNOLOGIES, INC.",Industrials,2026-10-06,0.0043
LII,LENNOX INTERNATIONAL INC.,Industrials,2026-10-06,0.0124
LMT,LOCKHEED MARTIN ,Industrials,2026-10-06,0.0069
LUV,SOUTHWEST AIRLINES CO.,Industrials,2026-10-06,0.0143
MAS,MASCO ,Industrials,2026-10-06,0.0215
MMM,3M COMPANY,Industrials,2026-10-06,0.0028
NDSN,NORDSON ,Industrials,2026-10-06,-0.0006
NOC,NORTHROP GRUMMAN ,Industrials,2026-10-06,0.0147
NSC,NORFOLK SOUTHERN ,Industrials,2026-10-06,0.0003
ODFL,"OLD DOMINION FREIGHT LINE, INC.",Industrials,2026-10-06,-0.0075
OTIS,OTIS WORLDWIDE ,Industrials,2026-10-06,0.0087
PAYX,"PAYCHEX, INC.",Industrials,2026-10-06,0.0124
PCAR,PACCAR INC,Industrials,2026-10-06,-0.0004
PH,PARKER-HANNIFIN ,Industrials,2026-10-06,0.0095
PNR,PENTAIR PUBLIC LIMITED COMPANY,Industrials,2026-10-06,0.003
PWR,"QUANTA SERVICES, INC.",Industrials,2026-10-06,0.0529
ROK,"ROCKWELL AUTOMATION, INC.",Industrials,2026-10-06,-0.0098
ROL,"ROLLINS, INC.",Industrials,2026-10-06,0.0222
RSG,"REPUBLIC SERVICES, INC.",Industrials,2026-10-06,0.009
RTX,RTX ,Industrials,2026-10-06,-0.0056
SNA,SNAP-ON INC.,Industrials,2026-10-06,0.0033
SWK,"STANLEY BLACK & DECKER, INC.",Industrials,2026-10-06,0.0035
TDG,TRANSDIGM GROUP INC.,Industrials,2026-10-06,0.0098
TT,TRANE TECHNOLOGIES PLC,Industrials,2026-10-06,0.012
TXT,TEXTRON INC.,Industrials,2026-10-06,-0.0029
UAL,"UNITED AIRLINES HOLDINGS, INC.",Industrials,2026-10-06,0.017
UBER,"UBER TECHNOLOGIES, INC.",Industrials,2026-10-06,-0.0058
UNP,UNION PACIFIC ,Industrials,2026-10-06,-0.0016
UPS,"UNITED PARCEL SERVICE, INC.",Industrials,2026-10-06,-0.0003
URI,"UNITED RENTALS, INC.",Industrials,2026-10-06,0.0059
VLTO,VERALTO ,Industrials,2026-10-06,-0.0012
VRSK,"VERISK ANALYTICS, INC.",Industrials,2026-10-06,0.0118
VRT,VERTIV HOLDINGS CO,Industrials,2026-10-06,-0.0019
WAB,WESTINGHOUSE AIR BRAKE TECHNOLOGIES ,Industrials,2026-10-06,-0.0024
WM,"WASTE MANAGEMENT, INC.",Industrials,2026-10-06,0.0059
XYL,XYLEM INC.,Industrials,2026-10-06,0.021
AAPL,APPLE INC.,Information Technology,2026-10-06,0.0022
ACN,ACCENTURE PUBLIC LIMITED COMPANY,Information Technology,2026-10-06,-0.0085
ADBE,ADOBE INC.,Information Technology,2026-10-06,-0.0028
ADI,"ANALOG DEVICES, INC.",Information Technology,2026-10-06,0.0035
ADSK,"AUTODESK, INC.",Information Technology,2026-10-06,0.0439
AKAM,"AKAMAI TECHNOLOGIES, INC.",Information Technology,2026-10-06,0.0058
AMAT,"APPLIED MATERIALS, INC.",Information Technology,2026-10-06,-0.0221
AMD,"ADVANCED MICRO DEVICES, INC.",Information Technology,2026-10-06,0.028
ANET,"ARISTA NETWORKS, INC.",Information Technology,2026-10-06,0.0409
APH,AMPHENOL ,Information Technology,2026-10-06,0.0155
APP,APPLOVIN CORP,Information Technology,2026-10-06,-0.0113
AVGO,BROADCOM INC.,Information Technology,2026-10-06,0.0367
CDNS,"CADENCE DESIGN SYSTEMS, INC.",Information Technology,2026-10-06,0.0172
CDW,CDW ,Information Technology,2026-10-06,0.0131
CIEN,CIENA CORPORATION,Information Technology,2026-10-06,0.1385
COHR,COHERENT CORP.,Information Technology,2026-10-06,0.0141
CRM,"SALESFORCE, INC.",Information Technology,2026-10-06,-0.0209
CRWD,"CROWDSTRIKE HOLDINGS, INC.",Information Technology,2026-10-06,0.0227
CSCO,"CISCO SYSTEMS, INC.",Information Technology,2026-10-06,0.0454
CTSH,COGNIZANT TECHNOLOGY SOLUTIONS ,Information Technology,2026-10-06,-0.0163
DDOG,"DATADOG, INC.",Information Technology,2026-10-06,0.0066
DELL,DELL TECHNOLOGIES INC.,Information Technology,2026-10-06,0.0393
EPAM,"EPAM SYSTEMS, INC.",Information Technology,2026-10-06,-0.0058
FFIV,"F5, INC.",Information Technology,2026-10-06,0.0246
FICO,FAIR ISAAC ,Information Technology,2026-10-06,0.0085
FLEX,FLEX LTD.,Information Technology,2026-10-06,0.0396
FSLR,"FIRST SOLAR, INC.",Information Technology,2026-10-06,0.0207
FTNT,"FORTINET, INC.",Information Technology,2026-10-06,0.0388
GDDY,GODADDY INC.,Information Technology,2026-10-06,-0.0156
GEN,GEN DIGITAL INC.,Information Technology,2026-10-06,0.0233
GLW,CORNING INC.,Information Technology,2026-10-06,0.0602
HPE,HEWLETT PACKARD ENTERPRISE COMPANY,Information Technology,2026-10-06,0.031
HPQ,HP INC.,Information Technology,2026-10-06,0.0083
IBM,INTERNATIONAL BUSINESS MACHINES ,Information Technology,2026-10-06,-0.0013
INTC,INTEL ,Information Technology,2026-10-06,-0.0318
INTU,INTUIT INC.,Information Technology,2026-10-06,0.018
IT,"GARTNER, INC.",Information Technology,2026-10-06,-0.0151
JBL,JABIL INC.,Information Technology,2026-10-06,0.0274
KEYS,"KEYSIGHT TECHNOLOGIES, INC.",Information Technology,2026-10-06,0.01
KLAC,KLA ,Information Technology,2026-10-06,-0.0454
LITE,LUMENTUM HOLDINGS INC.,Information Technology,2026-10-06,0.0382
LRCX,LAM RESEARCH ,Information Technology,2026-10-06,-0.0344
MCHP,MICROCHIP TECHNOLOGY INC.,Information Technology,2026-10-06,-0.0028
MPWR,"MONOLITHIC POWER SYSTEMS, INC.",Information Technology,2026-10-06,-0.0042
MRVL,"MARVELL TECHNOLOGY, INC.",Information Technology,2026-10-06,0.0581
MSFT,MICROSOFT ,Information Technology,2026-10-06,0.0078
MSI,"MOTOROLA SOLUTIONS, INC.",Information Technology,2026-10-06,0.002
MU,"MICRON TECHNOLOGY, INC.",Information Technology,2026-10-06,-0.0173
NOW,"SERVICENOW, INC.",Information Technology,2026-10-06,0.0139
NTAP,"NETAPP, INC.",Information Technology,2026-10-06,0.0209
NVDA,NVIDIA ,Information Technology,2026-10-06,0.0014
NXPI,NXP SEMICONDUCTORS NV,Information Technology,2026-10-06,0.01
ON,ON SEMICONDUCTOR ,Information Technology,2026-10-06,0.0044
ORCL,ORACLE ,Information Technology,2026-10-06,0.0161
PANW,"PALO ALTO NETWORKS, INC.",Information Technology,2026-10-06,0.0323
PLTR,PALANTIR TECHNOLOGIES INC.,Information Technology,2026-10-06,0.0141
PTC,PTC INC.,Information Technology,2026-10-06,0.0038
Q,"QNITY ELECTRONICS, INC.",Information Technology,2026-10-06,0.016
QCOM,QUALCOMM INC.,Information Technology,2026-10-06,0.0013
ROP,"ROPER TECHNOLOGIES, INC.",Information Technology,2026-10-06,-0.003
SMCI,"SUPER MICRO COMPUTER, INC.",Information Technology,2026-10-06,0.0063
SNDK,SANDISK CORPORATION,Information Technology,2026-10-06,-0.0256
SNPS,"SYNOPSYS, INC.",Information Technology,2026-10-06,0.0342
STX,SEAGATE TECHNOLOGY HOLDINGS,Information Technology,2026-10-06,-0.0918
SWKS,"SKYWORKS SOLUTIONS, INC.",Information Technology,2026-10-06,-0.0133
TDY,TELEDYNE TECHNOLOGIES INC.,Information Technology,2026-10-06,0.0042
TEL,TE CONNECTIVITY LTD,Information Technology,2026-10-06,0.0026
TER,"TERADYNE, INC.",Information Technology,2026-10-06,-0.032
TRMB,TRIMBLE INC.,Information Technology,2026-10-06,0.0364
TXN,TEXAS INSTRUMENTS INC.,Information Technology,2026-10-06,0.0079
TYL,"TYLER TECHNOLOGIES, INC.",Information Technology,2026-10-06,0.0079
VRSN,"VERISIGN, INC.",Information Technology,2026-10-06,0.0029
WDAY,"WORKDAY, INC.",Information Technology,2026-10-06,-0.0128
WDC,WESTERN DIGITAL ,Information Technology,2026-10-06,-0.0693
ZBRA,ZEBRA TECHNOLOGIES ,Information Technology,2026-10-06,0.0269
ALB,ALBEMARLE ,Materials,2026-10-06,0.019
AMCR,AMCOR PLC,Materials,2026-10-06,-0.0007
APD,"AIR PRODUCTS AND CHEMICALS, INC.",Materials,2026-10-06,0.0055
AVY,AVERY DENNISON ,Materials,2026-10-06,-0.0091
BALL,BALL ,Materials,2026-10-06,0.0056
CF,"CF INDUSTRIES HOLDINGS, INC.",Materials,2026-10-06,0.0
CRH,CRH PUBLIC LIMITED COMPANY,Materials,2026-10-06,0.0115
CTVA,"CORTEVA, INC.",Materials,2026-10-06,0.1227
DD,"DUPONT DE NEMOURS, INC.",Materials,2026-10-06,0.0198
DOW,DOW INC.,Materials,2026-10-06,-0.0123
ECL,ECOLAB INC.,Materials,2026-10-06,0.0135
FCX,FREEPORT-MCMORAN INC.,Materials,2026-10-06,-0.0006
IFF,INTERNATIONAL FLAVORS & FRAGRANCES INC.,Materials,2026-10-06,0.0079
IP,INTERNATIONAL PAPER COMPANY,Materials,2026-10-06,0.0028
LIN,LINDE PUBLIC LIMITED COMPANY,Materials,2026-10-06,0.0157
LYB,LYONDELLBASELL INDUSTRIES NV,Materials,2026-10-06,-0.0049
MLM,"MARTIN MARIETTA MATERIALS, INC.",Materials,2026-10-06,0.0072
MOS,THE MOSAIC COMPANY,Materials,2026-10-06,-0.0164
NEM,NEWMONT ,Materials,2026-10-06,0.0049
NUE,NUCOR ,Materials,2026-10-06,-0.0014
PKG,PACKAGING  OF AMERICA,Materials,2026-10-06,0.0019
PPG,"PPG INDUSTRIES, INC.",Materials,2026-10-06,0.0119
SHW,THE SHERWIN-WILLIAMS COMPANY,Materials,2026-10-06,0.0085
STLD,"STEEL DYNAMICS, INC.",Materials,2026-10-06,-0.0119
SW,SMURFIT WESTROCK PUBLIC LIMITED COMPANY,Materials,2026-10-06,-0.0005
VMC,VULCAN MATERIALS COMPANY,Materials,2026-10-06,0.0134
AMT,AMERICAN TOWER ,Real Estate,2026-10-06,0.0155
ARE,"ALEXANDRIA REAL ESTATE EQUITIES, INC.",Real Estate,2026-10-06,0.0009
BXP,"BOSTON PROPERTIES, INC.",Real Estate,2026-10-06,0.0071
CBRE,"CBRE GROUP, INC.",Real Estate,2026-10-06,0.0097
CCI,CROWN CASTLE INC.,Real Estate,2026-10-06,0.0104
CPT,CAMDEN PROPERTY TRUST,Real Estate,2026-10-06,0.0029
CSGP,"COSTAR GROUP, INC.",Real Estate,2026-10-06,-0.0011
DLR,"DIGITAL REALTY TRUST, INC.",Real Estate,2026-10-06,0.0266
DOC,"HEALTHDOC PROPERTIES, INC.",Real Estate,2026-10-06,0.0085
EQIX,"EQUINIX, INC.",Real Estate,2026-10-06,0.0234
EQR,EQUITY RESIDENTIAL,Real Estate,2026-10-06,0.0047
ESS,"ESSEX PROPERTY TRUST, INC.",Real Estate,2026-10-06,0.0021
EXR,EXTRA SPACE STORAGE INC.,Real Estate,2026-10-06,0.0074
FRT,FEDERAL REALTY INVESTMENT TRUST,Real Estate,2026-10-06,0.0022
HST,"HOST HOTELS & RESORTS, INC.",Real Estate,2026-10-06,0.0018
INVH,INVITATION HOMES INC.,Real Estate,2026-10-06,0.0127
IRM,IRON MOUNTAIN INC.,Real Estate,2026-10-06,0.0371
KIM,KIMCO REALTY .,Real Estate,2026-10-06,0.005
MAA,"MID-AMERICA APARTMENT COMMUNITIES, INC.",Real Estate,2026-10-06,0.0045
O,REALTY INCOME ,Real Estate,2026-10-06,0.0089
PLD,"PROLOGIS, INC.",Real Estate,2026-10-06,0.0047
PSA,PUBLIC STORAGE.,Real Estate,2026-10-06,0.0149
REG,REGENCY CENTERS ,Real Estate,2026-10-06,0.0013
SBAC,SBA COMMUNICATIONS ,Real Estate,2026-10-06,0.0487
SPG,"SIMON PROPERTY GROUP, INC.",Real Estate,2026-10-06,0.0017
UDR,"UDR, INC.",Real Estate,2026-10-06,0.0021
VICI,VICI PROPERTIES INC.,Real Estate,2026-10-06,0.0089
VTR,"VENTAS, INC.",Real Estate,2026-10-06,0.0061
WELL,WELLTOWER INC.,Real Estate,2026-10-06,0.0072
WY,WEYERHAEUSER COMPANY,Real Estate,2026-10-06,0.0059
DXY,US DOLLAR INDEX,USD,2026-10-06,-0.0025
AEE,AMEREN ,Utilities,2026-10-06,0.0199
AEP,"AMERICAN ELECTRIC POWER COMPANY, INC.",Utilities,2026-10-06,0.0162
AES,THE AES ,Utilities,2026-10-06,0.002
ATO,ATMOS ENERGY ,Utilities,2026-10-06,0.0107
AWK,"AMERICAN WATER WORKS COMPANY, INC.",Utilities,2026-10-06,0.0016
CEG,CONSTELLATION ENERGY,Utilities,2026-10-06,0.1225
CMS,CMS ENERGY ,Utilities,2026-10-06,0.0162
CNP,"CENTERPOINT ENERGY, INC.",Utilities,2026-10-06,0.0215
D,"DOMINION ENERGY, INC.",Utilities,2026-10-06,0.0161
DTE,DTE ENERGY COMPANY,Utilities,2026-10-06,0.0254
DUK,DUKE ENERGY ,Utilities,2026-10-06,0.016
ED,"CONSOLIDATED EDISON, INC.",Utilities,2026-10-06,0.0168
EIX,EDISON INTERNATIONAL,Utilities,2026-10-06,0.0002
ES,EVERSOURCE ENERGY,Utilities,2026-10-06,0.0088
ETR,ENTERGY ,Utilities,2026-10-06,0.0241
EVRG,"EVERGY, INC.",Utilities,2026-10-06,0.0159
EXC,EXELON ,Utilities,2026-10-06,0.0211
FE,FIRSTENERGY CORP.,Utilities,2026-10-06,0.0142
LNT,ALLIANT ENERGY ,Utilities,2026-10-06,0.0187
NEE,"NEXTERA ENERGY, INC.",Utilities,2026-10-06,0.021
NI,NISOURCE INC.,Utilities,2026-10-06,0.0283
NRG,"NRG ENERGY, INC.",Utilities,2026-10-06,0.0702
PCG,PG&E ,Utilities,2026-10-06,0.0121
PEG,PUBLIC SERVICE ENTERPRISE GROUP INC.,Utilities,2026-10-06,0.0444
PNW,PINNACLE WEST CAPITAL ,Utilities,2026-10-06,0.0217
PPL,PPL ,Utilities,2026-10-06,0.0228
SO,THE SOUTHERN COMPANY,Utilities,2026-10-06,0.0197
SRE,SEMPRA,Utilities,2026-10-06,0.0232
VST,VISTRA CORP.,Utilities,2026-10-06,0.1077
WEC,"WEC ENERGY GROUP, INC.",Utilities,2026-10-06,0.0187
XEL,XCEL ENERGY INC.,Utilities,2026-10-06,0.0173
FVX,5 YR TSY YLD NDX,Yields,2026-10-06,-0.0079
TNX,10 Y TSY YLD NDX,Yields,2026-10-06,-0.0075
TYX,30 Y TSY YLD NDX,Yields,2026-10-06,-0.0035
ASC,ARDMORE SHIPPING ,,2026-10-06,-0.0269
BTC=F,BITCOIN FUTURES,,2026-10-06,-0.006
BTI,BRITISH AMERICAN TOBACCO P.L.C.,,2026-10-06,0.0025
BTU,PEABODY ENERGY ,,2026-10-06,-0.0027
CALM,"CAL-MAINE FOODS, INC.",,2026-10-06,-0.0245
CANE,TEUCRIUM:SUGAR,,2026-10-06,0.0049
CCJ,CAMECO ,,2026-10-06,0.0635
CMBT,CMB.TECH NV,,2026-10-06,-0.0155
CMRE,COSTAMARE INC.,,2026-10-06,-0.0188
CNR,"CORE NATURAL RESOURCES, INC.",,2026-10-06,-0.0088
COMT,ISHARES:GSCI COMM DYN RS,,2026-10-06,0.0114
CORN,TEUCRIUM:CORN,,2026-10-06,0.0206
CPER,UNITED STATES COPPER IDX,,2026-10-06,0.0043
CRESY,CRESUD INC.,,2026-10-06,0.021
DBA,INVESCO DB MS AGRI,,2026-10-06,0.0137
DBB,INVESCO DB MS BMTL,,2026-10-06,0.004
DBC,INVESCO DB CM IDX,,2026-10-06,0.0093
DHT,"DHT HOLDINGS, INC.",,2026-10-06,-0.0126
DIA,SPDR DOW JONES INDUS AVG,,2026-10-06,0.0048
DJI,DOW JONES INDUSTRIAL AVG INDEX,,2026-10-06,0.0049
EC,ECOPETROL SA,,2026-10-06,-0.0168
ECH,ISHARES:MSCI CHILE,,2026-10-06,0.0082
EDEN,ISHARES:MSCI DENMARK,,2026-10-06,-0.0038
EFNL,ISHARES:MSCI FINLAND,,2026-10-06,0.0104
EIDO,ISHARES:MSCI INDONESIA,,2026-10-06,0.0008
EIRL,ISHARES:MSCI IRELAND,,2026-10-06,0.0015
EIS,ISHARES:MSCI ISRAEL,,2026-10-06,-0.013
ENZL,ISHARES:MSCI NEW ZLND,,2026-10-06,0.0052
EPHE,ISHARES:MSCI PHILIPPINES,,2026-10-06,-0.0109
EPOL,ISHARES:MSCI POLAND,,2026-10-06,0.0228
EPU,ISHARES:MSCI PERU,,2026-10-06,0.0054
ES=F,E-MINI S&P 500 FUTURES,,2026-10-06,0.0061
EWA,ISHARES:MSCI AUSTRALIA,,2026-10-06,0.0042
EWC,ISHARES:MSCI CANADA,,2026-10-06,0.0068
EWD,ISHARES:MSCI SWEDEN,,2026-10-06,0.0058
EWG,ISHARES:MSCI GERMANY,,2026-10-06,0.0058
EWH,ISHARES:MSCI HONG KONG,,2026-10-06,-0.0069
EWI,ISHARES:MSCI ITALY,,2026-10-06,0.0078
EWJ,ISHARES:MSCI JAPAN,,2026-10-06,0.0002
EWK,ISHARES:MSCI BELGIUM,,2026-10-06,0.0159
EWL,ISHARES:MSCI SWITZERLAND,,2026-10-06,0.0005
EWM,ISHARES:MSCI MALAYSIA,,2026-10-06,0.0
EWN,ISHARES:MSCI NETHERLANDS,,2026-10-06,0.0061
EWO,ISHARES:MSCI AUSTRIA,,2026-10-06,0.0024
EWP,ISHARES:MSCI SPAIN,,2026-10-06,0.0046
EWQ,ISHARES:MSCI FRANCE,,2026-10-06,0.0005
EWS,ISHARES:MSCI SINGAPORE,,2026-10-06,-0.0018
EWT,ISHARES:MSCI TAIWAN,,2026-10-06,-0.0033
EWU,ISHARES:MSCI UK,,2026-10-06,0.0039
EWW,ISHARES:MSCI MEXICO,,2026-10-06,0.0114
EWY,ISHARES:MSCI S KOREA,,2026-10-06,-0.0264
EWZ,ISHARES:MSCI BRAZIL,,2026-10-06,0.0005
FRO,FRONTLINE PLC,,2026-10-06,-0.0182
FTI,TECHNIPFMC PLC,,2026-10-06,-0.0051
FXA,INVESCO:AU DOLLAR,,2026-10-06,0.002
FXB,INVESCO:GBP STERLING,,2026-10-06,0.0038
FXC,INVESCO:CANADIAN DOLLAR,,2026-10-06,0.0032
FXE,INVESCO:EURO,,2026-10-06,0.0032
FXY,INVESCO:JAPANESE YEN,,2026-10-06,-0.0016
GDX,VANECK:GOLD MINERS,,2026-10-06,0.0092
GDXJ,VANECK:JR GOLD MINERS,,2026-10-06,0.0066
GEOS,GEOSPACE TECHNOLOGIES ,,2026-10-06,-0.0126
GGB,GERDAU SA,,2026-10-06,-0.0097
GLATF,GLOBAL ATOMIC ,,2026-10-06,0.0741
GNK,GENCO SHIPPING & TRADING LIMITED,,2026-10-06,-0.0116
GREK,GLBL X MSCI GREECE,,2026-10-06,0.0201
HLX,"HELIX ENERGY SOLUTIONS GROUP, INC.",,2026-10-06,-0.0166
HYD,VANECK:HIGH YIELD MUNI,,2026-10-06,-0.0015
ICL,ICL GROUP LTD,,2026-10-06,0.004
INDA,ISHARES:MSCI INDIA,,2026-10-06,0.0034
IWD,ISHARES:RUSS 1000 VL ETF,,2026-10-06,0.0055
IWF,ISHARES:RUSS 1000 GR ETF,,2026-10-06,0.0065
IWM,ISHARES:RUSS 2000 ETF,,2026-10-06,-0.0072
JNK,SPDR BBG HIGH YIELD BD,,2026-10-06,0.0039
MCHI,ISHARES:MSCI CHINA,,2026-10-06,-0.0011
MDY,SPDR S&P MIDCAP 400 ETF,,2026-10-06,0.0041
MP,MP MATERIALS CORP,,2026-10-06,0.0361
MTUM,ISHARES:MSCI USA MOM FCT,,2026-10-06,0.0041
MUB,ISHARES:NATL MUNI BOND,,2026-10-06,-0.001
NDX,NASDAQ 100 INDEX,,2026-10-06,0.0048
NORW,GLBL X MSCI NORWAY ETF,,2026-10-06,-0.0034
NOV,NOV INC.,,2026-10-06,-0.0261
NQ=F,NASDAQ 100 FUTURES,,2026-10-06,0.0046
OEF,ISHARES:S&P 100,,2026-10-06,0.0054
PAM,PAMPA ENERGIA SA,,2026-10-06,0.0186
PBR,BRAZILIAN PETROLEUM  - PETROBRAS,,2026-10-06,-0.0141
PFF,ISHARES:PREF AND INC SEC,,2026-10-06,0.001
POWA,INVESCO BLOOMBERG PRICING POWER,,2026-10-06,0.0056
PPLT,ABRDN:PHYSICAL PLATINUM,,2026-10-06,-0.0071
QAT,ISHARES:MSCI QATAR,,2026-10-06,-0.0024
QQQ,INVESCO QQQ TRUST 1,,2026-10-06,0.0046
QUAL,ISHARES:MSCI USA QF,,2026-10-06,0.0026
RIG,TRANSOCEAN LTD,,2026-10-06,-0.02
ROKU,"ROKU, INC.",,2026-10-06,-0.0088
RSP,INVESCO S&P500 EWGHT,,2026-10-06,0.0057
RUT,RUSSELL 2000 INDEX,,2026-10-06,-0.0059
SBLK,STAR BULK CARRIERS CORP.,,2026-10-06,-0.0318
SCHP,SCHWAB STR:US TIPS,,2026-10-06,0.0016
SD,"SANDRIDGE ENERGY, INC.",,2026-10-06,0.0029
SDY,SPDR S&P DIVIDEND,,2026-10-06,0.0046
SILJ,ETFMG PRIME JR SILVR MNR,,2026-10-06,0.0085
SLV,ISHARES:SILVER TRUST,,2026-10-06,0.0058
SM,SM ENERGY COMPANY,,2026-10-06,0.0014
SMH,VANECK:SEMICONDUCTOR,,2026-10-06,-0.0022
SOYB,TEUCRIUM:SOYBEAN,,2026-10-06,0.015
SPHB,INVESCO S&P500 HI BE,,2026-10-06,0.0077
SPLV,INVESCO S&P500 LOWVL,,2026-10-06,0.009
SPX,S&P 500 INDEX,,2026-10-06,0.0058
SPY,SPDR S&P 500 ETF,,2026-10-06,0.0055
STLA,STELLANTIS NV,,2026-10-06,0.0267
STNG,SCORPIO TANKERS INC.,,2026-10-06,-0.0021
TAGS,TEUCRIUM:AGRICULTURAL,,2026-10-06,0.017
TDW,TIDEWATER INC.,,2026-10-06,-0.0222
TECK,TECK RESOURCES LIMITED,,2026-10-06,-0.0113
THD,ISHARES:MSCI THAI,,2026-10-06,0.006
TS,TENARIS SA,,2026-10-06,-0.0272
TUR,ISHARES:MSCI TURKEY,,2026-10-06,-0.0075
URA,GLBL X URANIUM ETF,,2026-10-06,0.0401
URNM,SPROTT URANIUM MINERS,,2026-10-06,0.0497
UUP,INVESCO DB USD IDX BL,,2026-10-06,-0.0031
VAL,VALARIS LIMITED,,2026-10-06,-0.0178
VIX,CBOE MKT VOLATILITY IDX,,2026-10-06,-0.0329
VNM,VANECK:VIETNAM,,2026-10-06,0.0018
VXN,CBOE NASDAQ MKT VOL NDX,,2026-10-06,-0.0253
WEAT,TEUCRIUM:WHEAT,,2026-10-06,0.0159
XES,SPDR S&P OIL&GAS E&S,,2026-10-06,-0.0068
XLB,SEL SECTOR:MATRLS SPDR,,2026-10-06,0.0046
XLC,SEL SECTOR:COMM SVC SPDR,,2026-10-06,0.0004
XLE,SEL SECTOR:ENERGY SPDR,,2026-10-06,0.0047
XLF,SEL SECTOR:FINL S SPDR,,2026-10-06,0.0024
XLI,SEL SECTOR:INDUST SPDR,,2026-10-06,0.0087
XLK,SEL SECTOR:TECH SPDR,,2026-10-06,0.0053
XLP,SEL SECTOR:C STP SPDR,,2026-10-06,0.0094
XLRE,SEL SECTOR:RL EST SPDR,,2026-10-06,0.0106
XLU,SEL SECTOR:UTIL SPDR,,2026-10-06,0.0298
XLV,SEL SECTOR:H CARE SPDR,,2026-10-06,-0.0017
XLY,SEL SECTOR:C DSC SPDR,,2026-10-06,0.0118
XOP,SPDR S&P OIL&GAS EXP,,2026-10-06,0.0054
