Ticker,Ticker_name,Exposure,Date,mtd_pct_change
EDV,VANGUARD EXT DUR T;ETF,Bonds,2026-09-28,-0.0573
HYG,ISHARES:IBOXX $HY CORP,Bonds,2026-09-28,-0.0284
IEF,ISHARES:7-10 TRS BD ETF,Bonds,2026-09-28,-0.0346
LQD,ISHARES:IBOXX $IG CORP,Bonds,2026-09-28,-0.0352
SHY,ISHARES:1-3 TRS BD ETF,Bonds,2026-09-28,-0.0095
STIP,ISHARES:0-5 TIPS BD ETF,Bonds,2026-09-28,-0.0103
TIP,ISHARES:TIPS BD ETF,Bonds,2026-09-28,-0.0256
TLT,ISHARES:20+ TRS BD ETF,Bonds,2026-09-28,-0.0473
CHTR,"CHARTER COMMUNICATIONS, INC.",Communication Services,2026-09-28,-0.2692
CMCSA,COMCAST ,Communication Services,2026-09-28,-0.1814
DIS,THE WALT DISNEY COMPANY,Communication Services,2026-09-28,-0.0182
ECHO,ECHOSTAR CORPORATION,Communication Services,2026-09-28,0.0322
FOXA,FOX ,Communication Services,2026-09-28,-0.0637
GOOGL,ALPHABET INC.,Communication Services,2026-09-28,0.01
LYV,"LIVE NATION ENTERTAINMENT, INC.",Communication Services,2026-09-28,-0.0445
META,"META PLATFORMS, INC.",Communication Services,2026-09-28,0.2503
NFLX,"NETFLIX, INC.",Communication Services,2026-09-28,-0.1458
NWSA,NEWS CORP.,Communication Services,2026-09-28,-0.0524
OMC,OMNICOM GROUP INC.,Communication Services,2026-09-28,-0.142
PSKY,PARAMOUNT SKYDANCE ,Communication Services,2026-09-28,-0.0577
RDDT,"REDDIT, INC.",Communication Services,2026-09-28,-0.032
T,AT&T INC.,Communication Services,2026-09-28,-0.0382
TKO,"TKO GROUP HOLDINGS, INC.",Communication Services,2026-09-28,-0.0056
TMUS,"T-MOBILE US, INC.",Communication Services,2026-09-28,-0.0775
TTD,"THE TRADE DESK, INC.",Communication Services,2026-09-28,-0.1006
TTWO,"TAKE-TWO INTERACTIVE SOFTWARE, INC.",Communication Services,2026-09-28,-0.079
VZ,VERIZON COMMUNICATIONS INC.,Communication Services,2026-09-28,-0.0668
WBD,"WARNER BROS. DISCOVERY, INC.",Communication Services,2026-09-28,0.0831
ABNB,"AIRBNB, INC.",Consumer Discretionary,2026-09-28,-0.1481
AMZN,"AMAZON.COM, INC.",Consumer Discretionary,2026-09-28,-0.0524
APTV,APTIV PLC,Consumer Discretionary,2026-09-28,-0.025
AZO,"AUTOZONE, INC.",Consumer Discretionary,2026-09-28,-0.0261
BBY,"BEST BUY CO., INC.",Consumer Discretionary,2026-09-28,0.1218
BKNG,BOOKING HOLDINGS INC.,Consumer Discretionary,2026-09-28,-0.1769
CCL,CARNIVAL CORP,Consumer Discretionary,2026-09-28,-0.0733
CMG,"CHIPOTLE MEXICAN GRILL, INC.",Consumer Discretionary,2026-09-28,-0.1625
CVNA,CARVANA CO.,Consumer Discretionary,2026-09-28,-0.1768
DASH,"DOORDASH, INC.",Consumer Discretionary,2026-09-28,-0.2302
DECK,DECKERS OUTDOOR ,Consumer Discretionary,2026-09-28,-0.1001
DHI,"D.R. HORTON, INC.",Consumer Discretionary,2026-09-28,-0.0356
DPZ,"DOMINO'S PIZZA, INC.",Consumer Discretionary,2026-09-28,-0.1456
DRI,"DARDEN RESTAURANTS, INC.",Consumer Discretionary,2026-09-28,-0.0805
EBAY,EBAY INC.,Consumer Discretionary,2026-09-28,0.0363
EXPE,"EXPEDIA GROUP, INC.",Consumer Discretionary,2026-09-28,-0.1668
F,FORD MOTOR COMPANY,Consumer Discretionary,2026-09-28,-0.1119
GM,GENERAL MOTORS COMPANY,Consumer Discretionary,2026-09-28,-0.0658
GPC,GENUINE PARTS COMPANY,Consumer Discretionary,2026-09-28,-0.0556
GRMN,GARMIN LTD,Consumer Discretionary,2026-09-28,0.035
HAS,"HASBRO, INC.",Consumer Discretionary,2026-09-28,-0.0494
HD,"THE HOME DEPOT, INC.",Consumer Discretionary,2026-09-28,-0.1157
HLT,HILTON WORLDWIDE HOLDINGS INC.,Consumer Discretionary,2026-09-28,0.0126
LEN,LENNAR ,Consumer Discretionary,2026-09-28,-0.0247
LOW,"LOWE'S COMPANIES, INC.",Consumer Discretionary,2026-09-28,-0.0832
LULU,LULULEMON ATHLETICA INC.,Consumer Discretionary,2026-09-28,-0.1636
LVS,LAS VEGAS SANDS CORP.,Consumer Discretionary,2026-09-28,-0.1148
MAR,"MARRIOTT INTERNATIONAL, INC.",Consumer Discretionary,2026-09-28,0.0492
MCD,MCDONALD'S ,Consumer Discretionary,2026-09-28,-0.1136
MGM,MGM RESORTS INTERNATIONAL,Consumer Discretionary,2026-09-28,-0.2297
NCLH,NORWEGIAN CRUISE LINE HOLDINGS LTD.,Consumer Discretionary,2026-09-28,-0.1134
NKE,"NIKE, INC.",Consumer Discretionary,2026-09-28,-0.0684
NVR,"NVR, INC.",Consumer Discretionary,2026-09-28,-0.0075
ORLY,"O'REILLY AUTOMOTIVE, INC.",Consumer Discretionary,2026-09-28,-0.0258
PHM,"PULTEGROUP, INC.",Consumer Discretionary,2026-09-28,-0.0569
RCL,ROYAL CARIBBEAN CRUISES LTD.,Consumer Discretionary,2026-09-28,-0.0973
RL,RALPH LAUREN ,Consumer Discretionary,2026-09-28,0.0296
ROST,"ROSS STORES, INC.",Consumer Discretionary,2026-09-28,0.0374
SBUX,STARBUCKS ,Consumer Discretionary,2026-09-28,-0.1033
TJX,"THE TJX COMPANIES, INC.",Consumer Discretionary,2026-09-28,-0.0273
TPR,"TAPESTRY, INC.",Consumer Discretionary,2026-09-28,-0.0806
TSCO,TRACTOR SUPPLY COMPANY,Consumer Discretionary,2026-09-28,-0.0811
TSLA,"TESLA, INC.",Consumer Discretionary,2026-09-28,-0.0285
ULTA,"ULTA BEAUTY, INC.",Consumer Discretionary,2026-09-28,0.0224
WSM,"WILLIAMS-SONOMA, INC.",Consumer Discretionary,2026-09-28,0.0122
WYNN,"WYNN RESORTS, LIMITED",Consumer Discretionary,2026-09-28,-0.1179
YUM,"YUM! BRANDS, INC.",Consumer Discretionary,2026-09-28,-0.098
ADM,ARCHER-DANIELS-MIDLAND COMPANY.,Consumer Staples,2026-09-28,-0.0112
BF.B,BROWN-FORMAN ,Consumer Staples,2026-09-28,-0.0203
BG,BUNGE LIMITED,Consumer Staples,2026-09-28,-0.0615
CAG,"CONAGRA BRANDS, INC.",Consumer Staples,2026-09-28,-0.1161
CASY,"CASEY'S GENERAL STORES, INC.",Consumer Staples,2026-09-28,-0.1941
CHD,"CHURCH & DWIGHT CO., INC.",Consumer Staples,2026-09-28,-0.0417
CL,COLGATE-PALMOLIVE COMPANY,Consumer Staples,2026-09-28,-0.0367
CLX,THE CLOROX COMPANY,Consumer Staples,2026-09-28,-0.1665
COST,COSTCO WHOLESALE ,Consumer Staples,2026-09-28,-0.0222
DG,DOLLAR GENERAL ,Consumer Staples,2026-09-28,-0.0188
DLTR,"DOLLAR TREE, INC.",Consumer Staples,2026-09-28,-0.0835
EL,THE ESTEE LAUDER COMPANIES INC.,Consumer Staples,2026-09-28,-0.0658
GIS,"GENERAL MILLS, INC.",Consumer Staples,2026-09-28,-0.1845
HRL,HORMEL FOODS ,Consumer Staples,2026-09-28,-0.086
HSY,THE HERSHEY COMPANY,Consumer Staples,2026-09-28,-0.067
KDP,KEURIG DR PEPPER INC.,Consumer Staples,2026-09-28,-0.0126
KHC,THE KRAFT HEINZ COMPANY,Consumer Staples,2026-09-28,-0.0822
KMB,KIMBERLY-CLARK ,Consumer Staples,2026-09-28,-0.085
KO,THE COCA-COLA COMPANY,Consumer Staples,2026-09-28,-0.0168
KR,THE KROGER CO.,Consumer Staples,2026-09-28,0.0374
KVUE,KENVUE INC.,Consumer Staples,2026-09-28,-0.053
MDLZ,"MONDELEZ INTERNATIONAL, INC.",Consumer Staples,2026-09-28,-0.0304
MKC,"MCCORMICK & COMPANY, INC.",Consumer Staples,2026-09-28,-0.1062
MNST,MONSTER BEVERAGE ,Consumer Staples,2026-09-28,-0.0884
MO,"ALTRIA GROUP, INC.",Consumer Staples,2026-09-28,0.0095
PEP,"PEPSICO, INC.",Consumer Staples,2026-09-28,-0.0844
PG,THE PROCTER & GAMBLE COMPANY,Consumer Staples,2026-09-28,0.0269
PM,PHILIP MORRIS INTERNATIONAL INC.,Consumer Staples,2026-09-28,0.0345
SJM,THE J. M. SMUCKER COMPANY,Consumer Staples,2026-09-28,-0.0803
STZ,"CONSTELLATION BRANDS, INC.",Consumer Staples,2026-09-28,-0.1355
SYY,SYSCO ,Consumer Staples,2026-09-28,-0.031
TAP,MOLSON COORS BEVERAGE COMPANY,Consumer Staples,2026-09-28,-0.0878
TGT,TARGET ,Consumer Staples,2026-09-28,-0.0152
TSN,"TYSON FOODS, INC.",Consumer Staples,2026-09-28,-0.076
WMT,WALMART INC.,Consumer Staples,2026-09-28,0.0368
APA,APA ,Energy,2026-09-28,-0.019
BKR,BAKER HUGHES COMPANY,Energy,2026-09-28,-0.1012
COP,CONOCOPHILLIPS,Energy,2026-09-28,-0.0487
CVX,CHEVRON ,Energy,2026-09-28,0.0011
DVN,DEVON ENERGY ,Energy,2026-09-28,-0.0367
EOG,"EOG RESOURCES, INC.",Energy,2026-09-28,-0.0299
EQT,EQT ,Energy,2026-09-28,-0.0795
EXE,EXPAND ENERGY ,Energy,2026-09-28,-0.1309
FANG,"DIAMONDBACK ENERGY, INC.",Energy,2026-09-28,-0.0761
HAL,HALLIBURTON COMPANY,Energy,2026-09-28,-0.1199
KMI,"KINDER MORGAN, INC.",Energy,2026-09-28,-0.0499
MPC,MARATHON PETROLEUM ,Energy,2026-09-28,0.0432
OKE,"ONEOK, INC.",Energy,2026-09-28,-0.077
OXY,OCCIDENTAL PETROLEUM ,Energy,2026-09-28,-0.0678
PSX,PHILLIPS 66,Energy,2026-09-28,0.0283
SLB,SCHLUMBERGER N.V.,Energy,2026-09-28,-0.1433
TPL,TEXAS PACIFIC LAND ,Energy,2026-09-28,-0.0967
TRGP,TARGA RESOURCES CORP.,Energy,2026-09-28,-0.0552
VLO,VALERO ENERGY ,Energy,2026-09-28,0.0854
WMB,"THE WILLIAMS COMPANIES, INC.",Energy,2026-09-28,-0.0809
XOM,EXXON MOBIL ,Energy,2026-09-28,0.0098
UNG,UNITED STATES NAT GAS,Energy Complex,2026-09-28,0.0237
USO,UNITED STATES OIL FUND,Energy Complex,2026-09-28,0.122
ACGL,ARCH CAPITAL GROUP LTD.,Financials,2026-09-28,-0.0323
AFL,AFLAC INC.,Financials,2026-09-28,-0.0199
AIG,"AMERICAN INTERNATIONAL GROUP, INC.",Financials,2026-09-28,-0.0469
AIZ,"ASSURANT, INC.",Financials,2026-09-28,-0.065
AJG,ARTHUR J. GALLAGHER & CO.,Financials,2026-09-28,-0.1247
ALL,THE ALLSTATE ,Financials,2026-09-28,-0.1173
AMP,"AMERIPRISE FINANCIAL, INC.",Financials,2026-09-28,-0.103
AON,AON PLC,Financials,2026-09-28,-0.1537
APO,"APOLLO GLOBAL MANAGEMENT, INC.",Financials,2026-09-28,-0.1287
ARES,ARES MANAGEMENT CORP,Financials,2026-09-28,-0.1734
AXP,AMERICAN EXPRESS COMPANY,Financials,2026-09-28,-0.0722
BAC,BANK OF AMERICA ,Financials,2026-09-28,-0.1045
BEN,"FRANKLIN RESOURCES, INC.",Financials,2026-09-28,-0.043
BLK,"BLACKROCK, INC.",Financials,2026-09-28,-0.073
BNY,THE BANK OF NEW YORK MELLON ,Financials,2026-09-28,-0.0796
BRK.B,"BERKSHIRE HATHAWAY INC.,",Financials,2026-09-28,-0.0019
BRO,"BROWN & BROWN, INC.",Financials,2026-09-28,-0.1653
BX,BLACKSTONE INC,Financials,2026-09-28,-0.2002
C,CITIGROUP INC.,Financials,2026-09-28,-0.0024
CB,CHUBB LTD,Financials,2026-09-28,-0.0214
CBOE,"CBOE GLOBAL MARKETS, INC.",Financials,2026-09-28,-0.1564
CFG,"CITIZENS FINANCIAL GROUP, INC.",Financials,2026-09-28,-0.0591
CINF,CINCINNATI FINANCIAL ,Financials,2026-09-28,-0.047
CME,CME GROUP INC.,Financials,2026-09-28,-0.078
COF,CAPITAL ONE FINANCIAL ,Financials,2026-09-28,-0.0841
COIN,"COINBASE GLOBAL, INC.",Financials,2026-09-28,0.0195
CPAY,"FLEETCOR TECHNOLOGIES, INC.",Financials,2026-09-28,-0.02
EG,"EVEREST GROUP, LTD.",Financials,2026-09-28,-0.0129
ERIE,ERIE INDEMNITY COMPANY,Financials,2026-09-28,-0.1316
FDS,FACTSET RESEARCH SYSTEMS INC.,Financials,2026-09-28,-0.1463
FIS,FIDELITY NATIONAL INFORMATION SERVICES,Financials,2026-09-28,-0.1584
FISV,"FISERV, INC.",Financials,2026-09-28,-0.1367
FITB,FIFTH THIRD BANCORP,Financials,2026-09-28,-0.0409
GL,GLOBE LIFE INC.,Financials,2026-09-28,-0.0346
GPN,GLOBAL PAYMENTS INC.,Financials,2026-09-28,-0.0697
GS,"THE GOLDMAN SACHS GROUP, INC.",Financials,2026-09-28,-0.1069
HBAN,HUNTINGTON BANCSHARES INC.,Financials,2026-09-28,-0.0833
HIG,THE HARTFORD FINANCIAL SERVICES GROUP,Financials,2026-09-28,-0.0825
HOOD,"ROBINHOOD MARKETS, INC.",Financials,2026-09-28,0.1112
IBKR,"INTERACTIVE BROKERS GROUP, INC.",Financials,2026-09-28,-0.1049
ICE,"INTERCONTINENTAL EXCHANGE, INC.",Financials,2026-09-28,-0.0485
IVZ,INVESCO LTD.,Financials,2026-09-28,-0.0717
JKHY,"JACK HENRY & ASSOCIATES, INC.",Financials,2026-09-28,-0.1196
JPM,JPMORGAN CHASE & CO.,Financials,2026-09-28,-0.0546
KEY,KEYCORP,Financials,2026-09-28,-0.056
KKR,KKR & CO. INC.,Financials,2026-09-28,-0.1502
L,LOEWS ,Financials,2026-09-28,-0.0308
MA,MASTERCARD INC..,Financials,2026-09-28,-0.0357
MCO,MOODY'S ,Financials,2026-09-28,-0.0883
MET,"METLIFE, INC.",Financials,2026-09-28,0.0068
MRSH,"MARSH & MCLENNAN COMPANIES, INC.",Financials,2026-09-28,-0.1094
MS,MORGAN STANLEY,Financials,2026-09-28,-0.0923
MSCI,MSCI INC.,Financials,2026-09-28,-0.0489
MTB,M&T BANK ,Financials,2026-09-28,-0.0577
NDAQ,"NASDAQ, INC.",Financials,2026-09-28,-0.0607
NTRS,NORTHERN TRUST ,Financials,2026-09-28,-0.0593
PFG,"PRINCIPAL FINANCIAL GROUP, INC.",Financials,2026-09-28,0.0407
PGR,THE PROGRESSIVE ,Financials,2026-09-28,-0.0395
PNC,"THE PNC FINANCIAL SERVICES GROUP, INC.",Financials,2026-09-28,-0.0666
PRU,"PRUDENTIAL FINANCIAL, INC.",Financials,2026-09-28,-0.0128
PYPL,"PAYPAL HOLDINGS, INC.",Financials,2026-09-28,0.0306
RF,REGIONS FINANCIAL ,Financials,2026-09-28,-0.0877
RJF,"RAYMOND JAMES FINANCIAL, INC.",Financials,2026-09-28,-0.0955
SCHW,THE CHARLES SCHWAB ,Financials,2026-09-28,-0.1049
SPGI,S&P GLOBAL INC.,Financials,2026-09-28,-0.0916
STT,STATE STREET ,Financials,2026-09-28,-0.0609
SYF,SYNCHRONY FINANCIAL,Financials,2026-09-28,-0.0721
TFC,TRUIST FINANCIAL ,Financials,2026-09-28,-0.0502
TROW,"T. ROWE PRICE GROUP, INC.",Financials,2026-09-28,-0.0671
TRV,"THE TRAVELERS COMPANIES, INC.",Financials,2026-09-28,-0.0076
USB,U.S. BANCORP,Financials,2026-09-28,-0.0455
V,VISA INC.,Financials,2026-09-28,-0.0307
WFC,WELLS FARGO & COMPANY,Financials,2026-09-28,-0.0646
WRB,W. R. BERKLEY ,Financials,2026-09-28,0.0015
WTW,WILLIS TOWERS WATSON,Financials,2026-09-28,-0.1372
XYZ,"BLOCK, INC.",Financials,2026-09-28,-0.1062
GLD,SPDR GOLD,Gold,2026-09-28,-0.0747
A,"AGILENT TECHNOLOGIES, INC.",Health Care,2026-09-28,0.141
ABBV,ABBVIE INC.,Health Care,2026-09-28,0.0385
ABT,ABBOTT LABORATORIES,Health Care,2026-09-28,-0.085
ALGN,"ALIGN TECHNOLOGY, INC.",Health Care,2026-09-28,-0.0926
AMGN,AMGEN INC.,Health Care,2026-09-28,-0.0273
BAX,BAXTER INTERNATIONAL INC.,Health Care,2026-09-28,-0.0965
BDX,"BECTON, DICKINSON AND COMPANY",Health Care,2026-09-28,-0.0228
BIIB,BIOGEN INC.,Health Care,2026-09-28,0.0556
BMY,BRISTOL-MYERS SQUIBB COMPANY,Health Care,2026-09-28,-0.0439
BSX,BOSTON SCIENTIFIC ,Health Care,2026-09-28,-0.0867
CAH,"CARDINAL HEALTH, INC.",Health Care,2026-09-28,-0.0611
CI,THE CIGNA GROUP,Health Care,2026-09-28,-0.0154
CNC,CENTENE ,Health Care,2026-09-28,-0.0281
COO,"THE COOPER COMPANIES, INC.",Health Care,2026-09-28,-0.1929
COR,"CENCORA, INC.",Health Care,2026-09-28,-0.0612
CRL,CHARLES RIVER LABORATORIES,Health Care,2026-09-28,0.022
CVS,CVS HEALTH ,Health Care,2026-09-28,-0.0645
DGX,QUEST DIAGNOSTICS INC.,Health Care,2026-09-28,-0.0112
DHR,DANAHER ,Health Care,2026-09-28,0.0645
DVA,DAVITA INC.,Health Care,2026-09-28,0.0117
DXCM,"DEXCOM, INC.",Health Care,2026-09-28,-0.0481
ELV,"ELEVANCE HEALTH, INC.",Health Care,2026-09-28,0.0052
EW,EDWARDS LIFESCIENCES ,Health Care,2026-09-28,-0.0432
GEHC,GE HEALTHCARE TECHNOLOGIES INC.,Health Care,2026-09-28,-0.0625
GILD,"GILEAD SCIENCES, INC.",Health Care,2026-09-28,0.0401
HCA,"HCA HEALTHCARE, INC.",Health Care,2026-09-28,0.0438
HSIC,"HENRY SCHEIN, INC.",Health Care,2026-09-28,-0.0424
HUM,HUMANA INC.,Health Care,2026-09-28,0.0167
IDXX,"IDEXX LABORATORIES, INC.",Health Care,2026-09-28,-0.0496
INCY,INCYTE ,Health Care,2026-09-28,0.013
IQV,IQVIA HOLDINGS INC,Health Care,2026-09-28,0.0374
ISRG,"INTUITIVE SURGICAL, INC.",Health Care,2026-09-28,0.1006
JNJ,JOHNSON & JOHNSON,Health Care,2026-09-28,0.0229
LH,LABORATORY  OF AMERICA HOLDINGS,Health Care,2026-09-28,-0.0694
LLY,ELI LILLY AND COMPANY,Health Care,2026-09-28,0.0242
MCK,MCKESSON ,Health Care,2026-09-28,-0.0328
MDT,MEDTRONIC PUBLIC LIMITED COMPANY,Health Care,2026-09-28,-0.0127
MRK,"MERCK & CO., INC.",Health Care,2026-09-28,0.0063
MRNA,"MODERNA, INC.",Health Care,2026-09-28,0.4057
MTD,METTLER-TOLEDO INTERNATIONAL INC.,Health Care,2026-09-28,0.0997
PFE,PFIZER INC.,Health Care,2026-09-28,0.0091
PODD,INSULET ,Health Care,2026-09-28,-0.1046
REGN,"REGENERON PHARMACEUTICALS, INC.",Health Care,2026-09-28,-0.0586
RMD,RESMED INC.,Health Care,2026-09-28,-0.075
RVTY,"REVVITY, INC.",Health Care,2026-09-28,0.1737
SOLV,SOLVENTUM ,Health Care,2026-09-28,-0.0167
STE,STERIS PUBLIC LIMITED COMPANY,Health Care,2026-09-28,-0.093
SYK,STRYKER ,Health Care,2026-09-28,-0.1498
TECH,BIO-TECHNE ,Health Care,2026-09-28,0.0028
TMO,THERMO FISHER SCIENTIFIC INC.,Health Care,2026-09-28,0.0997
UHS,"UNIVERSAL HEALTH SERVICES, INC.",Health Care,2026-09-28,0.042
UNH,UNITEDHEALTH GROUP INC.,Health Care,2026-09-28,-0.0297
VEEV,VEEVA SYSTEMS INC.,Health Care,2026-09-28,-0.0201
VRTX,VERTEX PHARMACEUTICALS INC.,Health Care,2026-09-28,-0.0309
VTRS,VIATRIS INC.,Health Care,2026-09-28,0.1066
WAT,WATERS ,Health Care,2026-09-28,0.0683
WST,"WEST PHARMACEUTICAL SERVICES, INC.",Health Care,2026-09-28,0.1013
ZBH,"ZIMMER BIOMET HOLDINGS, INC.",Health Care,2026-09-28,-0.0842
ZTS,ZOETIS INC.,Health Care,2026-09-28,-0.0735
ADP,"AUTOMATIC DATA PROCESSING, INC.",Industrials,2026-09-28,-0.0851
ALLE,ALLEGION PUBLIC LIMITED COMPANY,Industrials,2026-09-28,0.0008
AME,"AMETEK, INC.",Industrials,2026-09-28,0.0702
AOS,A. O. SMITH ,Industrials,2026-09-28,-0.0127
AXON,"AXON ENTERPRISE, INC.",Industrials,2026-09-28,-0.2503
BA,THE BOEING COMPANY,Industrials,2026-09-28,-0.1126
BLDR,"BUILDERS FIRSTSOURCE, INC.",Industrials,2026-09-28,-0.1264
BR,"BROADRIDGE FINANCIAL SOLUTIONS, INC.",Industrials,2026-09-28,-0.1067
CARR,CARRIER GLOBAL ,Industrials,2026-09-28,-0.0404
CAT,CATERPILLAR INC.,Industrials,2026-09-28,0.0282
CHRW,"C.H. ROBINSON WORLDWIDE, INC.",Industrials,2026-09-28,-0.0095
CMI,CUMMINS INC.,Industrials,2026-09-28,-0.0825
CPRT,"COPART, INC.",Industrials,2026-09-28,-0.1749
CSX,CSX ,Industrials,2026-09-28,-0.0742
CTAS,CINTAS ,Industrials,2026-09-28,-0.006
DAL,"DELTA AIR LINES, INC.",Industrials,2026-09-28,0.0773
DE,DEERE & COMPANY,Industrials,2026-09-28,0.053
DOV,DOVER ,Industrials,2026-09-28,-0.0142
EFX,EQUIFAX INC.,Industrials,2026-09-28,-0.2293
EME,"EMCOR GROUP, INC.",Industrials,2026-09-28,0.0422
EMR,EMERSON ELECTRIC CO.,Industrials,2026-09-28,0.0456
ETN,EATON  PUBLIC LIMITED COMPANY,Industrials,2026-09-28,0.0735
EXPD,EXPEDITORS INTERNATIONAL OF WASHINGTON,Industrials,2026-09-28,-0.0056
FAST,FASTENAL COMPANY,Industrials,2026-09-28,0.0239
FDX,FEDEX ,Industrials,2026-09-28,-0.1153
FERG,FERGUSON ENTERPRISES INC.,Industrials,2026-09-28,0.0124
FIX,"COMFORT SYSTEMS USA, INC.",Industrials,2026-09-28,0.0729
FTV,FORTIVE ,Industrials,2026-09-28,-0.0523
GD,GENERAL DYNAMICS ,Industrials,2026-09-28,-0.1001
GE,GENERAL ELECTRIC COMPANY,Industrials,2026-09-28,-0.052
GEV,GE VERNOVA INC.,Industrials,2026-09-28,0.057
GNRC,GENERAC HOLDINGS INC.,Industrials,2026-09-28,0.107
GWW,"W.W. GRAINGER, INC.",Industrials,2026-09-28,-0.0411
HII,"HUNTINGTON INGALLS INDUSTRIES, INC.",Industrials,2026-09-28,-0.1173
HON,HONEYWELL INTERNATIONAL INC.,Industrials,2026-09-28,-0.0094
HUBB,HUBBELL INC.,Industrials,2026-09-28,0.0281
HWM,HOWMET AEROSPACE INC.,Industrials,2026-09-28,-0.0679
IEX,IDEX ,Industrials,2026-09-28,0.011
IR,INGERSOLL RAND INC.,Industrials,2026-09-28,-0.0087
ITW,ILLINOIS TOOL WORKS INC.,Industrials,2026-09-28,-0.0056
J,JACOBS SOLUTIONS INC.,Industrials,2026-09-28,-0.0717
JBHT,"J. B. HUNT TRANSPORT SERVICES, INC.",Industrials,2026-09-28,-0.1484
JCI,JOHNSON CONTROLS INTERNATIONAL PLC,Industrials,2026-09-28,0.077
LDOS,"LEIDOS HOLDINGS, INC.",Industrials,2026-09-28,-0.1274
LHX,"L3HARRIS TECHNOLOGIES, INC.",Industrials,2026-09-28,-0.1072
LII,LENNOX INTERNATIONAL INC.,Industrials,2026-09-28,-0.0372
LMT,LOCKHEED MARTIN ,Industrials,2026-09-28,-0.0768
LUV,SOUTHWEST AIRLINES CO.,Industrials,2026-09-28,0.0973
MAS,MASCO ,Industrials,2026-09-28,-0.0527
MMM,3M COMPANY,Industrials,2026-09-28,-0.0137
NDSN,NORDSON ,Industrials,2026-09-28,0.0298
NOC,NORTHROP GRUMMAN ,Industrials,2026-09-28,-0.0628
NSC,NORFOLK SOUTHERN ,Industrials,2026-09-28,-0.0868
ODFL,"OLD DOMINION FREIGHT LINE, INC.",Industrials,2026-09-28,-0.1156
OTIS,OTIS WORLDWIDE ,Industrials,2026-09-28,-0.0675
PAYX,"PAYCHEX, INC.",Industrials,2026-09-28,-0.2202
PCAR,PACCAR INC,Industrials,2026-09-28,-0.1005
PH,PARKER-HANNIFIN ,Industrials,2026-09-28,-0.0101
PNR,PENTAIR PUBLIC LIMITED COMPANY,Industrials,2026-09-28,-0.1229
PWR,"QUANTA SERVICES, INC.",Industrials,2026-09-28,0.0614
ROK,"ROCKWELL AUTOMATION, INC.",Industrials,2026-09-28,0.016
ROL,"ROLLINS, INC.",Industrials,2026-09-28,-0.1519
RSG,"REPUBLIC SERVICES, INC.",Industrials,2026-09-28,-0.0362
RTX,RTX ,Industrials,2026-09-28,-0.0966
SNA,SNAP-ON INC.,Industrials,2026-09-28,-0.0443
SWK,"STANLEY BLACK & DECKER, INC.",Industrials,2026-09-28,-0.0793
TDG,TRANSDIGM GROUP INC.,Industrials,2026-09-28,-0.0534
TT,TRANE TECHNOLOGIES PLC,Industrials,2026-09-28,0.0172
TXT,TEXTRON INC.,Industrials,2026-09-28,-0.0396
UAL,"UNITED AIRLINES HOLDINGS, INC.",Industrials,2026-09-28,0.0326
UBER,"UBER TECHNOLOGIES, INC.",Industrials,2026-09-28,-0.099
UNP,UNION PACIFIC ,Industrials,2026-09-28,-0.0884
UPS,"UNITED PARCEL SERVICE, INC.",Industrials,2026-09-28,-0.0957
URI,"UNITED RENTALS, INC.",Industrials,2026-09-28,0.0057
VLTO,VERALTO ,Industrials,2026-09-28,-0.024
VRSK,"VERISK ANALYTICS, INC.",Industrials,2026-09-28,-0.1342
VRT,VERTIV HOLDINGS CO,Industrials,2026-09-28,-0.0567
WAB,WESTINGHOUSE AIR BRAKE TECHNOLOGIES ,Industrials,2026-09-28,0.0225
WM,"WASTE MANAGEMENT, INC.",Industrials,2026-09-28,-0.057
XYL,XYLEM INC.,Industrials,2026-09-28,-0.0836
AAPL,APPLE INC.,Information Technology,2026-09-28,0.068
ACN,ACCENTURE PUBLIC LIMITED COMPANY,Information Technology,2026-09-28,-0.0806
ADBE,ADOBE INC.,Information Technology,2026-09-28,-0.211
ADI,"ANALOG DEVICES, INC.",Information Technology,2026-09-28,0.0919
ADSK,"AUTODESK, INC.",Information Technology,2026-09-28,-0.1986
AKAM,"AKAMAI TECHNOLOGIES, INC.",Information Technology,2026-09-28,0.0034
AMAT,"APPLIED MATERIALS, INC.",Information Technology,2026-09-28,0.0619
AMD,"ADVANCED MICRO DEVICES, INC.",Information Technology,2026-09-28,0.2914
ANET,"ARISTA NETWORKS, INC.",Information Technology,2026-09-28,0.0472
APH,AMPHENOL ,Information Technology,2026-09-28,0.0674
APP,APPLOVIN CORP,Information Technology,2026-09-28,-0.0122
AVGO,BROADCOM INC.,Information Technology,2026-09-28,-0.0561
CDNS,"CADENCE DESIGN SYSTEMS, INC.",Information Technology,2026-09-28,-0.0357
CDW,CDW ,Information Technology,2026-09-28,-0.1402
CIEN,CIENA CORPORATION,Information Technology,2026-09-28,-0.1009
COHR,COHERENT CORP.,Information Technology,2026-09-28,0.0166
CRM,"SALESFORCE, INC.",Information Technology,2026-09-28,-0.1175
CRWD,"CROWDSTRIKE HOLDINGS, INC.",Information Technology,2026-09-28,0.1223
CSCO,"CISCO SYSTEMS, INC.",Information Technology,2026-09-28,-0.0339
CTSH,COGNIZANT TECHNOLOGY SOLUTIONS ,Information Technology,2026-09-28,-0.1212
DDOG,"DATADOG, INC.",Information Technology,2026-09-28,0.1336
DELL,DELL TECHNOLOGIES INC.,Information Technology,2026-09-28,0.1917
EPAM,"EPAM SYSTEMS, INC.",Information Technology,2026-09-28,-0.0872
FFIV,"F5, INC.",Information Technology,2026-09-28,0.0698
FICO,FAIR ISAAC ,Information Technology,2026-09-28,-0.267
FLEX,FLEX LTD.,Information Technology,2026-09-28,0.0347
FSLR,"FIRST SOLAR, INC.",Information Technology,2026-09-28,-0.1433
FTNT,"FORTINET, INC.",Information Technology,2026-09-28,0.0316
GDDY,GODADDY INC.,Information Technology,2026-09-28,-0.0426
GEN,GEN DIGITAL INC.,Information Technology,2026-09-28,-0.3274
GLW,CORNING INC.,Information Technology,2026-09-28,0.0192
HPE,HEWLETT PACKARD ENTERPRISE COMPANY,Information Technology,2026-09-28,0.1989
HPQ,HP INC.,Information Technology,2026-09-28,0.0433
IBM,INTERNATIONAL BUSINESS MACHINES ,Information Technology,2026-09-28,-0.0564
INTC,INTEL ,Information Technology,2026-09-28,0.2963
INTU,INTUIT INC.,Information Technology,2026-09-28,-0.2502
IT,"GARTNER, INC.",Information Technology,2026-09-28,-0.0625
JBL,JABIL INC.,Information Technology,2026-09-28,0.0448
KEYS,"KEYSIGHT TECHNOLOGIES, INC.",Information Technology,2026-09-28,0.1148
KLAC,KLA ,Information Technology,2026-09-28,0.0782
LITE,LUMENTUM HOLDINGS INC.,Information Technology,2026-09-28,0.0072
LRCX,LAM RESEARCH ,Information Technology,2026-09-28,0.0431
MCHP,MICROCHIP TECHNOLOGY INC.,Information Technology,2026-09-28,0.0615
MPWR,"MONOLITHIC POWER SYSTEMS, INC.",Information Technology,2026-09-28,0.0658
MRVL,"MARVELL TECHNOLOGY, INC.",Information Technology,2026-09-28,0.1901
MSFT,MICROSOFT ,Information Technology,2026-09-28,0.0038
MSI,"MOTOROLA SOLUTIONS, INC.",Information Technology,2026-09-28,-0.0685
MU,"MICRON TECHNOLOGY, INC.",Information Technology,2026-09-28,0.0994
NOW,"SERVICENOW, INC.",Information Technology,2026-09-28,-0.1118
NTAP,"NETAPP, INC.",Information Technology,2026-09-28,0.1032
NVDA,NVIDIA ,Information Technology,2026-09-28,0.0366
NXPI,NXP SEMICONDUCTORS NV,Information Technology,2026-09-28,0.052
ON,ON SEMICONDUCTOR ,Information Technology,2026-09-28,0.0211
ORCL,ORACLE ,Information Technology,2026-09-28,-0.1108
PANW,"PALO ALTO NETWORKS, INC.",Information Technology,2026-09-28,0.0261
PLTR,PALANTIR TECHNOLOGIES INC.,Information Technology,2026-09-28,0.0059
PTC,PTC INC.,Information Technology,2026-09-28,-0.1031
Q,"QNITY ELECTRONICS, INC.",Information Technology,2026-09-28,0.0459
QCOM,QUALCOMM INC.,Information Technology,2026-09-28,0.0997
ROP,"ROPER TECHNOLOGIES, INC.",Information Technology,2026-09-28,-0.1664
SMCI,"SUPER MICRO COMPUTER, INC.",Information Technology,2026-09-28,0.1207
SNDK,SANDISK CORPORATION,Information Technology,2026-09-28,0.0933
SNPS,"SYNOPSYS, INC.",Information Technology,2026-09-28,-0.05
STX,SEAGATE TECHNOLOGY HOLDINGS,Information Technology,2026-09-28,0.1124
SWKS,"SKYWORKS SOLUTIONS, INC.",Information Technology,2026-09-28,0.3071
TDY,TELEDYNE TECHNOLOGIES INC.,Information Technology,2026-09-28,-0.0035
TEL,TE CONNECTIVITY LTD,Information Technology,2026-09-28,0.0461
TER,"TERADYNE, INC.",Information Technology,2026-09-28,0.1471
TRMB,TRIMBLE INC.,Information Technology,2026-09-28,-0.0405
TXN,TEXAS INSTRUMENTS INC.,Information Technology,2026-09-28,0.0667
TYL,"TYLER TECHNOLOGIES, INC.",Information Technology,2026-09-28,-0.1295
VRSN,"VERISIGN, INC.",Information Technology,2026-09-28,-0.0215
WDAY,"WORKDAY, INC.",Information Technology,2026-09-28,-0.0448
WDC,WESTERN DIGITAL ,Information Technology,2026-09-28,0.0059
ZBRA,ZEBRA TECHNOLOGIES ,Information Technology,2026-09-28,0.0518
ALB,ALBEMARLE ,Materials,2026-09-28,-0.2043
AMCR,AMCOR PLC,Materials,2026-09-28,-0.0676
APD,"AIR PRODUCTS AND CHEMICALS, INC.",Materials,2026-09-28,-0.0992
AVY,AVERY DENNISON ,Materials,2026-09-28,-0.0128
BALL,BALL ,Materials,2026-09-28,-0.0927
CF,"CF INDUSTRIES HOLDINGS, INC.",Materials,2026-09-28,-0.1117
CRH,CRH PUBLIC LIMITED COMPANY,Materials,2026-09-28,-0.1118
CTVA,"CORTEVA, INC.",Materials,2026-09-28,-0.0814
DD,"DUPONT DE NEMOURS, INC.",Materials,2026-09-28,-0.0268
DOW,DOW INC.,Materials,2026-09-28,-0.0862
ECL,ECOLAB INC.,Materials,2026-09-28,-0.0105
FCX,FREEPORT-MCMORAN INC.,Materials,2026-09-28,-0.0499
IFF,INTERNATIONAL FLAVORS & FRAGRANCES INC.,Materials,2026-09-28,-0.0071
IP,INTERNATIONAL PAPER COMPANY,Materials,2026-09-28,-0.1036
LIN,LINDE PUBLIC LIMITED COMPANY,Materials,2026-09-28,-0.0358
LYB,LYONDELLBASELL INDUSTRIES NV,Materials,2026-09-28,-0.1046
MLM,"MARTIN MARIETTA MATERIALS, INC.",Materials,2026-09-28,-0.0538
MOS,THE MOSAIC COMPANY,Materials,2026-09-28,-0.0775
NEM,NEWMONT ,Materials,2026-09-28,-0.0794
NUE,NUCOR ,Materials,2026-09-28,-0.0206
PKG,PACKAGING  OF AMERICA,Materials,2026-09-28,0.0025
PPG,"PPG INDUSTRIES, INC.",Materials,2026-09-28,-0.046
SHW,THE SHERWIN-WILLIAMS COMPANY,Materials,2026-09-28,-0.0178
STLD,"STEEL DYNAMICS, INC.",Materials,2026-09-28,-0.0096
SW,SMURFIT WESTROCK PUBLIC LIMITED COMPANY,Materials,2026-09-28,-0.039
VMC,VULCAN MATERIALS COMPANY,Materials,2026-09-28,-0.0869
AMT,AMERICAN TOWER ,Real Estate,2026-09-28,-0.0438
ARE,"ALEXANDRIA REAL ESTATE EQUITIES, INC.",Real Estate,2026-09-28,-0.0513
BXP,"BOSTON PROPERTIES, INC.",Real Estate,2026-09-28,-0.0818
CBRE,"CBRE GROUP, INC.",Real Estate,2026-09-28,-0.106
CCI,CROWN CASTLE INC.,Real Estate,2026-09-28,-0.1187
CPT,CAMDEN PROPERTY TRUST,Real Estate,2026-09-28,-0.0699
CSGP,"COSTAR GROUP, INC.",Real Estate,2026-09-28,-0.1575
DLR,"DIGITAL REALTY TRUST, INC.",Real Estate,2026-09-28,-0.0453
DOC,"HEALTHDOC PROPERTIES, INC.",Real Estate,2026-09-28,-0.0346
EQIX,"EQUINIX, INC.",Real Estate,2026-09-28,-0.0341
EQR,EQUITY RESIDENTIAL,Real Estate,2026-09-28,-0.0579
ESS,"ESSEX PROPERTY TRUST, INC.",Real Estate,2026-09-28,-0.0352
EXR,EXTRA SPACE STORAGE INC.,Real Estate,2026-09-28,-0.0668
FRT,FEDERAL REALTY INVESTMENT TRUST,Real Estate,2026-09-28,-0.0534
HST,"HOST HOTELS & RESORTS, INC.",Real Estate,2026-09-28,0.0333
INVH,INVITATION HOMES INC.,Real Estate,2026-09-28,-0.0892
IRM,IRON MOUNTAIN INC.,Real Estate,2026-09-28,-0.0373
KIM,KIMCO REALTY .,Real Estate,2026-09-28,-0.0515
MAA,"MID-AMERICA APARTMENT COMMUNITIES, INC.",Real Estate,2026-09-28,-0.0816
O,REALTY INCOME ,Real Estate,2026-09-28,-0.0968
PLD,"PROLOGIS, INC.",Real Estate,2026-09-28,-0.0535
PSA,PUBLIC STORAGE.,Real Estate,2026-09-28,-0.0723
REG,REGENCY CENTERS ,Real Estate,2026-09-28,-0.0193
SBAC,SBA COMMUNICATIONS ,Real Estate,2026-09-28,-0.1383
SPG,"SIMON PROPERTY GROUP, INC.",Real Estate,2026-09-28,-0.0367
UDR,"UDR, INC.",Real Estate,2026-09-28,-0.0844
VICI,VICI PROPERTIES INC.,Real Estate,2026-09-28,-0.0959
VTR,"VENTAS, INC.",Real Estate,2026-09-28,-0.0453
WELL,WELLTOWER INC.,Real Estate,2026-09-28,-0.0139
WY,WEYERHAEUSER COMPANY,Real Estate,2026-09-28,-0.1562
DXY,US DOLLAR INDEX,USD,2026-09-28,0.0175
AEE,AMEREN ,Utilities,2026-09-28,-0.0624
AEP,"AMERICAN ELECTRIC POWER COMPANY, INC.",Utilities,2026-09-28,-0.0346
AES,THE AES ,Utilities,2026-09-28,0.0088
ATO,ATMOS ENERGY ,Utilities,2026-09-28,-0.0547
AWK,"AMERICAN WATER WORKS COMPANY, INC.",Utilities,2026-09-28,-0.0673
CEG,CONSTELLATION ENERGY,Utilities,2026-09-28,-0.0522
CMS,CMS ENERGY ,Utilities,2026-09-28,-0.0802
CNP,"CENTERPOINT ENERGY, INC.",Utilities,2026-09-28,-0.0753
D,"DOMINION ENERGY, INC.",Utilities,2026-09-28,-0.0868
DTE,DTE ENERGY COMPANY,Utilities,2026-09-28,-0.1091
DUK,DUKE ENERGY ,Utilities,2026-09-28,-0.0542
ED,"CONSOLIDATED EDISON, INC.",Utilities,2026-09-28,-0.0392
EIX,EDISON INTERNATIONAL,Utilities,2026-09-28,-0.0465
ES,EVERSOURCE ENERGY,Utilities,2026-09-28,-0.0978
ETR,ENTERGY ,Utilities,2026-09-28,-0.0772
EVRG,"EVERGY, INC.",Utilities,2026-09-28,-0.0384
EXC,EXELON ,Utilities,2026-09-28,-0.0778
FE,FIRSTENERGY CORP.,Utilities,2026-09-28,-0.0619
LNT,ALLIANT ENERGY ,Utilities,2026-09-28,-0.0702
NEE,"NEXTERA ENERGY, INC.",Utilities,2026-09-28,-0.0832
NI,NISOURCE INC.,Utilities,2026-09-28,-0.0445
NRG,"NRG ENERGY, INC.",Utilities,2026-09-28,-0.1191
PCG,PG&E ,Utilities,2026-09-28,-0.0995
PEG,PUBLIC SERVICE ENTERPRISE GROUP INC.,Utilities,2026-09-28,-0.09
PNW,PINNACLE WEST CAPITAL ,Utilities,2026-09-28,-0.0647
PPL,PPL ,Utilities,2026-09-28,-0.0592
SO,THE SOUTHERN COMPANY,Utilities,2026-09-28,-0.0642
SRE,SEMPRA,Utilities,2026-09-28,-0.0589
VST,VISTRA CORP.,Utilities,2026-09-28,0.0047
WEC,"WEC ENERGY GROUP, INC.",Utilities,2026-09-28,-0.0445
XEL,XCEL ENERGY INC.,Utilities,2026-09-28,-0.0832
FVX,5 YR TSY YLD NDX,Yields,2026-09-28,0.1242
TNX,10 Y TSY YLD NDX,Yields,2026-09-28,0.1008
TYX,30 Y TSY YLD NDX,Yields,2026-09-28,0.059
ASC,ARDMORE SHIPPING ,,2026-09-28,0.0437
BTC=F,BITCOIN FUTURES,,2026-09-28,0.0638
BTI,BRITISH AMERICAN TOBACCO P.L.C.,,2026-09-28,0.0086
BTU,PEABODY ENERGY ,,2026-09-28,-0.1529
CALM,"CAL-MAINE FOODS, INC.",,2026-09-28,-0.1465
CANE,TEUCRIUM:SUGAR,,2026-09-28,-0.008
CCJ,CAMECO ,,2026-09-28,-0.1187
CMBT,CMB.TECH NV,,2026-09-28,0.0421
CMRE,COSTAMARE INC.,,2026-09-28,-0.0366
CNR,"CORE NATURAL RESOURCES, INC.",,2026-09-28,-0.1359
COMT,ISHARES:GSCI COMM DYN RS,,2026-09-28,0.0511
CORN,TEUCRIUM:CORN,,2026-09-28,-0.0264
CPER,UNITED STATES COPPER IDX,,2026-09-28,-0.008
CRESY,CRESUD INC.,,2026-09-28,0.0374
DBA,INVESCO DB MS AGRI,,2026-09-28,-0.0365
DBB,INVESCO DB MS BMTL,,2026-09-28,-0.0043
DBC,INVESCO DB CM IDX,,2026-09-28,0.038
DHT,"DHT HOLDINGS, INC.",,2026-09-28,0.1173
DIA,SPDR DOW JONES INDUS AVG,,2026-09-28,-0.033
DJI,DOW JONES INDUSTRIAL AVG INDEX,,2026-09-28,-0.032
EC,ECOPETROL SA,,2026-09-28,0.0018
ECH,ISHARES:MSCI CHILE,,2026-09-28,-0.0538
EDEN,ISHARES:MSCI DENMARK,,2026-09-28,-0.0581
EFNL,ISHARES:MSCI FINLAND,,2026-09-28,-0.0053
EIDO,ISHARES:MSCI INDONESIA,,2026-09-28,-0.0676
EIRL,ISHARES:MSCI IRELAND,,2026-09-28,0.0
EIS,ISHARES:MSCI ISRAEL,,2026-09-28,-0.0118
ENZL,ISHARES:MSCI NEW ZLND,,2026-09-28,-0.0582
EPHE,ISHARES:MSCI PHILIPPINES,,2026-09-28,-0.0269
EPOL,ISHARES:MSCI POLAND,,2026-09-28,0.0127
EPU,ISHARES:MSCI PERU,,2026-09-28,-0.0232
ES=F,E-MINI S&P 500 FUTURES,,2026-09-28,0.0062
EWA,ISHARES:MSCI AUSTRALIA,,2026-09-28,-0.0506
EWC,ISHARES:MSCI CANADA,,2026-09-28,-0.0384
EWD,ISHARES:MSCI SWEDEN,,2026-09-28,-0.0461
EWG,ISHARES:MSCI GERMANY,,2026-09-28,-0.0475
EWH,ISHARES:MSCI HONG KONG,,2026-09-28,-0.0218
EWI,ISHARES:MSCI ITALY,,2026-09-28,-0.036
EWJ,ISHARES:MSCI JAPAN,,2026-09-28,0.0099
EWK,ISHARES:MSCI BELGIUM,,2026-09-28,-0.0363
EWL,ISHARES:MSCI SWITZERLAND,,2026-09-28,-0.0379
EWM,ISHARES:MSCI MALAYSIA,,2026-09-28,-0.0254
EWN,ISHARES:MSCI NETHERLANDS,,2026-09-28,-0.0032
EWO,ISHARES:MSCI AUSTRIA,,2026-09-28,0.0066
EWP,ISHARES:MSCI SPAIN,,2026-09-28,-0.0282
EWQ,ISHARES:MSCI FRANCE,,2026-09-28,-0.0454
EWS,ISHARES:MSCI SINGAPORE,,2026-09-28,-0.0179
EWT,ISHARES:MSCI TAIWAN,,2026-09-28,0.0568
EWU,ISHARES:MSCI UK,,2026-09-28,-0.0227
EWW,ISHARES:MSCI MEXICO,,2026-09-28,-0.0567
EWY,ISHARES:MSCI S KOREA,,2026-09-28,0.015
EWZ,ISHARES:MSCI BRAZIL,,2026-09-28,0.005
FRO,FRONTLINE PLC,,2026-09-28,0.0987
FTI,TECHNIPFMC PLC,,2026-09-28,-0.0964
FXA,INVESCO:AU DOLLAR,,2026-09-28,-0.0206
FXB,INVESCO:GBP STERLING,,2026-09-28,-0.022
FXC,INVESCO:CANADIAN DOLLAR,,2026-09-28,-0.0244
FXE,INVESCO:EURO,,2026-09-28,-0.0218
FXY,INVESCO:JAPANESE YEN,,2026-09-28,0.0145
GDX,VANECK:GOLD MINERS,,2026-09-28,-0.1078
GDXJ,VANECK:JR GOLD MINERS,,2026-09-28,-0.1081
GEOS,GEOSPACE TECHNOLOGIES ,,2026-09-28,-0.0721
GGB,GERDAU SA,,2026-09-28,0.0369
GLATF,GLOBAL ATOMIC ,,2026-09-28,-0.2927
GNK,GENCO SHIPPING & TRADING LIMITED,,2026-09-28,-0.0114
GREK,GLBL X MSCI GREECE,,2026-09-28,0.0085
HLX,"HELIX ENERGY SOLUTIONS GROUP, INC.",,2026-09-28,-0.2291
HYD,VANECK:HIGH YIELD MUNI,,2026-09-28,-0.044
ICL,ICL GROUP LTD,,2026-09-28,-0.1224
INDA,ISHARES:MSCI INDIA,,2026-09-28,-0.0525
IWD,ISHARES:RUSS 1000 VL ETF,,2026-09-28,-0.0267
IWF,ISHARES:RUSS 1000 GR ETF,,2026-09-28,0.0203
IWM,ISHARES:RUSS 2000 ETF,,2026-09-28,-0.0473
JNK,SPDR BBG HIGH YIELD BD,,2026-09-28,-0.0302
MCHI,ISHARES:MSCI CHINA,,2026-09-28,-0.0398
MDY,SPDR S&P MIDCAP 400 ETF,,2026-09-28,-0.0379
MP,MP MATERIALS CORP,,2026-09-28,-0.1516
MTUM,ISHARES:MSCI USA MOM FCT,,2026-09-28,0.0507
MUB,ISHARES:NATL MUNI BOND,,2026-09-28,-0.0427
NDX,NASDAQ 100 INDEX,,2026-09-28,0.0278
NORW,GLBL X MSCI NORWAY ETF,,2026-09-28,-0.0297
NOV,NOV INC.,,2026-09-28,-0.0841
NQ=F,NASDAQ 100 FUTURES,,2026-09-28,0.0374
OEF,ISHARES:S&P 100,,2026-09-28,0.0084
PAM,PAMPA ENERGIA SA,,2026-09-28,-0.0701
PBR,BRAZILIAN PETROLEUM  - PETROBRAS,,2026-09-28,0.0672
PFF,ISHARES:PREF AND INC SEC,,2026-09-28,-0.0289
POWA,INVESCO BLOOMBERG PRICING POWER,,2026-09-28,-0.0391
PPLT,ABRDN:PHYSICAL PLATINUM,,2026-09-28,-0.0418
QAT,ISHARES:MSCI QATAR,,2026-09-28,-0.0477
QQQ,INVESCO QQQ TRUST 1,,2026-09-28,0.0276
QUAL,ISHARES:MSCI USA QF,,2026-09-28,0.0011
RIG,TRANSOCEAN LTD,,2026-09-28,-0.0912
ROKU,"ROKU, INC.",,2026-09-28,-0.0271
RSP,INVESCO S&P500 EWGHT,,2026-09-28,-0.044
RUT,RUSSELL 2000 INDEX,,2026-09-28,-0.0469
SBLK,STAR BULK CARRIERS CORP.,,2026-09-28,-0.0509
SCHP,SCHWAB STR:US TIPS,,2026-09-28,-0.0286
SD,"SANDRIDGE ENERGY, INC.",,2026-09-28,-0.0368
SDY,SPDR S&P DIVIDEND,,2026-09-28,-0.0527
SILJ,ETFMG PRIME JR SILVR MNR,,2026-09-28,-0.1193
SLV,ISHARES:SILVER TRUST,,2026-09-28,-0.0861
SM,SM ENERGY COMPANY,,2026-09-28,-0.0976
SMH,VANECK:SEMICONDUCTOR,,2026-09-28,0.0779
SOYB,TEUCRIUM:SOYBEAN,,2026-09-28,0.004
SPHB,INVESCO S&P500 HI BE,,2026-09-28,0.0287
SPLV,INVESCO S&P500 LOWVL,,2026-09-28,-0.0478
SPX,S&P 500 INDEX,,2026-09-28,-0.0003
SPY,SPDR S&P 500 ETF,,2026-09-28,-0.0019
STLA,STELLANTIS NV,,2026-09-28,-0.1585
STNG,SCORPIO TANKERS INC.,,2026-09-28,0.0549
TAGS,TEUCRIUM:AGRICULTURAL,,2026-09-28,-0.0328
TDW,TIDEWATER INC.,,2026-09-28,-0.1058
TECK,TECK RESOURCES LIMITED,,2026-09-28,-0.0435
THD,ISHARES:MSCI THAI,,2026-09-28,0.0021
TS,TENARIS SA,,2026-09-28,0.0045
TUR,ISHARES:MSCI TURKEY,,2026-09-28,-0.1212
URA,GLBL X URANIUM ETF,,2026-09-28,-0.1182
URNM,SPROTT URANIUM MINERS,,2026-09-28,-0.1565
UUP,INVESCO DB USD IDX BL,,2026-09-28,0.0206
VAL,VALARIS LIMITED,,2026-09-28,-0.0782
VIX,CBOE MKT VOLATILITY IDX,,2026-09-28,0.0771
VNM,VANECK:VIETNAM,,2026-09-28,-0.0537
VXN,CBOE NASDAQ MKT VOL NDX,,2026-09-28,0.0966
WEAT,TEUCRIUM:WHEAT,,2026-09-28,-0.1021
XES,SPDR S&P OIL&GAS E&S,,2026-09-28,-0.0914
XLB,SEL SECTOR:MATRLS SPDR,,2026-09-28,-0.0611
XLC,SEL SECTOR:COMM SVC SPDR,,2026-09-28,-0.0025
XLE,SEL SECTOR:ENERGY SPDR,,2026-09-28,-0.0291
XLF,SEL SECTOR:FINL S SPDR,,2026-09-28,-0.061
XLI,SEL SECTOR:INDUST SPDR,,2026-09-28,-0.0363
XLK,SEL SECTOR:TECH SPDR,,2026-09-28,0.0431
XLP,SEL SECTOR:C STP SPDR,,2026-09-28,-0.0318
XLRE,SEL SECTOR:RL EST SPDR,,2026-09-28,-0.0626
XLU,SEL SECTOR:UTIL SPDR,,2026-09-28,-0.0706
XLV,SEL SECTOR:H CARE SPDR,,2026-09-28,0.0042
XLY,SEL SECTOR:C DSC SPDR,,2026-09-28,-0.0651
XOP,SPDR S&P OIL&GAS EXP,,2026-09-28,-0.0467
