Ticker,Ticker_name,Exposure,Date,qtd_pct_change
EDV,VANGUARD EXT DUR T;ETF,Bonds,2026-10-06,-0.0193
HYG,ISHARES:IBOXX $HY CORP,Bonds,2026-10-06,0.0008
IEF,ISHARES:7-10 TRS BD ETF,Bonds,2026-10-06,-0.002
LQD,ISHARES:IBOXX $IG CORP,Bonds,2026-10-06,-0.0004
SHY,ISHARES:1-3 TRS BD ETF,Bonds,2026-10-06,-0.0009
STIP,ISHARES:0-5 TIPS BD ETF,Bonds,2026-10-06,0.0029
TIP,ISHARES:TIPS BD ETF,Bonds,2026-10-06,0.0013
TLT,ISHARES:20+ TRS BD ETF,Bonds,2026-10-06,-0.0064
CHTR,"CHARTER COMMUNICATIONS, INC.",Communication Services,2026-10-06,-0.0204
CMCSA,COMCAST ,Communication Services,2026-10-06,-0.0092
DIS,THE WALT DISNEY COMPANY,Communication Services,2026-10-06,-0.0083
ECHO,ECHOSTAR CORPORATION,Communication Services,2026-10-06,0.1186
FOXA,FOX ,Communication Services,2026-10-06,-0.0091
GOOGL,ALPHABET INC.,Communication Services,2026-10-06,0.0105
LYV,"LIVE NATION ENTERTAINMENT, INC.",Communication Services,2026-10-06,0.0148
META,"META PLATFORMS, INC.",Communication Services,2026-10-06,0.0189
NFLX,"NETFLIX, INC.",Communication Services,2026-10-06,-0.0128
NWSA,NEWS CORP.,Communication Services,2026-10-06,-0.0035
OMC,OMNICOM GROUP INC.,Communication Services,2026-10-06,0.02
RDDT,"REDDIT, INC.",Communication Services,2026-10-06,0.0457
SKYD,PARAMOUNT SKYDANCE ,Communication Services,2026-10-06,-0.0774
T,AT&T INC.,Communication Services,2026-10-06,0.0012
TKO,"TKO GROUP HOLDINGS, INC.",Communication Services,2026-10-06,-0.0181
TMUS,"T-MOBILE US, INC.",Communication Services,2026-10-06,0.0175
TTD,"THE TRADE DESK, INC.",Communication Services,2026-10-06,-0.0205
TTWO,"TAKE-TWO INTERACTIVE SOFTWARE, INC.",Communication Services,2026-10-06,-0.024
VZ,VERIZON COMMUNICATIONS INC.,Communication Services,2026-10-06,0.0024
WBD,"WARNER BROS. DISCOVERY, INC.",Communication Services,2026-10-06,0.0
ABNB,"AIRBNB, INC.",Consumer Discretionary,2026-10-06,-0.0016
AMZN,"AMAZON.COM, INC.",Consumer Discretionary,2026-10-06,0.0287
APTV,APTIV PLC,Consumer Discretionary,2026-10-06,0.0395
AZO,"AUTOZONE, INC.",Consumer Discretionary,2026-10-06,0.0242
BBY,"BEST BUY CO., INC.",Consumer Discretionary,2026-10-06,-0.0384
BKNG,BOOKING HOLDINGS INC.,Consumer Discretionary,2026-10-06,-0.0324
CCL,CARNIVAL CORP,Consumer Discretionary,2026-10-06,0.0831
CMG,"CHIPOTLE MEXICAN GRILL, INC.",Consumer Discretionary,2026-10-06,-0.0329
CVNA,CARVANA CO.,Consumer Discretionary,2026-10-06,0.0214
DASH,"DOORDASH, INC.",Consumer Discretionary,2026-10-06,0.0549
DECK,DECKERS OUTDOOR ,Consumer Discretionary,2026-10-06,0.045
DHI,"D.R. HORTON, INC.",Consumer Discretionary,2026-10-06,0.0007
DPZ,"DOMINO'S PIZZA, INC.",Consumer Discretionary,2026-10-06,0.0109
DRI,"DARDEN RESTAURANTS, INC.",Consumer Discretionary,2026-10-06,0.0512
EBAY,EBAY INC.,Consumer Discretionary,2026-10-06,0.0095
EXPE,"EXPEDIA GROUP, INC.",Consumer Discretionary,2026-10-06,-0.0125
F,FORD MOTOR COMPANY,Consumer Discretionary,2026-10-06,0.0182
GM,GENERAL MOTORS COMPANY,Consumer Discretionary,2026-10-06,0.0651
GPC,GENUINE PARTS COMPANY,Consumer Discretionary,2026-10-06,0.013
GRMN,GARMIN LTD,Consumer Discretionary,2026-10-06,-0.0266
HAS,"HASBRO, INC.",Consumer Discretionary,2026-10-06,0.0382
HD,"THE HOME DEPOT, INC.",Consumer Discretionary,2026-10-06,0.0077
HLT,HILTON WORLDWIDE HOLDINGS INC.,Consumer Discretionary,2026-10-06,0.0141
LEN,LENNAR ,Consumer Discretionary,2026-10-06,-0.0512
LOW,"LOWE'S COMPANIES, INC.",Consumer Discretionary,2026-10-06,-0.0034
LULU,LULULEMON ATHLETICA INC.,Consumer Discretionary,2026-10-06,-0.0268
LVS,LAS VEGAS SANDS CORP.,Consumer Discretionary,2026-10-06,-0.0397
MAR,"MARRIOTT INTERNATIONAL, INC.",Consumer Discretionary,2026-10-06,0.0158
MCD,MCDONALD'S ,Consumer Discretionary,2026-10-06,0.0065
MGM,MGM RESORTS INTERNATIONAL,Consumer Discretionary,2026-10-06,-0.0164
NCLH,NORWEGIAN CRUISE LINE HOLDINGS LTD.,Consumer Discretionary,2026-10-06,0.058
NKE,"NIKE, INC.",Consumer Discretionary,2026-10-06,-0.0223
NVR,"NVR, INC.",Consumer Discretionary,2026-10-06,-0.0175
ORLY,"O'REILLY AUTOMOTIVE, INC.",Consumer Discretionary,2026-10-06,-0.0032
PHM,"PULTEGROUP, INC.",Consumer Discretionary,2026-10-06,0.0003
RCL,ROYAL CARIBBEAN CRUISES LTD.,Consumer Discretionary,2026-10-06,0.0862
RL,RALPH LAUREN ,Consumer Discretionary,2026-10-06,0.0383
ROST,"ROSS STORES, INC.",Consumer Discretionary,2026-10-06,-0.0394
SBUX,STARBUCKS ,Consumer Discretionary,2026-10-06,0.0229
TJX,"THE TJX COMPANIES, INC.",Consumer Discretionary,2026-10-06,0.0357
TPR,"TAPESTRY, INC.",Consumer Discretionary,2026-10-06,0.0149
TSCO,TRACTOR SUPPLY COMPANY,Consumer Discretionary,2026-10-06,0.032
TSLA,"TESLA, INC.",Consumer Discretionary,2026-10-06,0.0729
ULTA,"ULTA BEAUTY, INC.",Consumer Discretionary,2026-10-06,0.0021
WSM,"WILLIAMS-SONOMA, INC.",Consumer Discretionary,2026-10-06,0.0628
WYNN,"WYNN RESORTS, LIMITED",Consumer Discretionary,2026-10-06,-0.0354
YUM,"YUM! BRANDS, INC.",Consumer Discretionary,2026-10-06,0.0257
ADM,ARCHER-DANIELS-MIDLAND COMPANY.,Consumer Staples,2026-10-06,0.0357
BF.B,BROWN-FORMAN ,Consumer Staples,2026-10-06,0.0057
BG,BUNGE LIMITED,Consumer Staples,2026-10-06,0.0036
CAG,"CONAGRA BRANDS, INC.",Consumer Staples,2026-10-06,0.0007
CASY,"CASEY'S GENERAL STORES, INC.",Consumer Staples,2026-10-06,0.0203
CHD,"CHURCH & DWIGHT CO., INC.",Consumer Staples,2026-10-06,0.0246
CL,COLGATE-PALMOLIVE COMPANY,Consumer Staples,2026-10-06,0.0226
CLX,THE CLOROX COMPANY,Consumer Staples,2026-10-06,0.031
COST,COSTCO WHOLESALE ,Consumer Staples,2026-10-06,0.0278
DG,DOLLAR GENERAL ,Consumer Staples,2026-10-06,0.0309
DLTR,"DOLLAR TREE, INC.",Consumer Staples,2026-10-06,0.019
EL,THE ESTEE LAUDER COMPANIES INC.,Consumer Staples,2026-10-06,0.0064
GIS,"GENERAL MILLS, INC.",Consumer Staples,2026-10-06,0.0006
HRL,HORMEL FOODS ,Consumer Staples,2026-10-06,-0.003
HSY,THE HERSHEY COMPANY,Consumer Staples,2026-10-06,0.0202
KDP,KEURIG DR PEPPER INC.,Consumer Staples,2026-10-06,0.026
KHC,THE KRAFT HEINZ COMPANY,Consumer Staples,2026-10-06,-0.0304
KMB,KIMBERLY-CLARK ,Consumer Staples,2026-10-06,-0.0068
KO,THE COCA-COLA COMPANY,Consumer Staples,2026-10-06,0.001
KR,THE KROGER CO.,Consumer Staples,2026-10-06,-0.0036
KVUE,KENVUE INC.,Consumer Staples,2026-10-06,-0.004
MDLZ,"MONDELEZ INTERNATIONAL, INC.",Consumer Staples,2026-10-06,0.0311
MKC,"MCCORMICK & COMPANY, INC.",Consumer Staples,2026-10-06,-0.0216
MNST,MONSTER BEVERAGE ,Consumer Staples,2026-10-06,0.0392
MO,"ALTRIA GROUP, INC.",Consumer Staples,2026-10-06,0.018
PEP,"PEPSICO, INC.",Consumer Staples,2026-10-06,-0.008
PG,THE PROCTER & GAMBLE COMPANY,Consumer Staples,2026-10-06,0.0215
PM,PHILIP MORRIS INTERNATIONAL INC.,Consumer Staples,2026-10-06,-0.0022
SJM,THE J. M. SMUCKER COMPANY,Consumer Staples,2026-10-06,-0.0177
STZ,"CONSTELLATION BRANDS, INC.",Consumer Staples,2026-10-06,0.0231
SYY,SYSCO ,Consumer Staples,2026-10-06,-0.0065
TAP,MOLSON COORS BEVERAGE COMPANY,Consumer Staples,2026-10-06,0.0121
TGT,TARGET ,Consumer Staples,2026-10-06,-0.0151
TSN,"TYSON FOODS, INC.",Consumer Staples,2026-10-06,0.0285
WMT,WALMART INC.,Consumer Staples,2026-10-06,0.0316
APA,APA ,Energy,2026-10-06,0.0616
BKR,BAKER HUGHES COMPANY,Energy,2026-10-06,0.0406
COP,CONOCOPHILLIPS,Energy,2026-10-06,0.0336
CVX,CHEVRON ,Energy,2026-10-06,0.0165
DVN,DEVON ENERGY ,Energy,2026-10-06,0.043
EOG,"EOG RESOURCES, INC.",Energy,2026-10-06,0.0473
EQT,EQT ,Energy,2026-10-06,0.0805
EXE,EXPAND ENERGY ,Energy,2026-10-06,0.0492
FANG,"DIAMONDBACK ENERGY, INC.",Energy,2026-10-06,0.0064
HAL,HALLIBURTON COMPANY,Energy,2026-10-06,0.0289
KMI,"KINDER MORGAN, INC.",Energy,2026-10-06,0.0667
MPC,MARATHON PETROLEUM ,Energy,2026-10-06,0.0934
OKE,"ONEOK, INC.",Energy,2026-10-06,0.0464
OXY,OCCIDENTAL PETROLEUM ,Energy,2026-10-06,0.0544
PSX,PHILLIPS 66,Energy,2026-10-06,0.0567
SLB,SCHLUMBERGER N.V.,Energy,2026-10-06,0.0263
TPL,TEXAS PACIFIC LAND ,Energy,2026-10-06,0.09
TRGP,TARGA RESOURCES CORP.,Energy,2026-10-06,0.057
VLO,VALERO ENERGY ,Energy,2026-10-06,0.0816
WMB,"THE WILLIAMS COMPANIES, INC.",Energy,2026-10-06,0.065
XOM,EXXON MOBIL ,Energy,2026-10-06,0.0106
UNG,UNITED STATES NAT GAS,Energy Complex,2026-10-06,0.0357
USO,UNITED STATES OIL FUND,Energy Complex,2026-10-06,-0.0051
ACGL,ARCH CAPITAL GROUP LTD.,Financials,2026-10-06,0.0266
AFL,AFLAC INC.,Financials,2026-10-06,0.0166
AIG,"AMERICAN INTERNATIONAL GROUP, INC.",Financials,2026-10-06,0.0093
AIZ,"ASSURANT, INC.",Financials,2026-10-06,0.0283
AJG,ARTHUR J. GALLAGHER & CO.,Financials,2026-10-06,0.0076
ALL,THE ALLSTATE ,Financials,2026-10-06,0.0109
AMP,"AMERIPRISE FINANCIAL, INC.",Financials,2026-10-06,0.0087
AON,AON PLC,Financials,2026-10-06,-0.01
APO,"APOLLO GLOBAL MANAGEMENT, INC.",Financials,2026-10-06,-0.0009
ARES,ARES MANAGEMENT CORP,Financials,2026-10-06,0.0135
AXP,AMERICAN EXPRESS COMPANY,Financials,2026-10-06,0.0015
BAC,BANK OF AMERICA ,Financials,2026-10-06,-0.0062
BEN,"FRANKLIN RESOURCES, INC.",Financials,2026-10-06,0.01
BLK,"BLACKROCK, INC.",Financials,2026-10-06,0.02
BNY,THE BANK OF NEW YORK MELLON ,Financials,2026-10-06,-0.0062
BRK.B,"BERKSHIRE HATHAWAY INC.,",Financials,2026-10-06,0.0152
BRO,"BROWN & BROWN, INC.",Financials,2026-10-06,0.0011
BX,BLACKSTONE INC,Financials,2026-10-06,0.0113
C,CITIGROUP INC.,Financials,2026-10-06,-0.0074
CB,CHUBB LTD,Financials,2026-10-06,0.0275
CBOE,"CBOE GLOBAL MARKETS, INC.",Financials,2026-10-06,0.0106
CFG,"CITIZENS FINANCIAL GROUP, INC.",Financials,2026-10-06,0.0052
CINF,CINCINNATI FINANCIAL ,Financials,2026-10-06,0.0233
CME,CME GROUP INC.,Financials,2026-10-06,0.0313
COF,CAPITAL ONE FINANCIAL ,Financials,2026-10-06,0.0142
COIN,"COINBASE GLOBAL, INC.",Financials,2026-10-06,-0.0036
CPAY,"FLEETCOR TECHNOLOGIES, INC.",Financials,2026-10-06,0.0468
EG,"EVEREST GROUP, LTD.",Financials,2026-10-06,0.0046
ERIE,ERIE INDEMNITY COMPANY,Financials,2026-10-06,0.0186
FDS,FACTSET RESEARCH SYSTEMS INC.,Financials,2026-10-06,0.0076
FIS,FIDELITY NATIONAL INFORMATION SERVICES,Financials,2026-10-06,0.0158
FISV,"FISERV, INC.",Financials,2026-10-06,0.0066
FITB,FIFTH THIRD BANCORP,Financials,2026-10-06,0.0083
GL,GLOBE LIFE INC.,Financials,2026-10-06,0.0038
GPN,GLOBAL PAYMENTS INC.,Financials,2026-10-06,0.0015
GS,"THE GOLDMAN SACHS GROUP, INC.",Financials,2026-10-06,-0.0035
HBAN,HUNTINGTON BANCSHARES INC.,Financials,2026-10-06,0.0046
HIG,THE HARTFORD FINANCIAL SERVICES GROUP,Financials,2026-10-06,0.0362
HOOD,"ROBINHOOD MARKETS, INC.",Financials,2026-10-06,-0.0044
IBKR,"INTERACTIVE BROKERS GROUP, INC.",Financials,2026-10-06,0.0604
ICE,"INTERCONTINENTAL EXCHANGE, INC.",Financials,2026-10-06,0.0096
IVZ,INVESCO LTD.,Financials,2026-10-06,0.0073
JKHY,"JACK HENRY & ASSOCIATES, INC.",Financials,2026-10-06,0.0083
JPM,JPMORGAN CHASE & CO.,Financials,2026-10-06,0.0014
KEY,KEYCORP,Financials,2026-10-06,0.0035
KKR,KKR & CO. INC.,Financials,2026-10-06,-0.0069
L,LOEWS ,Financials,2026-10-06,0.0194
MA,MASTERCARD INC..,Financials,2026-10-06,0.0274
MCO,MOODY'S ,Financials,2026-10-06,-0.004
MET,"METLIFE, INC.",Financials,2026-10-06,0.0319
MRSH,"MARSH & MCLENNAN COMPANIES, INC.",Financials,2026-10-06,0.0059
MS,MORGAN STANLEY,Financials,2026-10-06,0.0156
MSCI,MSCI INC.,Financials,2026-10-06,0.0302
MTB,M&T BANK ,Financials,2026-10-06,0.0052
NDAQ,"NASDAQ, INC.",Financials,2026-10-06,0.0028
NTRS,NORTHERN TRUST ,Financials,2026-10-06,0.0006
PFG,"PRINCIPAL FINANCIAL GROUP, INC.",Financials,2026-10-06,-0.0202
PGR,THE PROGRESSIVE ,Financials,2026-10-06,0.0229
PNC,"THE PNC FINANCIAL SERVICES GROUP, INC.",Financials,2026-10-06,-0.0094
PRU,"PRUDENTIAL FINANCIAL, INC.",Financials,2026-10-06,-0.0004
PYPL,"PAYPAL HOLDINGS, INC.",Financials,2026-10-06,0.0396
RF,REGIONS FINANCIAL ,Financials,2026-10-06,0.0063
RJF,"RAYMOND JAMES FINANCIAL, INC.",Financials,2026-10-06,0.0089
SCHW,THE CHARLES SCHWAB ,Financials,2026-10-06,-0.0096
SPGI,S&P GLOBAL INC.,Financials,2026-10-06,0.0042
STT,STATE STREET ,Financials,2026-10-06,0.0066
SYF,SYNCHRONY FINANCIAL,Financials,2026-10-06,0.0168
TFC,TRUIST FINANCIAL ,Financials,2026-10-06,-0.0011
TROW,"T. ROWE PRICE GROUP, INC.",Financials,2026-10-06,-0.0043
TRV,"THE TRAVELERS COMPANIES, INC.",Financials,2026-10-06,0.0116
USB,U.S. BANCORP,Financials,2026-10-06,-0.0081
V,VISA INC.,Financials,2026-10-06,0.0315
WFC,WELLS FARGO & COMPANY,Financials,2026-10-06,0.0182
WRB,W. R. BERKLEY ,Financials,2026-10-06,0.0312
WTW,WILLIS TOWERS WATSON,Financials,2026-10-06,0.013
XYZ,"BLOCK, INC.",Financials,2026-10-06,0.0409
GLD,SPDR GOLD,Gold,2026-10-06,0.0038
A,"AGILENT TECHNOLOGIES, INC.",Health Care,2026-10-06,-0.0173
ABBV,ABBVIE INC.,Health Care,2026-10-06,0.0195
ABT,ABBOTT LABORATORIES,Health Care,2026-10-06,-0.0068
ALGN,"ALIGN TECHNOLOGY, INC.",Health Care,2026-10-06,-0.0268
AMGN,AMGEN INC.,Health Care,2026-10-06,-0.0449
BAX,BAXTER INTERNATIONAL INC.,Health Care,2026-10-06,0.015
BDX,"BECTON, DICKINSON AND COMPANY",Health Care,2026-10-06,0.0073
BIIB,BIOGEN INC.,Health Care,2026-10-06,-0.0132
BMY,BRISTOL-MYERS SQUIBB COMPANY,Health Care,2026-10-06,-0.045
BSX,BOSTON SCIENTIFIC ,Health Care,2026-10-06,-0.0334
CAH,"CARDINAL HEALTH, INC.",Health Care,2026-10-06,0.0492
CI,THE CIGNA GROUP,Health Care,2026-10-06,0.0093
CNC,CENTENE ,Health Care,2026-10-06,0.0401
COO,"THE COOPER COMPANIES, INC.",Health Care,2026-10-06,-0.0018
COR,"CENCORA, INC.",Health Care,2026-10-06,0.0537
CRL,CHARLES RIVER LABORATORIES,Health Care,2026-10-06,0.0337
CVS,CVS HEALTH ,Health Care,2026-10-06,0.0086
DGX,QUEST DIAGNOSTICS INC.,Health Care,2026-10-06,-0.0201
DHR,DANAHER ,Health Care,2026-10-06,-0.0268
DVA,DAVITA INC.,Health Care,2026-10-06,0.0313
DXCM,"DEXCOM, INC.",Health Care,2026-10-06,-0.0336
ELV,"ELEVANCE HEALTH, INC.",Health Care,2026-10-06,0.029
EW,EDWARDS LIFESCIENCES ,Health Care,2026-10-06,0.0019
GEHC,GE HEALTHCARE TECHNOLOGIES INC.,Health Care,2026-10-06,-0.0092
GILD,"GILEAD SCIENCES, INC.",Health Care,2026-10-06,-0.0323
HCA,"HCA HEALTHCARE, INC.",Health Care,2026-10-06,0.0128
HSIC,"HENRY SCHEIN, INC.",Health Care,2026-10-06,0.0104
HUM,HUMANA INC.,Health Care,2026-10-06,0.0595
IDXX,"IDEXX LABORATORIES, INC.",Health Care,2026-10-06,-0.013
INCY,INCYTE ,Health Care,2026-10-06,-0.071
IQV,IQVIA HOLDINGS INC,Health Care,2026-10-06,-0.033
ISRG,"INTUITIVE SURGICAL, INC.",Health Care,2026-10-06,-0.0046
JNJ,JOHNSON & JOHNSON,Health Care,2026-10-06,-0.0376
LH,LABORATORY  OF AMERICA HOLDINGS,Health Care,2026-10-06,0.0117
LLY,ELI LILLY AND COMPANY,Health Care,2026-10-06,0.0004
MCK,MCKESSON ,Health Care,2026-10-06,0.0795
MDT,MEDTRONIC PUBLIC LIMITED COMPANY,Health Care,2026-10-06,0.0093
MRK,"MERCK & CO., INC.",Health Care,2026-10-06,-0.0232
MRNA,"MODERNA, INC.",Health Care,2026-10-06,-0.0265
MTD,METTLER-TOLEDO INTERNATIONAL INC.,Health Care,2026-10-06,0.0146
PFE,PFIZER INC.,Health Care,2026-10-06,-0.0358
PODD,INSULET ,Health Care,2026-10-06,0.0327
REGN,"REGENERON PHARMACEUTICALS, INC.",Health Care,2026-10-06,-0.0258
RMD,RESMED INC.,Health Care,2026-10-06,-0.0019
RVTY,"REVVITY, INC.",Health Care,2026-10-06,0.0027
SOLV,SOLVENTUM ,Health Care,2026-10-06,-0.0126
STE,STERIS PUBLIC LIMITED COMPANY,Health Care,2026-10-06,-0.0065
SYK,STRYKER ,Health Care,2026-10-06,0.0102
TECH,BIO-TECHNE ,Health Care,2026-10-06,-0.0006
TMO,THERMO FISHER SCIENTIFIC INC.,Health Care,2026-10-06,-0.0274
UHS,"UNIVERSAL HEALTH SERVICES, INC.",Health Care,2026-10-06,0.0162
UNH,UNITEDHEALTH GROUP INC.,Health Care,2026-10-06,0.0252
VEEV,VEEVA SYSTEMS INC.,Health Care,2026-10-06,-0.0068
VRTX,VERTEX PHARMACEUTICALS INC.,Health Care,2026-10-06,-0.0392
VTRS,VIATRIS INC.,Health Care,2026-10-06,-0.0102
WAT,WATERS ,Health Care,2026-10-06,-0.0067
WST,"WEST PHARMACEUTICAL SERVICES, INC.",Health Care,2026-10-06,0.0051
ZBH,"ZIMMER BIOMET HOLDINGS, INC.",Health Care,2026-10-06,0.0096
ZTS,ZOETIS INC.,Health Care,2026-10-06,0.0215
ADP,"AUTOMATIC DATA PROCESSING, INC.",Industrials,2026-10-06,0.0167
ALLE,ALLEGION PUBLIC LIMITED COMPANY,Industrials,2026-10-06,0.0093
AME,"AMETEK, INC.",Industrials,2026-10-06,0.0242
AOS,A. O. SMITH ,Industrials,2026-10-06,0.0094
AXON,"AXON ENTERPRISE, INC.",Industrials,2026-10-06,-0.0092
BA,THE BOEING COMPANY,Industrials,2026-10-06,0.0203
BLDR,"BUILDERS FIRSTSOURCE, INC.",Industrials,2026-10-06,-0.0139
BR,"BROADRIDGE FINANCIAL SOLUTIONS, INC.",Industrials,2026-10-06,-0.0151
CARR,CARRIER GLOBAL ,Industrials,2026-10-06,0.0226
CAT,CATERPILLAR INC.,Industrials,2026-10-06,0.0649
CHRW,"C.H. ROBINSON WORLDWIDE, INC.",Industrials,2026-10-06,-0.0873
CMI,CUMMINS INC.,Industrials,2026-10-06,0.0363
CPRT,"COPART, INC.",Industrials,2026-10-06,-0.0169
CSX,CSX ,Industrials,2026-10-06,0.0213
CTAS,CINTAS ,Industrials,2026-10-06,0.0046
DAL,"DELTA AIR LINES, INC.",Industrials,2026-10-06,0.0024
DE,DEERE & COMPANY,Industrials,2026-10-06,0.0167
DOV,DOVER ,Industrials,2026-10-06,0.0258
EFX,EQUIFAX INC.,Industrials,2026-10-06,0.0382
EME,"EMCOR GROUP, INC.",Industrials,2026-10-06,0.0928
EMR,EMERSON ELECTRIC CO.,Industrials,2026-10-06,0.0406
ETN,EATON  PUBLIC LIMITED COMPANY,Industrials,2026-10-06,0.0358
EXPD,EXPEDITORS INTERNATIONAL OF WASHINGTON,Industrials,2026-10-06,0.0388
FAST,FASTENAL COMPANY,Industrials,2026-10-06,0.0258
FDX,FEDEX ,Industrials,2026-10-06,0.0138
FERG,FERGUSON ENTERPRISES INC.,Industrials,2026-10-06,0.0032
FIX,"COMFORT SYSTEMS USA, INC.",Industrials,2026-10-06,0.0991
FTV,FORTIVE ,Industrials,2026-10-06,0.0562
GD,GENERAL DYNAMICS ,Industrials,2026-10-06,-0.0015
GE,GENERAL ELECTRIC COMPANY,Industrials,2026-10-06,-0.0093
GEV,GE VERNOVA INC.,Industrials,2026-10-06,0.0828
GNRC,GENERAC HOLDINGS INC.,Industrials,2026-10-06,0.0806
GWW,"W.W. GRAINGER, INC.",Industrials,2026-10-06,0.0239
HII,"HUNTINGTON INGALLS INDUSTRIES, INC.",Industrials,2026-10-06,-0.0124
HON,HONEYWELL INTERNATIONAL INC.,Industrials,2026-10-06,0.0091
HUBB,HUBBELL INC.,Industrials,2026-10-06,0.0701
HWM,HOWMET AEROSPACE INC.,Industrials,2026-10-06,0.024
IEX,IDEX ,Industrials,2026-10-06,0.0364
IR,INGERSOLL RAND INC.,Industrials,2026-10-06,0.0546
ITW,ILLINOIS TOOL WORKS INC.,Industrials,2026-10-06,0.0383
J,JACOBS SOLUTIONS INC.,Industrials,2026-10-06,0.0293
JBHT,"J. B. HUNT TRANSPORT SERVICES, INC.",Industrials,2026-10-06,0.0084
JCI,JOHNSON CONTROLS INTERNATIONAL PLC,Industrials,2026-10-06,0.068
LDOS,"LEIDOS HOLDINGS, INC.",Industrials,2026-10-06,-0.0422
LHX,"L3HARRIS TECHNOLOGIES, INC.",Industrials,2026-10-06,0.0047
LII,LENNOX INTERNATIONAL INC.,Industrials,2026-10-06,0.0299
LMT,LOCKHEED MARTIN ,Industrials,2026-10-06,0.0017
LUV,SOUTHWEST AIRLINES CO.,Industrials,2026-10-06,0.0195
MAS,MASCO ,Industrials,2026-10-06,0.0375
MMM,3M COMPANY,Industrials,2026-10-06,-0.0031
NDSN,NORDSON ,Industrials,2026-10-06,0.0194
NOC,NORTHROP GRUMMAN ,Industrials,2026-10-06,-0.0008
NSC,NORFOLK SOUTHERN ,Industrials,2026-10-06,0.0237
ODFL,"OLD DOMINION FREIGHT LINE, INC.",Industrials,2026-10-06,0.024
OTIS,OTIS WORLDWIDE ,Industrials,2026-10-06,0.0331
PAYX,"PAYCHEX, INC.",Industrials,2026-10-06,0.0256
PCAR,PACCAR INC,Industrials,2026-10-06,-0.0045
PH,PARKER-HANNIFIN ,Industrials,2026-10-06,0.0309
PNR,PENTAIR PUBLIC LIMITED COMPANY,Industrials,2026-10-06,-0.0009
PWR,"QUANTA SERVICES, INC.",Industrials,2026-10-06,0.1199
ROK,"ROCKWELL AUTOMATION, INC.",Industrials,2026-10-06,0.0354
ROL,"ROLLINS, INC.",Industrials,2026-10-06,0.0076
RSG,"REPUBLIC SERVICES, INC.",Industrials,2026-10-06,0.0232
RTX,RTX ,Industrials,2026-10-06,-0.0127
SNA,SNAP-ON INC.,Industrials,2026-10-06,0.0145
SWK,"STANLEY BLACK & DECKER, INC.",Industrials,2026-10-06,0.0158
TDG,TRANSDIGM GROUP INC.,Industrials,2026-10-06,0.0191
TT,TRANE TECHNOLOGIES PLC,Industrials,2026-10-06,0.054
TXT,TEXTRON INC.,Industrials,2026-10-06,-0.0088
UAL,"UNITED AIRLINES HOLDINGS, INC.",Industrials,2026-10-06,0.0083
UBER,"UBER TECHNOLOGIES, INC.",Industrials,2026-10-06,0.0083
UNP,UNION PACIFIC ,Industrials,2026-10-06,0.0165
UPS,"UNITED PARCEL SERVICE, INC.",Industrials,2026-10-06,-0.0035
URI,"UNITED RENTALS, INC.",Industrials,2026-10-06,0.0798
VLTO,VERALTO ,Industrials,2026-10-06,0.0226
VRSK,"VERISK ANALYTICS, INC.",Industrials,2026-10-06,-0.0158
VRT,VERTIV HOLDINGS CO,Industrials,2026-10-06,0.049
WAB,WESTINGHOUSE AIR BRAKE TECHNOLOGIES ,Industrials,2026-10-06,0.0139
WM,"WASTE MANAGEMENT, INC.",Industrials,2026-10-06,0.0194
XYL,XYLEM INC.,Industrials,2026-10-06,0.0326
AAPL,APPLE INC.,Information Technology,2026-10-06,0.0018
ACN,ACCENTURE PUBLIC LIMITED COMPANY,Information Technology,2026-10-06,0.0547
ADBE,ADOBE INC.,Information Technology,2026-10-06,-0.0076
ADI,"ANALOG DEVICES, INC.",Information Technology,2026-10-06,0.0601
ADSK,"AUTODESK, INC.",Information Technology,2026-10-06,0.1066
AKAM,"AKAMAI TECHNOLOGIES, INC.",Information Technology,2026-10-06,0.0213
AMAT,"APPLIED MATERIALS, INC.",Information Technology,2026-10-06,0.0369
AMD,"ADVANCED MICRO DEVICES, INC.",Information Technology,2026-10-06,0.0616
ANET,"ARISTA NETWORKS, INC.",Information Technology,2026-10-06,0.0578
APH,AMPHENOL ,Information Technology,2026-10-06,0.0512
APP,APPLOVIN CORP,Information Technology,2026-10-06,-0.0401
AVGO,BROADCOM INC.,Information Technology,2026-10-06,0.0701
CDNS,"CADENCE DESIGN SYSTEMS, INC.",Information Technology,2026-10-06,0.0889
CDW,CDW ,Information Technology,2026-10-06,0.0586
CIEN,CIENA CORPORATION,Information Technology,2026-10-06,0.261
COHR,COHERENT CORP.,Information Technology,2026-10-06,0.1756
CRM,"SALESFORCE, INC.",Information Technology,2026-10-06,-0.02
CRWD,"CROWDSTRIKE HOLDINGS, INC.",Information Technology,2026-10-06,0.0533
CSCO,"CISCO SYSTEMS, INC.",Information Technology,2026-10-06,0.0958
CTSH,COGNIZANT TECHNOLOGY SOLUTIONS ,Information Technology,2026-10-06,-0.0038
DDOG,"DATADOG, INC.",Information Technology,2026-10-06,0.016
DELL,DELL TECHNOLOGIES INC.,Information Technology,2026-10-06,0.067
EPAM,"EPAM SYSTEMS, INC.",Information Technology,2026-10-06,0.0088
FFIV,"F5, INC.",Information Technology,2026-10-06,0.0553
FICO,FAIR ISAAC ,Information Technology,2026-10-06,0.1738
FLEX,FLEX LTD.,Information Technology,2026-10-06,0.1036
FSLR,"FIRST SOLAR, INC.",Information Technology,2026-10-06,0.0265
FTNT,"FORTINET, INC.",Information Technology,2026-10-06,0.07
GDDY,GODADDY INC.,Information Technology,2026-10-06,0.028
GEN,GEN DIGITAL INC.,Information Technology,2026-10-06,0.0354
GLW,CORNING INC.,Information Technology,2026-10-06,0.0989
HPE,HEWLETT PACKARD ENTERPRISE COMPANY,Information Technology,2026-10-06,0.1031
HPQ,HP INC.,Information Technology,2026-10-06,0.0144
IBM,INTERNATIONAL BUSINESS MACHINES ,Information Technology,2026-10-06,0.0062
INTC,INTEL ,Information Technology,2026-10-06,-0.0643
INTU,INTUIT INC.,Information Technology,2026-10-06,0.0511
IT,"GARTNER, INC.",Information Technology,2026-10-06,-0.0087
JBL,JABIL INC.,Information Technology,2026-10-06,0.0778
KEYS,"KEYSIGHT TECHNOLOGIES, INC.",Information Technology,2026-10-06,0.0659
KLAC,KLA ,Information Technology,2026-10-06,0.013
LITE,LUMENTUM HOLDINGS INC.,Information Technology,2026-10-06,0.1669
LRCX,LAM RESEARCH ,Information Technology,2026-10-06,0.0164
MCHP,MICROCHIP TECHNOLOGY INC.,Information Technology,2026-10-06,0.0449
MPWR,"MONOLITHIC POWER SYSTEMS, INC.",Information Technology,2026-10-06,0.0939
MRVL,"MARVELL TECHNOLOGY, INC.",Information Technology,2026-10-06,0.0863
MSFT,MICROSOFT ,Information Technology,2026-10-06,0.032
MSI,"MOTOROLA SOLUTIONS, INC.",Information Technology,2026-10-06,0.0231
MU,"MICRON TECHNOLOGY, INC.",Information Technology,2026-10-06,-0.0184
NOW,"SERVICENOW, INC.",Information Technology,2026-10-06,0.0296
NTAP,"NETAPP, INC.",Information Technology,2026-10-06,0.0874
NVDA,NVIDIA ,Information Technology,2026-10-06,0.0476
NXPI,NXP SEMICONDUCTORS NV,Information Technology,2026-10-06,0.0288
ON,ON SEMICONDUCTOR ,Information Technology,2026-10-06,0.1228
ORCL,ORACLE ,Information Technology,2026-10-06,0.0544
PANW,"PALO ALTO NETWORKS, INC.",Information Technology,2026-10-06,0.0569
PLTR,PALANTIR TECHNOLOGIES INC.,Information Technology,2026-10-06,0.0268
PTC,PTC INC.,Information Technology,2026-10-06,0.3756
Q,"QNITY ELECTRONICS, INC.",Information Technology,2026-10-06,0.0627
QCOM,QUALCOMM INC.,Information Technology,2026-10-06,-0.0164
ROP,"ROPER TECHNOLOGIES, INC.",Information Technology,2026-10-06,0.0368
SMCI,"SUPER MICRO COMPUTER, INC.",Information Technology,2026-10-06,0.0582
SNDK,SANDISK CORPORATION,Information Technology,2026-10-06,-0.0457
SNPS,"SYNOPSYS, INC.",Information Technology,2026-10-06,0.1615
STX,SEAGATE TECHNOLOGY HOLDINGS,Information Technology,2026-10-06,-0.1265
SWKS,"SKYWORKS SOLUTIONS, INC.",Information Technology,2026-10-06,-0.0315
TDY,TELEDYNE TECHNOLOGIES INC.,Information Technology,2026-10-06,0.0254
TEL,TE CONNECTIVITY LTD,Information Technology,2026-10-06,0.0399
TER,"TERADYNE, INC.",Information Technology,2026-10-06,0.0734
TRMB,TRIMBLE INC.,Information Technology,2026-10-06,0.0672
TXN,TEXAS INSTRUMENTS INC.,Information Technology,2026-10-06,0.0612
TYL,"TYLER TECHNOLOGIES, INC.",Information Technology,2026-10-06,0.0386
VRSN,"VERISIGN, INC.",Information Technology,2026-10-06,0.0393
WDAY,"WORKDAY, INC.",Information Technology,2026-10-06,-0.0205
WDC,WESTERN DIGITAL ,Information Technology,2026-10-06,-0.0955
ZBRA,ZEBRA TECHNOLOGIES ,Information Technology,2026-10-06,0.0334
ALB,ALBEMARLE ,Materials,2026-10-06,0.0054
AMCR,AMCOR PLC,Materials,2026-10-06,-0.0022
APD,"AIR PRODUCTS AND CHEMICALS, INC.",Materials,2026-10-06,0.01
AVY,AVERY DENNISON ,Materials,2026-10-06,-0.013
BALL,BALL ,Materials,2026-10-06,0.025
CF,"CF INDUSTRIES HOLDINGS, INC.",Materials,2026-10-06,0.0071
CRH,CRH PUBLIC LIMITED COMPANY,Materials,2026-10-06,0.0097
CTVA,"CORTEVA, INC.",Materials,2026-10-06,-0.8209
DD,"DUPONT DE NEMOURS, INC.",Materials,2026-10-06,0.0261
DOW,DOW INC.,Materials,2026-10-06,0.0225
ECL,ECOLAB INC.,Materials,2026-10-06,0.0227
FCX,FREEPORT-MCMORAN INC.,Materials,2026-10-06,0.0366
IFF,INTERNATIONAL FLAVORS & FRAGRANCES INC.,Materials,2026-10-06,0.0053
IP,INTERNATIONAL PAPER COMPANY,Materials,2026-10-06,-0.0311
LIN,LINDE PUBLIC LIMITED COMPANY,Materials,2026-10-06,0.0322
LYB,LYONDELLBASELL INDUSTRIES NV,Materials,2026-10-06,0.0254
MLM,"MARTIN MARIETTA MATERIALS, INC.",Materials,2026-10-06,0.0192
MOS,THE MOSAIC COMPANY,Materials,2026-10-06,-0.0328
NEM,NEWMONT ,Materials,2026-10-06,0.0091
NUE,NUCOR ,Materials,2026-10-06,0.0741
PKG,PACKAGING  OF AMERICA,Materials,2026-10-06,0.0021
PPG,"PPG INDUSTRIES, INC.",Materials,2026-10-06,0.021
SHW,THE SHERWIN-WILLIAMS COMPANY,Materials,2026-10-06,-0.0065
STLD,"STEEL DYNAMICS, INC.",Materials,2026-10-06,0.0747
SW,SMURFIT WESTROCK PUBLIC LIMITED COMPANY,Materials,2026-10-06,-0.0388
VMC,VULCAN MATERIALS COMPANY,Materials,2026-10-06,0.0173
AMT,AMERICAN TOWER ,Real Estate,2026-10-06,0.0067
ARE,"ALEXANDRIA REAL ESTATE EQUITIES, INC.",Real Estate,2026-10-06,-0.0324
BXP,"BOSTON PROPERTIES, INC.",Real Estate,2026-10-06,-0.0216
CBRE,"CBRE GROUP, INC.",Real Estate,2026-10-06,0.017
CCI,CROWN CASTLE INC.,Real Estate,2026-10-06,0.0245
CPT,CAMDEN PROPERTY TRUST,Real Estate,2026-10-06,0.0095
CSGP,"COSTAR GROUP, INC.",Real Estate,2026-10-06,0.0084
DLR,"DIGITAL REALTY TRUST, INC.",Real Estate,2026-10-06,0.052
DOC,"HEALTHDOC PROPERTIES, INC.",Real Estate,2026-10-06,-0.0486
EQIX,"EQUINIX, INC.",Real Estate,2026-10-06,0.0354
EQR,EQUITY RESIDENTIAL,Real Estate,2026-10-06,-0.0064
ESS,"ESSEX PROPERTY TRUST, INC.",Real Estate,2026-10-06,0.0115
EXR,EXTRA SPACE STORAGE INC.,Real Estate,2026-10-06,0.0181
FRT,FEDERAL REALTY INVESTMENT TRUST,Real Estate,2026-10-06,-0.0193
HST,"HOST HOTELS & RESORTS, INC.",Real Estate,2026-10-06,0.004
INVH,INVITATION HOMES INC.,Real Estate,2026-10-06,0.0023
IRM,IRON MOUNTAIN INC.,Real Estate,2026-10-06,0.05
KIM,KIMCO REALTY .,Real Estate,2026-10-06,-0.0032
MAA,"MID-AMERICA APARTMENT COMMUNITIES, INC.",Real Estate,2026-10-06,-0.0064
O,REALTY INCOME ,Real Estate,2026-10-06,-0.0009
PLD,"PROLOGIS, INC.",Real Estate,2026-10-06,-0.0089
PSA,PUBLIC STORAGE.,Real Estate,2026-10-06,0.0106
REG,REGENCY CENTERS ,Real Estate,2026-10-06,-0.0064
SBAC,SBA COMMUNICATIONS ,Real Estate,2026-10-06,0.0598
SPG,"SIMON PROPERTY GROUP, INC.",Real Estate,2026-10-06,0.0049
UDR,"UDR, INC.",Real Estate,2026-10-06,0.0107
VICI,VICI PROPERTIES INC.,Real Estate,2026-10-06,-0.0104
VTR,"VENTAS, INC.",Real Estate,2026-10-06,-0.0372
WELL,WELLTOWER INC.,Real Estate,2026-10-06,-0.0194
WY,WEYERHAEUSER COMPANY,Real Estate,2026-10-06,-0.0236
DXY,US DOLLAR INDEX,USD,2026-10-06,0.004
AEE,AMEREN ,Utilities,2026-10-06,0.0231
AEP,"AMERICAN ELECTRIC POWER COMPANY, INC.",Utilities,2026-10-06,0.0255
AES,THE AES ,Utilities,2026-10-06,0.002
ATO,ATMOS ENERGY ,Utilities,2026-10-06,0.0211
AWK,"AMERICAN WATER WORKS COMPANY, INC.",Utilities,2026-10-06,-0.011
CEG,CONSTELLATION ENERGY,Utilities,2026-10-06,0.1826
CMS,CMS ENERGY ,Utilities,2026-10-06,0.0315
CNP,"CENTERPOINT ENERGY, INC.",Utilities,2026-10-06,0.0478
D,"DOMINION ENERGY, INC.",Utilities,2026-10-06,0.0245
DTE,DTE ENERGY COMPANY,Utilities,2026-10-06,0.0527
DUK,DUKE ENERGY ,Utilities,2026-10-06,0.0145
ED,"CONSOLIDATED EDISON, INC.",Utilities,2026-10-06,0.0285
EIX,EDISON INTERNATIONAL,Utilities,2026-10-06,0.0097
ES,EVERSOURCE ENERGY,Utilities,2026-10-06,0.0171
ETR,ENTERGY ,Utilities,2026-10-06,0.0402
EVRG,"EVERGY, INC.",Utilities,2026-10-06,0.0243
EXC,EXELON ,Utilities,2026-10-06,0.0317
FE,FIRSTENERGY CORP.,Utilities,2026-10-06,0.0215
LNT,ALLIANT ENERGY ,Utilities,2026-10-06,0.0346
NEE,"NEXTERA ENERGY, INC.",Utilities,2026-10-06,0.0283
NI,NISOURCE INC.,Utilities,2026-10-06,0.0428
NRG,"NRG ENERGY, INC.",Utilities,2026-10-06,0.0831
PCG,PG&E ,Utilities,2026-10-06,0.0204
PEG,PUBLIC SERVICE ENTERPRISE GROUP INC.,Utilities,2026-10-06,0.0652
PNW,PINNACLE WEST CAPITAL ,Utilities,2026-10-06,0.0537
PPL,PPL ,Utilities,2026-10-06,0.0246
SO,THE SOUTHERN COMPANY,Utilities,2026-10-06,0.0308
SRE,SEMPRA,Utilities,2026-10-06,0.0258
VST,VISTRA CORP.,Utilities,2026-10-06,0.1601
WEC,"WEC ENERGY GROUP, INC.",Utilities,2026-10-06,0.0239
XEL,XCEL ENERGY INC.,Utilities,2026-10-06,0.0319
FVX,5 YR TSY YLD NDX,Yields,2026-10-06,-0.0118
TNX,10 Y TSY YLD NDX,Yields,2026-10-06,-0.0038
TYX,30 Y TSY YLD NDX,Yields,2026-10-06,0.0
ASC,ARDMORE SHIPPING ,,2026-10-06,0.0086
BTC=F,BITCOIN FUTURES,,2026-10-06,0.0193
BTI,BRITISH AMERICAN TOBACCO P.L.C.,,2026-10-06,-0.0256
BTU,PEABODY ENERGY ,,2026-10-06,0.0426
CALM,"CAL-MAINE FOODS, INC.",,2026-10-06,-0.0685
CANE,TEUCRIUM:SUGAR,,2026-10-06,0.0879
CCJ,CAMECO ,,2026-10-06,0.0733
CMBT,CMB.TECH NV,,2026-10-06,0.0396
CMRE,COSTAMARE INC.,,2026-10-06,0.0279
CNR,"CORE NATURAL RESOURCES, INC.",,2026-10-06,0.0509
COMT,ISHARES:GSCI COMM DYN RS,,2026-10-06,0.0087
CORN,TEUCRIUM:CORN,,2026-10-06,0.0131
CPER,UNITED STATES COPPER IDX,,2026-10-06,0.0063
CRESY,CRESUD INC.,,2026-10-06,0.0539
DBA,INVESCO DB MS AGRI,,2026-10-06,0.0252
DBB,INVESCO DB MS BMTL,,2026-10-06,-0.0047
DBC,INVESCO DB CM IDX,,2026-10-06,0.0114
DHT,"DHT HOLDINGS, INC.",,2026-10-06,0.0421
DIA,SPDR DOW JONES INDUS AVG,,2026-10-06,0.0118
DJI,DOW JONES INDUSTRIAL AVG INDEX,,2026-10-06,0.0121
EC,ECOPETROL SA,,2026-10-06,0.0291
ECH,ISHARES:MSCI CHILE,,2026-10-06,0.0132
EDEN,ISHARES:MSCI DENMARK,,2026-10-06,-0.0096
EFNL,ISHARES:MSCI FINLAND,,2026-10-06,0.0026
EIDO,ISHARES:MSCI INDONESIA,,2026-10-06,0.0171
EIRL,ISHARES:MSCI IRELAND,,2026-10-06,-0.0154
EIS,ISHARES:MSCI ISRAEL,,2026-10-06,-0.009
ENZL,ISHARES:MSCI NEW ZLND,,2026-10-06,-0.0062
EPHE,ISHARES:MSCI PHILIPPINES,,2026-10-06,0.0004
EPOL,ISHARES:MSCI POLAND,,2026-10-06,0.0041
EPU,ISHARES:MSCI PERU,,2026-10-06,0.0276
ES=F,E-MINI S&P 500 FUTURES,,2026-10-06,0.0188
EWA,ISHARES:MSCI AUSTRALIA,,2026-10-06,0.0085
EWC,ISHARES:MSCI CANADA,,2026-10-06,0.0137
EWD,ISHARES:MSCI SWEDEN,,2026-10-06,0.0072
EWG,ISHARES:MSCI GERMANY,,2026-10-06,0.0044
EWH,ISHARES:MSCI HONG KONG,,2026-10-06,-0.0222
EWI,ISHARES:MSCI ITALY,,2026-10-06,-0.0133
EWJ,ISHARES:MSCI JAPAN,,2026-10-06,0.0191
EWK,ISHARES:MSCI BELGIUM,,2026-10-06,-0.0093
EWL,ISHARES:MSCI SWITZERLAND,,2026-10-06,0.0024
EWM,ISHARES:MSCI MALAYSIA,,2026-10-06,-0.0095
EWN,ISHARES:MSCI NETHERLANDS,,2026-10-06,0.0055
EWO,ISHARES:MSCI AUSTRIA,,2026-10-06,-0.0157
EWP,ISHARES:MSCI SPAIN,,2026-10-06,-0.0061
EWQ,ISHARES:MSCI FRANCE,,2026-10-06,-0.0185
EWS,ISHARES:MSCI SINGAPORE,,2026-10-06,-0.0018
EWT,ISHARES:MSCI TAIWAN,,2026-10-06,0.0417
EWU,ISHARES:MSCI UK,,2026-10-06,-0.0034
EWW,ISHARES:MSCI MEXICO,,2026-10-06,0.0225
EWY,ISHARES:MSCI S KOREA,,2026-10-06,0.0198
EWZ,ISHARES:MSCI BRAZIL,,2026-10-06,0.1544
FRO,FRONTLINE PLC,,2026-10-06,0.071
FTI,TECHNIPFMC PLC,,2026-10-06,0.029
FXA,INVESCO:AU DOLLAR,,2026-10-06,0.0048
FXB,INVESCO:GBP STERLING,,2026-10-06,-0.0003
FXC,INVESCO:CANADIAN DOLLAR,,2026-10-06,0.001
FXE,INVESCO:EURO,,2026-10-06,-0.006
FXY,INVESCO:JAPANESE YEN,,2026-10-06,-0.0053
GDX,VANECK:GOLD MINERS,,2026-10-06,0.0048
GDXJ,VANECK:JR GOLD MINERS,,2026-10-06,-0.0035
GEOS,GEOSPACE TECHNOLOGIES ,,2026-10-06,-0.0409
GGB,GERDAU SA,,2026-10-06,0.0847
GLATF,GLOBAL ATOMIC ,,2026-10-06,0.0741
GNK,GENCO SHIPPING & TRADING LIMITED,,2026-10-06,0.0428
GREK,GLBL X MSCI GREECE,,2026-10-06,-0.0175
HLX,"HELIX ENERGY SOLUTIONS GROUP, INC.",,2026-10-06,0.0039
HYD,VANECK:HIGH YIELD MUNI,,2026-10-06,-0.0027
ICL,ICL GROUP LTD,,2026-10-06,0.012
INDA,ISHARES:MSCI INDIA,,2026-10-06,0.0011
IWD,ISHARES:RUSS 1000 VL ETF,,2026-10-06,0.0154
IWF,ISHARES:RUSS 1000 GR ETF,,2026-10-06,0.0314
IWM,ISHARES:RUSS 2000 ETF,,2026-10-06,0.0124
JNK,SPDR BBG HIGH YIELD BD,,2026-10-06,0.0014
MCHI,ISHARES:MSCI CHINA,,2026-10-06,0.0006
MDY,SPDR S&P MIDCAP 400 ETF,,2026-10-06,0.0279
MP,MP MATERIALS CORP,,2026-10-06,0.0262
MTUM,ISHARES:MSCI USA MOM FCT,,2026-10-06,0.0224
MUB,ISHARES:NATL MUNI BOND,,2026-10-06,-0.0008
NDX,NASDAQ 100 INDEX,,2026-10-06,0.0268
NORW,GLBL X MSCI NORWAY ETF,,2026-10-06,0.0011
NOV,NOV INC.,,2026-10-06,0.0144
NQ=F,NASDAQ 100 FUTURES,,2026-10-06,0.0233
OEF,ISHARES:S&P 100,,2026-10-06,0.0189
PAM,PAMPA ENERGIA SA,,2026-10-06,0.0477
PBR,BRAZILIAN PETROLEUM  - PETROBRAS,,2026-10-06,0.1404
PFF,ISHARES:PREF AND INC SEC,,2026-10-06,0.0007
POWA,INVESCO BLOOMBERG PRICING POWER,,2026-10-06,0.0215
PPLT,ABRDN:PHYSICAL PLATINUM,,2026-10-06,0.0039
QAT,ISHARES:MSCI QATAR,,2026-10-06,0.0012
QQQ,INVESCO QQQ TRUST 1,,2026-10-06,0.0269
QUAL,ISHARES:MSCI USA QF,,2026-10-06,0.019
RIG,TRANSOCEAN LTD,,2026-10-06,0.0305
ROKU,"ROKU, INC.",,2026-10-06,-0.0014
RSP,INVESCO S&P500 EWGHT,,2026-10-06,0.0207
RUT,RUSSELL 2000 INDEX,,2026-10-06,0.012
SBLK,STAR BULK CARRIERS CORP.,,2026-10-06,0.017
SCHP,SCHWAB STR:US TIPS,,2026-10-06,-0.0004
SD,"SANDRIDGE ENERGY, INC.",,2026-10-06,0.02
SDY,SPDR S&P DIVIDEND,,2026-10-06,0.013
SILJ,ETFMG PRIME JR SILVR MNR,,2026-10-06,0.0022
SLV,ISHARES:SILVER TRUST,,2026-10-06,0.0172
SM,SM ENERGY COMPANY,,2026-10-06,0.0391
SMH,VANECK:SEMICONDUCTOR,,2026-10-06,0.0386
SOYB,TEUCRIUM:SOYBEAN,,2026-10-06,0.008
SPHB,INVESCO S&P500 HI BE,,2026-10-06,0.0401
SPLV,INVESCO S&P500 LOWVL,,2026-10-06,0.0173
SPX,S&P 500 INDEX,,2026-10-06,0.0219
SPY,SPDR S&P 500 ETF,,2026-10-06,0.0216
STLA,STELLANTIS NV,,2026-10-06,0.0573
STNG,SCORPIO TANKERS INC.,,2026-10-06,0.0302
TAGS,TEUCRIUM:AGRICULTURAL,,2026-10-06,0.0376
TDW,TIDEWATER INC.,,2026-10-06,0.012
TECK,TECK RESOURCES LIMITED,,2026-10-06,0.0199
THD,ISHARES:MSCI THAI,,2026-10-06,0.0199
TS,TENARIS SA,,2026-10-06,0.0306
TUR,ISHARES:MSCI TURKEY,,2026-10-06,0.0198
URA,GLBL X URANIUM ETF,,2026-10-06,0.0489
URNM,SPROTT URANIUM MINERS,,2026-10-06,0.0598
UUP,INVESCO DB USD IDX BL,,2026-10-06,0.0045
VAL,VALARIS LIMITED,,2026-10-06,0.0443
VIX,CBOE MKT VOLATILITY IDX,,2026-10-06,-0.0814
VNM,VANECK:VIETNAM,,2026-10-06,-0.0012
VXN,CBOE NASDAQ MKT VOL NDX,,2026-10-06,-0.0583
WEAT,TEUCRIUM:WHEAT,,2026-10-06,0.0374
XES,SPDR S&P OIL&GAS E&S,,2026-10-06,0.0383
XLB,SEL SECTOR:MATRLS SPDR,,2026-10-06,0.0211
XLC,SEL SECTOR:COMM SVC SPDR,,2026-10-06,0.0061
XLE,SEL SECTOR:ENERGY SPDR,,2026-10-06,0.0366
XLF,SEL SECTOR:FINL S SPDR,,2026-10-06,0.0114
XLI,SEL SECTOR:INDUST SPDR,,2026-10-06,0.0275
XLK,SEL SECTOR:TECH SPDR,,2026-10-06,0.0319
XLP,SEL SECTOR:C STP SPDR,,2026-10-06,0.0149
XLRE,SEL SECTOR:RL EST SPDR,,2026-10-06,0.0046
XLU,SEL SECTOR:UTIL SPDR,,2026-10-06,0.0436
XLV,SEL SECTOR:H CARE SPDR,,2026-10-06,-0.0079
XLY,SEL SECTOR:C DSC SPDR,,2026-10-06,0.0265
XOP,SPDR S&P OIL&GAS EXP,,2026-10-06,0.0509
