Ticker,Ticker_name,Exposure,Date,wtd_pct_change
EDV,VANGUARD EXT DUR T;ETF,Bonds,2026-09-29,-0.0213
HYG,ISHARES:IBOXX $HY CORP,Bonds,2026-09-29,-0.0064
IEF,ISHARES:7-10 TRS BD ETF,Bonds,2026-09-29,-0.0061
LQD,ISHARES:IBOXX $IG CORP,Bonds,2026-09-29,-0.0078
SHY,ISHARES:1-3 TRS BD ETF,Bonds,2026-09-29,-0.0006
STIP,ISHARES:0-5 TIPS BD ETF,Bonds,2026-09-29,-0.0009
TIP,ISHARES:TIPS BD ETF,Bonds,2026-09-29,-0.0051
TLT,ISHARES:20+ TRS BD ETF,Bonds,2026-09-29,-0.0137
CHTR,"CHARTER COMMUNICATIONS, INC.",Communication Services,2026-09-29,-0.0198
CMCSA,COMCAST ,Communication Services,2026-09-29,-0.0141
DIS,THE WALT DISNEY COMPANY,Communication Services,2026-09-29,-0.007
ECHO,ECHOSTAR CORPORATION,Communication Services,2026-09-29,-0.0024
FOXA,FOX ,Communication Services,2026-09-29,-0.0094
GOOGL,ALPHABET INC.,Communication Services,2026-09-29,-0.0087
LYV,"LIVE NATION ENTERTAINMENT, INC.",Communication Services,2026-09-29,0.0013
META,"META PLATFORMS, INC.",Communication Services,2026-09-29,-0.0171
NFLX,"NETFLIX, INC.",Communication Services,2026-09-29,-0.0119
NWSA,NEWS CORP.,Communication Services,2026-09-29,0.0011
OMC,OMNICOM GROUP INC.,Communication Services,2026-09-29,-0.0264
PSKY,PARAMOUNT SKYDANCE ,Communication Services,2026-09-29,0.003
RDDT,"REDDIT, INC.",Communication Services,2026-09-29,-0.0299
T,AT&T INC.,Communication Services,2026-09-29,-0.0355
TKO,"TKO GROUP HOLDINGS, INC.",Communication Services,2026-09-29,-0.0279
TMUS,"T-MOBILE US, INC.",Communication Services,2026-09-29,-0.0148
TTD,"THE TRADE DESK, INC.",Communication Services,2026-09-29,-0.0437
TTWO,"TAKE-TWO INTERACTIVE SOFTWARE, INC.",Communication Services,2026-09-29,0.0067
VZ,VERIZON COMMUNICATIONS INC.,Communication Services,2026-09-29,-0.0234
WBD,"WARNER BROS. DISCOVERY, INC.",Communication Services,2026-09-29,-0.0003
ABNB,"AIRBNB, INC.",Consumer Discretionary,2026-09-29,-0.0032
AMZN,"AMAZON.COM, INC.",Consumer Discretionary,2026-09-29,-0.012
APTV,APTIV PLC,Consumer Discretionary,2026-09-29,-0.0317
AZO,"AUTOZONE, INC.",Consumer Discretionary,2026-09-29,0.0013
BBY,"BEST BUY CO., INC.",Consumer Discretionary,2026-09-29,-0.0194
BKNG,BOOKING HOLDINGS INC.,Consumer Discretionary,2026-09-29,-0.0098
CCL,CARNIVAL CORP,Consumer Discretionary,2026-09-29,0.1285
CMG,"CHIPOTLE MEXICAN GRILL, INC.",Consumer Discretionary,2026-09-29,0.0176
CVNA,CARVANA CO.,Consumer Discretionary,2026-09-29,-0.0221
DASH,"DOORDASH, INC.",Consumer Discretionary,2026-09-29,-0.0324
DECK,DECKERS OUTDOOR ,Consumer Discretionary,2026-09-29,-0.0126
DHI,"D.R. HORTON, INC.",Consumer Discretionary,2026-09-29,-0.0149
DPZ,"DOMINO'S PIZZA, INC.",Consumer Discretionary,2026-09-29,0.0331
DRI,"DARDEN RESTAURANTS, INC.",Consumer Discretionary,2026-09-29,-0.0232
EBAY,EBAY INC.,Consumer Discretionary,2026-09-29,-0.0249
EXPE,"EXPEDIA GROUP, INC.",Consumer Discretionary,2026-09-29,0.0082
F,FORD MOTOR COMPANY,Consumer Discretionary,2026-09-29,-0.0323
GM,GENERAL MOTORS COMPANY,Consumer Discretionary,2026-09-29,-0.0261
GPC,GENUINE PARTS COMPANY,Consumer Discretionary,2026-09-29,-0.0205
GRMN,GARMIN LTD,Consumer Discretionary,2026-09-29,-0.0133
HAS,"HASBRO, INC.",Consumer Discretionary,2026-09-29,0.0019
HD,"THE HOME DEPOT, INC.",Consumer Discretionary,2026-09-29,-0.0176
HLT,HILTON WORLDWIDE HOLDINGS INC.,Consumer Discretionary,2026-09-29,0.0302
LEN,LENNAR ,Consumer Discretionary,2026-09-29,0.0105
LOW,"LOWE'S COMPANIES, INC.",Consumer Discretionary,2026-09-29,-0.0107
LULU,LULULEMON ATHLETICA INC.,Consumer Discretionary,2026-09-29,-0.0437
LVS,LAS VEGAS SANDS CORP.,Consumer Discretionary,2026-09-29,-0.0172
MAR,"MARRIOTT INTERNATIONAL, INC.",Consumer Discretionary,2026-09-29,0.0272
MCD,MCDONALD'S ,Consumer Discretionary,2026-09-29,-0.0107
MGM,MGM RESORTS INTERNATIONAL,Consumer Discretionary,2026-09-29,-0.0325
NCLH,NORWEGIAN CRUISE LINE HOLDINGS LTD.,Consumer Discretionary,2026-09-29,0.013
NKE,"NIKE, INC.",Consumer Discretionary,2026-09-29,0.0025
NVR,"NVR, INC.",Consumer Discretionary,2026-09-29,-0.01
ORLY,"O'REILLY AUTOMOTIVE, INC.",Consumer Discretionary,2026-09-29,-0.0006
PHM,"PULTEGROUP, INC.",Consumer Discretionary,2026-09-29,-0.0113
RCL,ROYAL CARIBBEAN CRUISES LTD.,Consumer Discretionary,2026-09-29,0.074
RL,RALPH LAUREN ,Consumer Discretionary,2026-09-29,-0.0033
ROST,"ROSS STORES, INC.",Consumer Discretionary,2026-09-29,-0.0073
SBUX,STARBUCKS ,Consumer Discretionary,2026-09-29,0.006
TJX,"THE TJX COMPANIES, INC.",Consumer Discretionary,2026-09-29,0.0288
TPR,"TAPESTRY, INC.",Consumer Discretionary,2026-09-29,0.0021
TSCO,TRACTOR SUPPLY COMPANY,Consumer Discretionary,2026-09-29,-0.0236
TSLA,"TESLA, INC.",Consumer Discretionary,2026-09-29,-0.0518
ULTA,"ULTA BEAUTY, INC.",Consumer Discretionary,2026-09-29,0.0049
WSM,"WILLIAMS-SONOMA, INC.",Consumer Discretionary,2026-09-29,-0.0084
WYNN,"WYNN RESORTS, LIMITED",Consumer Discretionary,2026-09-29,-0.0356
YUM,"YUM! BRANDS, INC.",Consumer Discretionary,2026-09-29,-0.0065
ADM,ARCHER-DANIELS-MIDLAND COMPANY.,Consumer Staples,2026-09-29,-0.0212
BF.B,BROWN-FORMAN ,Consumer Staples,2026-09-29,0.005
BG,BUNGE LIMITED,Consumer Staples,2026-09-29,-0.0079
CAG,"CONAGRA BRANDS, INC.",Consumer Staples,2026-09-29,-0.0133
CASY,"CASEY'S GENERAL STORES, INC.",Consumer Staples,2026-09-29,0.0024
CHD,"CHURCH & DWIGHT CO., INC.",Consumer Staples,2026-09-29,-0.0148
CL,COLGATE-PALMOLIVE COMPANY,Consumer Staples,2026-09-29,0.0046
CLX,THE CLOROX COMPANY,Consumer Staples,2026-09-29,-0.0263
COST,COSTCO WHOLESALE ,Consumer Staples,2026-09-29,0.002
DG,DOLLAR GENERAL ,Consumer Staples,2026-09-29,-0.0176
DLTR,"DOLLAR TREE, INC.",Consumer Staples,2026-09-29,-0.0068
EL,THE ESTEE LAUDER COMPANIES INC.,Consumer Staples,2026-09-29,-0.0011
GIS,"GENERAL MILLS, INC.",Consumer Staples,2026-09-29,0.0054
HRL,HORMEL FOODS ,Consumer Staples,2026-09-29,0.0071
HSY,THE HERSHEY COMPANY,Consumer Staples,2026-09-29,-0.0298
KDP,KEURIG DR PEPPER INC.,Consumer Staples,2026-09-29,-0.0288
KHC,THE KRAFT HEINZ COMPANY,Consumer Staples,2026-09-29,-0.0076
KMB,KIMBERLY-CLARK ,Consumer Staples,2026-09-29,0.0057
KO,THE COCA-COLA COMPANY,Consumer Staples,2026-09-29,-0.011
KR,THE KROGER CO.,Consumer Staples,2026-09-29,0.0349
KVUE,KENVUE INC.,Consumer Staples,2026-09-29,0.0062
MDLZ,"MONDELEZ INTERNATIONAL, INC.",Consumer Staples,2026-09-29,-0.0154
MKC,"MCCORMICK & COMPANY, INC.",Consumer Staples,2026-09-29,0.0096
MNST,MONSTER BEVERAGE ,Consumer Staples,2026-09-29,-0.0318
MO,"ALTRIA GROUP, INC.",Consumer Staples,2026-09-29,-0.0015
PEP,"PEPSICO, INC.",Consumer Staples,2026-09-29,0.0005
PG,THE PROCTER & GAMBLE COMPANY,Consumer Staples,2026-09-29,0.0143
PM,PHILIP MORRIS INTERNATIONAL INC.,Consumer Staples,2026-09-29,0.018
SJM,THE J. M. SMUCKER COMPANY,Consumer Staples,2026-09-29,-0.0025
STZ,"CONSTELLATION BRANDS, INC.",Consumer Staples,2026-09-29,-0.0076
SYY,SYSCO ,Consumer Staples,2026-09-29,0.0004
TAP,MOLSON COORS BEVERAGE COMPANY,Consumer Staples,2026-09-29,0.0017
TGT,TARGET ,Consumer Staples,2026-09-29,-0.0065
TSN,"TYSON FOODS, INC.",Consumer Staples,2026-09-29,0.0012
WMT,WALMART INC.,Consumer Staples,2026-09-29,-0.0109
APA,APA ,Energy,2026-09-29,-0.0129
BKR,BAKER HUGHES COMPANY,Energy,2026-09-29,-0.033
COP,CONOCOPHILLIPS,Energy,2026-09-29,-0.0146
CVX,CHEVRON ,Energy,2026-09-29,-0.0003
DVN,DEVON ENERGY ,Energy,2026-09-29,-0.0096
EOG,"EOG RESOURCES, INC.",Energy,2026-09-29,-0.0049
EQT,EQT ,Energy,2026-09-29,-0.038
EXE,EXPAND ENERGY ,Energy,2026-09-29,-0.0306
FANG,"DIAMONDBACK ENERGY, INC.",Energy,2026-09-29,-0.0146
HAL,HALLIBURTON COMPANY,Energy,2026-09-29,-0.0372
KMI,"KINDER MORGAN, INC.",Energy,2026-09-29,-0.0098
MPC,MARATHON PETROLEUM ,Energy,2026-09-29,-0.0038
OKE,"ONEOK, INC.",Energy,2026-09-29,-0.02
OXY,OCCIDENTAL PETROLEUM ,Energy,2026-09-29,-0.0338
PSX,PHILLIPS 66,Energy,2026-09-29,-0.0137
SLB,SCHLUMBERGER N.V.,Energy,2026-09-29,-0.0324
TPL,TEXAS PACIFIC LAND ,Energy,2026-09-29,-0.0363
TRGP,TARGA RESOURCES CORP.,Energy,2026-09-29,-0.0157
VLO,VALERO ENERGY ,Energy,2026-09-29,0.0014
WMB,"THE WILLIAMS COMPANIES, INC.",Energy,2026-09-29,-0.0091
XOM,EXXON MOBIL ,Energy,2026-09-29,0.0047
UNG,UNITED STATES NAT GAS,Energy Complex,2026-09-29,-0.0701
USO,UNITED STATES OIL FUND,Energy Complex,2026-09-29,-0.0336
ACGL,ARCH CAPITAL GROUP LTD.,Financials,2026-09-29,0.0049
AFL,AFLAC INC.,Financials,2026-09-29,-0.0005
AIG,"AMERICAN INTERNATIONAL GROUP, INC.",Financials,2026-09-29,0.0148
AIZ,"ASSURANT, INC.",Financials,2026-09-29,-0.0051
AJG,ARTHUR J. GALLAGHER & CO.,Financials,2026-09-29,-0.0145
ALL,THE ALLSTATE ,Financials,2026-09-29,-0.0096
AMP,"AMERIPRISE FINANCIAL, INC.",Financials,2026-09-29,0.0088
AON,AON PLC,Financials,2026-09-29,-0.0075
APO,"APOLLO GLOBAL MANAGEMENT, INC.",Financials,2026-09-29,-0.0221
ARES,ARES MANAGEMENT CORP,Financials,2026-09-29,-0.0249
AXP,AMERICAN EXPRESS COMPANY,Financials,2026-09-29,-0.0113
BAC,BANK OF AMERICA ,Financials,2026-09-29,-0.0307
BEN,"FRANKLIN RESOURCES, INC.",Financials,2026-09-29,-0.0106
BLK,"BLACKROCK, INC.",Financials,2026-09-29,-0.0169
BNY,THE BANK OF NEW YORK MELLON ,Financials,2026-09-29,-0.0211
BRK.B,"BERKSHIRE HATHAWAY INC.,",Financials,2026-09-29,-0.0062
BRO,"BROWN & BROWN, INC.",Financials,2026-09-29,-0.0036
BX,BLACKSTONE INC,Financials,2026-09-29,-0.0373
C,CITIGROUP INC.,Financials,2026-09-29,-0.0259
CB,CHUBB LTD,Financials,2026-09-29,-0.0039
CBOE,"CBOE GLOBAL MARKETS, INC.",Financials,2026-09-29,0.0144
CFG,"CITIZENS FINANCIAL GROUP, INC.",Financials,2026-09-29,-0.025
CINF,CINCINNATI FINANCIAL ,Financials,2026-09-29,-0.0087
CME,CME GROUP INC.,Financials,2026-09-29,-0.0048
COF,CAPITAL ONE FINANCIAL ,Financials,2026-09-29,-0.0187
COIN,"COINBASE GLOBAL, INC.",Financials,2026-09-29,-0.0261
CPAY,"FLEETCOR TECHNOLOGIES, INC.",Financials,2026-09-29,-0.0136
EG,"EVEREST GROUP, LTD.",Financials,2026-09-29,-0.0044
ERIE,ERIE INDEMNITY COMPANY,Financials,2026-09-29,-0.0019
FDS,FACTSET RESEARCH SYSTEMS INC.,Financials,2026-09-29,-0.048
FIS,FIDELITY NATIONAL INFORMATION SERVICES,Financials,2026-09-29,-0.0582
FISV,"FISERV, INC.",Financials,2026-09-29,-0.0241
FITB,FIFTH THIRD BANCORP,Financials,2026-09-29,-0.0217
GL,GLOBE LIFE INC.,Financials,2026-09-29,-0.0057
GPN,GLOBAL PAYMENTS INC.,Financials,2026-09-29,-0.0365
GS,"THE GOLDMAN SACHS GROUP, INC.",Financials,2026-09-29,-0.0205
HBAN,HUNTINGTON BANCSHARES INC.,Financials,2026-09-29,-0.0237
HIG,THE HARTFORD FINANCIAL SERVICES GROUP,Financials,2026-09-29,0.013
HOOD,"ROBINHOOD MARKETS, INC.",Financials,2026-09-29,-0.0266
IBKR,"INTERACTIVE BROKERS GROUP, INC.",Financials,2026-09-29,-0.0343
ICE,"INTERCONTINENTAL EXCHANGE, INC.",Financials,2026-09-29,-0.0137
IVZ,INVESCO LTD.,Financials,2026-09-29,-0.0162
JKHY,"JACK HENRY & ASSOCIATES, INC.",Financials,2026-09-29,-0.0106
JPM,JPMORGAN CHASE & CO.,Financials,2026-09-29,-0.0236
KEY,KEYCORP,Financials,2026-09-29,-0.0238
KKR,KKR & CO. INC.,Financials,2026-09-29,-0.0361
L,LOEWS ,Financials,2026-09-29,0.0106
MA,MASTERCARD INC..,Financials,2026-09-29,-0.0072
MCO,MOODY'S ,Financials,2026-09-29,-0.0296
MET,"METLIFE, INC.",Financials,2026-09-29,-0.0256
MRSH,"MARSH & MCLENNAN COMPANIES, INC.",Financials,2026-09-29,-0.0041
MS,MORGAN STANLEY,Financials,2026-09-29,-0.0181
MSCI,MSCI INC.,Financials,2026-09-29,-0.021
MTB,M&T BANK ,Financials,2026-09-29,-0.0167
NDAQ,"NASDAQ, INC.",Financials,2026-09-29,-0.0182
NTRS,NORTHERN TRUST ,Financials,2026-09-29,-0.0159
PFG,"PRINCIPAL FINANCIAL GROUP, INC.",Financials,2026-09-29,-0.007
PGR,THE PROGRESSIVE ,Financials,2026-09-29,0.0244
PNC,"THE PNC FINANCIAL SERVICES GROUP, INC.",Financials,2026-09-29,-0.0177
PRU,"PRUDENTIAL FINANCIAL, INC.",Financials,2026-09-29,-0.0368
PYPL,"PAYPAL HOLDINGS, INC.",Financials,2026-09-29,-0.0209
RF,REGIONS FINANCIAL ,Financials,2026-09-29,-0.0264
RJF,"RAYMOND JAMES FINANCIAL, INC.",Financials,2026-09-29,-0.0001
SCHW,THE CHARLES SCHWAB ,Financials,2026-09-29,0.0007
SPGI,S&P GLOBAL INC.,Financials,2026-09-29,-0.0269
STT,STATE STREET ,Financials,2026-09-29,-0.0196
SYF,SYNCHRONY FINANCIAL,Financials,2026-09-29,-0.0167
TFC,TRUIST FINANCIAL ,Financials,2026-09-29,-0.0256
TROW,"T. ROWE PRICE GROUP, INC.",Financials,2026-09-29,-0.0095
TRV,"THE TRAVELERS COMPANIES, INC.",Financials,2026-09-29,0.0005
USB,U.S. BANCORP,Financials,2026-09-29,-0.0201
V,VISA INC.,Financials,2026-09-29,-0.0041
WFC,WELLS FARGO & COMPANY,Financials,2026-09-29,-0.03
WRB,W. R. BERKLEY ,Financials,2026-09-29,0.021
WTW,WILLIS TOWERS WATSON,Financials,2026-09-29,-0.0184
XYZ,"BLOCK, INC.",Financials,2026-09-29,-0.031
GLD,SPDR GOLD,Gold,2026-09-29,-0.0267
A,"AGILENT TECHNOLOGIES, INC.",Health Care,2026-09-29,0.013
ABBV,ABBVIE INC.,Health Care,2026-09-29,-0.004
ABT,ABBOTT LABORATORIES,Health Care,2026-09-29,-0.0034
ALGN,"ALIGN TECHNOLOGY, INC.",Health Care,2026-09-29,-0.0189
AMGN,AMGEN INC.,Health Care,2026-09-29,0.0218
BAX,BAXTER INTERNATIONAL INC.,Health Care,2026-09-29,0.0047
BDX,"BECTON, DICKINSON AND COMPANY",Health Care,2026-09-29,-0.0101
BIIB,BIOGEN INC.,Health Care,2026-09-29,-0.0023
BMY,BRISTOL-MYERS SQUIBB COMPANY,Health Care,2026-09-29,0.0
BSX,BOSTON SCIENTIFIC ,Health Care,2026-09-29,-0.0009
CAH,"CARDINAL HEALTH, INC.",Health Care,2026-09-29,0.0168
CI,THE CIGNA GROUP,Health Care,2026-09-29,0.0119
CNC,CENTENE ,Health Care,2026-09-29,0.0063
COO,"THE COOPER COMPANIES, INC.",Health Care,2026-09-29,0.0226
COR,"CENCORA, INC.",Health Care,2026-09-29,0.0022
CRL,CHARLES RIVER LABORATORIES,Health Care,2026-09-29,0.0107
CVS,CVS HEALTH ,Health Care,2026-09-29,-0.0228
DGX,QUEST DIAGNOSTICS INC.,Health Care,2026-09-29,-0.0184
DHR,DANAHER ,Health Care,2026-09-29,0.0072
DVA,DAVITA INC.,Health Care,2026-09-29,-0.0184
DXCM,"DEXCOM, INC.",Health Care,2026-09-29,0.0002
ELV,"ELEVANCE HEALTH, INC.",Health Care,2026-09-29,-0.0085
EW,EDWARDS LIFESCIENCES ,Health Care,2026-09-29,0.0207
GEHC,GE HEALTHCARE TECHNOLOGIES INC.,Health Care,2026-09-29,-0.0026
GILD,"GILEAD SCIENCES, INC.",Health Care,2026-09-29,0.0023
HCA,"HCA HEALTHCARE, INC.",Health Care,2026-09-29,-0.0091
HSIC,"HENRY SCHEIN, INC.",Health Care,2026-09-29,-0.0162
HUM,HUMANA INC.,Health Care,2026-09-29,-0.0278
IDXX,"IDEXX LABORATORIES, INC.",Health Care,2026-09-29,0.0273
INCY,INCYTE ,Health Care,2026-09-29,-0.0056
IQV,IQVIA HOLDINGS INC,Health Care,2026-09-29,-0.0051
ISRG,"INTUITIVE SURGICAL, INC.",Health Care,2026-09-29,0.0173
JNJ,JOHNSON & JOHNSON,Health Care,2026-09-29,-0.0135
LH,LABORATORY  OF AMERICA HOLDINGS,Health Care,2026-09-29,-0.0027
LLY,ELI LILLY AND COMPANY,Health Care,2026-09-29,0.001
MCK,MCKESSON ,Health Care,2026-09-29,-0.0021
MDT,MEDTRONIC PUBLIC LIMITED COMPANY,Health Care,2026-09-29,-0.0175
MRK,"MERCK & CO., INC.",Health Care,2026-09-29,0.0034
MRNA,"MODERNA, INC.",Health Care,2026-09-29,0.023
MTD,METTLER-TOLEDO INTERNATIONAL INC.,Health Care,2026-09-29,0.017
PFE,PFIZER INC.,Health Care,2026-09-29,0.0017
PODD,INSULET ,Health Care,2026-09-29,-0.0242
REGN,"REGENERON PHARMACEUTICALS, INC.",Health Care,2026-09-29,-0.0476
RMD,RESMED INC.,Health Care,2026-09-29,0.0037
RVTY,"REVVITY, INC.",Health Care,2026-09-29,0.011
SOLV,SOLVENTUM ,Health Care,2026-09-29,-0.002
STE,STERIS PUBLIC LIMITED COMPANY,Health Care,2026-09-29,0.0082
SYK,STRYKER ,Health Care,2026-09-29,0.0235
TECH,BIO-TECHNE ,Health Care,2026-09-29,-0.0032
TMO,THERMO FISHER SCIENTIFIC INC.,Health Care,2026-09-29,0.0068
UHS,"UNIVERSAL HEALTH SERVICES, INC.",Health Care,2026-09-29,-0.0175
UNH,UNITEDHEALTH GROUP INC.,Health Care,2026-09-29,-0.0044
VEEV,VEEVA SYSTEMS INC.,Health Care,2026-09-29,-0.0075
VRTX,VERTEX PHARMACEUTICALS INC.,Health Care,2026-09-29,0.001
VTRS,VIATRIS INC.,Health Care,2026-09-29,0.0163
WAT,WATERS ,Health Care,2026-09-29,0.0224
WST,"WEST PHARMACEUTICAL SERVICES, INC.",Health Care,2026-09-29,0.0167
ZBH,"ZIMMER BIOMET HOLDINGS, INC.",Health Care,2026-09-29,0.0033
ZTS,ZOETIS INC.,Health Care,2026-09-29,-0.0106
ADP,"AUTOMATIC DATA PROCESSING, INC.",Industrials,2026-09-29,-0.0071
ALLE,ALLEGION PUBLIC LIMITED COMPANY,Industrials,2026-09-29,0.0062
AME,"AMETEK, INC.",Industrials,2026-09-29,0.0002
AOS,A. O. SMITH ,Industrials,2026-09-29,-0.0107
AXON,"AXON ENTERPRISE, INC.",Industrials,2026-09-29,-0.0245
BA,THE BOEING COMPANY,Industrials,2026-09-29,-0.0525
BLDR,"BUILDERS FIRSTSOURCE, INC.",Industrials,2026-09-29,-0.0277
BR,"BROADRIDGE FINANCIAL SOLUTIONS, INC.",Industrials,2026-09-29,-0.0172
CARR,CARRIER GLOBAL ,Industrials,2026-09-29,-0.0176
CAT,CATERPILLAR INC.,Industrials,2026-09-29,0.0062
CHRW,"C.H. ROBINSON WORLDWIDE, INC.",Industrials,2026-09-29,0.0177
CMI,CUMMINS INC.,Industrials,2026-09-29,-0.007
CPRT,"COPART, INC.",Industrials,2026-09-29,-0.0163
CSX,CSX ,Industrials,2026-09-29,0.0032
CTAS,CINTAS ,Industrials,2026-09-29,-0.0109
DAL,"DELTA AIR LINES, INC.",Industrials,2026-09-29,-0.0008
DE,DEERE & COMPANY,Industrials,2026-09-29,-0.0144
DOV,DOVER ,Industrials,2026-09-29,-0.0114
EFX,EQUIFAX INC.,Industrials,2026-09-29,-0.0492
EME,"EMCOR GROUP, INC.",Industrials,2026-09-29,-0.0002
EMR,EMERSON ELECTRIC CO.,Industrials,2026-09-29,-0.0063
ETN,EATON  PUBLIC LIMITED COMPANY,Industrials,2026-09-29,-0.0153
EXPD,EXPEDITORS INTERNATIONAL OF WASHINGTON,Industrials,2026-09-29,0.0037
FAST,FASTENAL COMPANY,Industrials,2026-09-29,-0.0093
FDX,FEDEX ,Industrials,2026-09-29,0.0057
FERG,FERGUSON ENTERPRISES INC.,Industrials,2026-09-29,0.0051
FIX,"COMFORT SYSTEMS USA, INC.",Industrials,2026-09-29,0.0037
FTV,FORTIVE ,Industrials,2026-09-29,-0.0121
GD,GENERAL DYNAMICS ,Industrials,2026-09-29,-0.013
GE,GENERAL ELECTRIC COMPANY,Industrials,2026-09-29,-0.0281
GEV,GE VERNOVA INC.,Industrials,2026-09-29,0.0051
GNRC,GENERAC HOLDINGS INC.,Industrials,2026-09-29,0.0196
GWW,"W.W. GRAINGER, INC.",Industrials,2026-09-29,0.0045
HII,"HUNTINGTON INGALLS INDUSTRIES, INC.",Industrials,2026-09-29,-0.0166
HON,HONEYWELL INTERNATIONAL INC.,Industrials,2026-09-29,-0.0114
HUBB,HUBBELL INC.,Industrials,2026-09-29,-0.0161
HWM,HOWMET AEROSPACE INC.,Industrials,2026-09-29,-0.0066
IEX,IDEX ,Industrials,2026-09-29,0.0015
IR,INGERSOLL RAND INC.,Industrials,2026-09-29,0.0053
ITW,ILLINOIS TOOL WORKS INC.,Industrials,2026-09-29,-0.0264
J,JACOBS SOLUTIONS INC.,Industrials,2026-09-29,-0.0137
JBHT,"J. B. HUNT TRANSPORT SERVICES, INC.",Industrials,2026-09-29,0.0169
JCI,JOHNSON CONTROLS INTERNATIONAL PLC,Industrials,2026-09-29,-0.0052
LDOS,"LEIDOS HOLDINGS, INC.",Industrials,2026-09-29,-0.0041
LHX,"L3HARRIS TECHNOLOGIES, INC.",Industrials,2026-09-29,-0.0051
LII,LENNOX INTERNATIONAL INC.,Industrials,2026-09-29,-0.0364
LMT,LOCKHEED MARTIN ,Industrials,2026-09-29,-0.0141
LUV,SOUTHWEST AIRLINES CO.,Industrials,2026-09-29,-0.0141
MAS,MASCO ,Industrials,2026-09-29,-0.007
MMM,3M COMPANY,Industrials,2026-09-29,-0.0063
NDSN,NORDSON ,Industrials,2026-09-29,0.0115
NOC,NORTHROP GRUMMAN ,Industrials,2026-09-29,-0.0116
NSC,NORFOLK SOUTHERN ,Industrials,2026-09-29,0.0
ODFL,"OLD DOMINION FREIGHT LINE, INC.",Industrials,2026-09-29,0.024
OTIS,OTIS WORLDWIDE ,Industrials,2026-09-29,-0.0047
PAYX,"PAYCHEX, INC.",Industrials,2026-09-29,-0.0203
PCAR,PACCAR INC,Industrials,2026-09-29,0.0044
PH,PARKER-HANNIFIN ,Industrials,2026-09-29,-0.0081
PNR,PENTAIR PUBLIC LIMITED COMPANY,Industrials,2026-09-29,-0.0035
PWR,"QUANTA SERVICES, INC.",Industrials,2026-09-29,0.0041
ROK,"ROCKWELL AUTOMATION, INC.",Industrials,2026-09-29,-0.006
ROL,"ROLLINS, INC.",Industrials,2026-09-29,0.0157
RSG,"REPUBLIC SERVICES, INC.",Industrials,2026-09-29,-0.0008
RTX,RTX ,Industrials,2026-09-29,-0.013
SNA,SNAP-ON INC.,Industrials,2026-09-29,-0.0057
SWK,"STANLEY BLACK & DECKER, INC.",Industrials,2026-09-29,-0.0286
TDG,TRANSDIGM GROUP INC.,Industrials,2026-09-29,-0.0147
TT,TRANE TECHNOLOGIES PLC,Industrials,2026-09-29,0.0025
TXT,TEXTRON INC.,Industrials,2026-09-29,0.0136
UAL,"UNITED AIRLINES HOLDINGS, INC.",Industrials,2026-09-29,-0.0118
UBER,"UBER TECHNOLOGIES, INC.",Industrials,2026-09-29,-0.0037
UNP,UNION PACIFIC ,Industrials,2026-09-29,0.0013
UPS,"UNITED PARCEL SERVICE, INC.",Industrials,2026-09-29,-0.0003
URI,"UNITED RENTALS, INC.",Industrials,2026-09-29,-0.0311
VLTO,VERALTO ,Industrials,2026-09-29,-0.005
VRSK,"VERISK ANALYTICS, INC.",Industrials,2026-09-29,-0.0193
VRT,VERTIV HOLDINGS CO,Industrials,2026-09-29,-0.0195
WAB,WESTINGHOUSE AIR BRAKE TECHNOLOGIES ,Industrials,2026-09-29,0.0112
WM,"WASTE MANAGEMENT, INC.",Industrials,2026-09-29,0.0013
XYL,XYLEM INC.,Industrials,2026-09-29,-0.0166
AAPL,APPLE INC.,Information Technology,2026-09-29,-0.0342
ACN,ACCENTURE PUBLIC LIMITED COMPANY,Information Technology,2026-09-29,0.0057
ADBE,ADOBE INC.,Information Technology,2026-09-29,-0.0098
ADI,"ANALOG DEVICES, INC.",Information Technology,2026-09-29,0.0117
ADSK,"AUTODESK, INC.",Information Technology,2026-09-29,-0.0297
AKAM,"AKAMAI TECHNOLOGIES, INC.",Information Technology,2026-09-29,-0.0482
AMAT,"APPLIED MATERIALS, INC.",Information Technology,2026-09-29,0.0557
AMD,"ADVANCED MICRO DEVICES, INC.",Information Technology,2026-09-29,-0.0366
ANET,"ARISTA NETWORKS, INC.",Information Technology,2026-09-29,-0.0179
APH,AMPHENOL ,Information Technology,2026-09-29,0.003
APP,APPLOVIN CORP,Information Technology,2026-09-29,-0.0164
AVGO,BROADCOM INC.,Information Technology,2026-09-29,0.0065
CDNS,"CADENCE DESIGN SYSTEMS, INC.",Information Technology,2026-09-29,-0.006
CDW,CDW ,Information Technology,2026-09-29,-0.0422
CIEN,CIENA CORPORATION,Information Technology,2026-09-29,-0.0056
COHR,COHERENT CORP.,Information Technology,2026-09-29,-0.0122
CRM,"SALESFORCE, INC.",Information Technology,2026-09-29,-0.0372
CRWD,"CROWDSTRIKE HOLDINGS, INC.",Information Technology,2026-09-29,0.0421
CSCO,"CISCO SYSTEMS, INC.",Information Technology,2026-09-29,0.0022
CTSH,COGNIZANT TECHNOLOGY SOLUTIONS ,Information Technology,2026-09-29,-0.0085
DDOG,"DATADOG, INC.",Information Technology,2026-09-29,0.0016
DELL,DELL TECHNOLOGIES INC.,Information Technology,2026-09-29,-0.0414
EPAM,"EPAM SYSTEMS, INC.",Information Technology,2026-09-29,-0.0101
FFIV,"F5, INC.",Information Technology,2026-09-29,-0.0113
FICO,FAIR ISAAC ,Information Technology,2026-09-29,-0.2841
FLEX,FLEX LTD.,Information Technology,2026-09-29,-0.0074
FSLR,"FIRST SOLAR, INC.",Information Technology,2026-09-29,-0.0044
FTNT,"FORTINET, INC.",Information Technology,2026-09-29,0.0144
GDDY,GODADDY INC.,Information Technology,2026-09-29,-0.0317
GEN,GEN DIGITAL INC.,Information Technology,2026-09-29,-0.0356
GLW,CORNING INC.,Information Technology,2026-09-29,0.0126
HPE,HEWLETT PACKARD ENTERPRISE COMPANY,Information Technology,2026-09-29,-0.023
HPQ,HP INC.,Information Technology,2026-09-29,-0.0182
IBM,INTERNATIONAL BUSINESS MACHINES ,Information Technology,2026-09-29,-0.0245
INTC,INTEL ,Information Technology,2026-09-29,-0.0575
INTU,INTUIT INC.,Information Technology,2026-09-29,-0.0281
IT,"GARTNER, INC.",Information Technology,2026-09-29,-0.0109
JBL,JABIL INC.,Information Technology,2026-09-29,0.0066
KEYS,"KEYSIGHT TECHNOLOGIES, INC.",Information Technology,2026-09-29,-0.0041
KLAC,KLA ,Information Technology,2026-09-29,0.0458
LITE,LUMENTUM HOLDINGS INC.,Information Technology,2026-09-29,0.0338
LRCX,LAM RESEARCH ,Information Technology,2026-09-29,0.0274
MCHP,MICROCHIP TECHNOLOGY INC.,Information Technology,2026-09-29,0.0011
MPWR,"MONOLITHIC POWER SYSTEMS, INC.",Information Technology,2026-09-29,-0.0084
MRVL,"MARVELL TECHNOLOGY, INC.",Information Technology,2026-09-29,0.0051
MSFT,MICROSOFT ,Information Technology,2026-09-29,-0.014
MSI,"MOTOROLA SOLUTIONS, INC.",Information Technology,2026-09-29,-0.0236
MU,"MICRON TECHNOLOGY, INC.",Information Technology,2026-09-29,-0.0159
NOW,"SERVICENOW, INC.",Information Technology,2026-09-29,-0.0419
NTAP,"NETAPP, INC.",Information Technology,2026-09-29,0.0399
NVDA,NVIDIA ,Information Technology,2026-09-29,0.0095
NXPI,NXP SEMICONDUCTORS NV,Information Technology,2026-09-29,-0.0068
ON,ON SEMICONDUCTOR ,Information Technology,2026-09-29,-0.0162
ORCL,ORACLE ,Information Technology,2026-09-29,0.005
PANW,"PALO ALTO NETWORKS, INC.",Information Technology,2026-09-29,0.0365
PLTR,PALANTIR TECHNOLOGIES INC.,Information Technology,2026-09-29,-0.0142
PTC,PTC INC.,Information Technology,2026-09-29,-0.0041
Q,"QNITY ELECTRONICS, INC.",Information Technology,2026-09-29,0.0074
QCOM,QUALCOMM INC.,Information Technology,2026-09-29,-0.0885
ROP,"ROPER TECHNOLOGIES, INC.",Information Technology,2026-09-29,-0.0254
SMCI,"SUPER MICRO COMPUTER, INC.",Information Technology,2026-09-29,-0.0518
SNDK,SANDISK CORPORATION,Information Technology,2026-09-29,-0.027
SNPS,"SYNOPSYS, INC.",Information Technology,2026-09-29,-0.0251
STX,SEAGATE TECHNOLOGY HOLDINGS,Information Technology,2026-09-29,-0.0037
SWKS,"SKYWORKS SOLUTIONS, INC.",Information Technology,2026-09-29,-0.0146
TDY,TELEDYNE TECHNOLOGIES INC.,Information Technology,2026-09-29,-0.0139
TEL,TE CONNECTIVITY LTD,Information Technology,2026-09-29,-0.0274
TER,"TERADYNE, INC.",Information Technology,2026-09-29,0.0116
TRMB,TRIMBLE INC.,Information Technology,2026-09-29,-0.0088
TXN,TEXAS INSTRUMENTS INC.,Information Technology,2026-09-29,0.013
TYL,"TYLER TECHNOLOGIES, INC.",Information Technology,2026-09-29,-0.0286
VRSN,"VERISIGN, INC.",Information Technology,2026-09-29,-0.0258
WDAY,"WORKDAY, INC.",Information Technology,2026-09-29,-0.0015
WDC,WESTERN DIGITAL ,Information Technology,2026-09-29,-0.0073
ZBRA,ZEBRA TECHNOLOGIES ,Information Technology,2026-09-29,0.016
ALB,ALBEMARLE ,Materials,2026-09-29,-0.0192
AMCR,AMCOR PLC,Materials,2026-09-29,-0.0012
APD,"AIR PRODUCTS AND CHEMICALS, INC.",Materials,2026-09-29,-0.0091
AVY,AVERY DENNISON ,Materials,2026-09-29,0.0026
BALL,BALL ,Materials,2026-09-29,-0.0032
CF,"CF INDUSTRIES HOLDINGS, INC.",Materials,2026-09-29,0.0091
CRH,CRH PUBLIC LIMITED COMPANY,Materials,2026-09-29,-0.006
CTVA,"CORTEVA, INC.",Materials,2026-09-29,-0.0083
DD,"DUPONT DE NEMOURS, INC.",Materials,2026-09-29,-0.0121
DOW,DOW INC.,Materials,2026-09-29,-0.0146
ECL,ECOLAB INC.,Materials,2026-09-29,-0.0058
FCX,FREEPORT-MCMORAN INC.,Materials,2026-09-29,-0.021
IFF,INTERNATIONAL FLAVORS & FRAGRANCES INC.,Materials,2026-09-29,-0.0051
IP,INTERNATIONAL PAPER COMPANY,Materials,2026-09-29,-0.0485
LIN,LINDE PUBLIC LIMITED COMPANY,Materials,2026-09-29,0.0074
LYB,LYONDELLBASELL INDUSTRIES NV,Materials,2026-09-29,0.0007
MLM,"MARTIN MARIETTA MATERIALS, INC.",Materials,2026-09-29,-0.0108
MOS,THE MOSAIC COMPANY,Materials,2026-09-29,-0.0256
NEM,NEWMONT ,Materials,2026-09-29,-0.0357
NUE,NUCOR ,Materials,2026-09-29,-0.0445
PKG,PACKAGING  OF AMERICA,Materials,2026-09-29,-0.0164
PPG,"PPG INDUSTRIES, INC.",Materials,2026-09-29,-0.014
SHW,THE SHERWIN-WILLIAMS COMPANY,Materials,2026-09-29,0.0041
STLD,"STEEL DYNAMICS, INC.",Materials,2026-09-29,-0.0503
SW,SMURFIT WESTROCK PUBLIC LIMITED COMPANY,Materials,2026-09-29,-0.0437
VMC,VULCAN MATERIALS COMPANY,Materials,2026-09-29,-0.0092
AMT,AMERICAN TOWER ,Real Estate,2026-09-29,-0.0099
ARE,"ALEXANDRIA REAL ESTATE EQUITIES, INC.",Real Estate,2026-09-29,-0.0292
BXP,"BOSTON PROPERTIES, INC.",Real Estate,2026-09-29,-0.0267
CBRE,"CBRE GROUP, INC.",Real Estate,2026-09-29,-0.0276
CCI,CROWN CASTLE INC.,Real Estate,2026-09-29,-0.0114
CPT,CAMDEN PROPERTY TRUST,Real Estate,2026-09-29,0.0035
CSGP,"COSTAR GROUP, INC.",Real Estate,2026-09-29,-0.0406
DLR,"DIGITAL REALTY TRUST, INC.",Real Estate,2026-09-29,-0.0115
DOC,"HEALTHDOC PROPERTIES, INC.",Real Estate,2026-09-29,-0.0089
EQIX,"EQUINIX, INC.",Real Estate,2026-09-29,0.0071
EQR,EQUITY RESIDENTIAL,Real Estate,2026-09-29,-0.0026
ESS,"ESSEX PROPERTY TRUST, INC.",Real Estate,2026-09-29,0.0085
EXR,EXTRA SPACE STORAGE INC.,Real Estate,2026-09-29,0.001
FRT,FEDERAL REALTY INVESTMENT TRUST,Real Estate,2026-09-29,-0.0102
HST,"HOST HOTELS & RESORTS, INC.",Real Estate,2026-09-29,0.0009
INVH,INVITATION HOMES INC.,Real Estate,2026-09-29,-0.0019
IRM,IRON MOUNTAIN INC.,Real Estate,2026-09-29,0.0011
KIM,KIMCO REALTY .,Real Estate,2026-09-29,-0.0009
MAA,"MID-AMERICA APARTMENT COMMUNITIES, INC.",Real Estate,2026-09-29,0.0007
O,REALTY INCOME ,Real Estate,2026-09-29,-0.0072
PLD,"PROLOGIS, INC.",Real Estate,2026-09-29,-0.0033
PSA,PUBLIC STORAGE.,Real Estate,2026-09-29,-0.0083
REG,REGENCY CENTERS ,Real Estate,2026-09-29,-0.0078
SBAC,SBA COMMUNICATIONS ,Real Estate,2026-09-29,-0.0201
SPG,"SIMON PROPERTY GROUP, INC.",Real Estate,2026-09-29,-0.0026
UDR,"UDR, INC.",Real Estate,2026-09-29,0.0033
VICI,VICI PROPERTIES INC.,Real Estate,2026-09-29,-0.0132
VTR,"VENTAS, INC.",Real Estate,2026-09-29,0.0037
WELL,WELLTOWER INC.,Real Estate,2026-09-29,0.0066
WY,WEYERHAEUSER COMPANY,Real Estate,2026-09-29,-0.023
DXY,US DOLLAR INDEX,USD,2026-09-29,0.0037
AEE,AMEREN ,Utilities,2026-09-29,0.0087
AEP,"AMERICAN ELECTRIC POWER COMPANY, INC.",Utilities,2026-09-29,0.008
AES,THE AES ,Utilities,2026-09-29,-0.0007
ATO,ATMOS ENERGY ,Utilities,2026-09-29,0.0025
AWK,"AMERICAN WATER WORKS COMPANY, INC.",Utilities,2026-09-29,-0.0085
CEG,CONSTELLATION ENERGY,Utilities,2026-09-29,0.005
CMS,CMS ENERGY ,Utilities,2026-09-29,0.0079
CNP,"CENTERPOINT ENERGY, INC.",Utilities,2026-09-29,0.0027
D,"DOMINION ENERGY, INC.",Utilities,2026-09-29,-0.0007
DTE,DTE ENERGY COMPANY,Utilities,2026-09-29,0.0078
DUK,DUKE ENERGY ,Utilities,2026-09-29,0.0076
ED,"CONSOLIDATED EDISON, INC.",Utilities,2026-09-29,0.0022
EIX,EDISON INTERNATIONAL,Utilities,2026-09-29,0.0173
ES,EVERSOURCE ENERGY,Utilities,2026-09-29,0.0036
ETR,ENTERGY ,Utilities,2026-09-29,0.0121
EVRG,"EVERGY, INC.",Utilities,2026-09-29,0.0088
EXC,EXELON ,Utilities,2026-09-29,0.0077
FE,FIRSTENERGY CORP.,Utilities,2026-09-29,0.0079
LNT,ALLIANT ENERGY ,Utilities,2026-09-29,0.0116
NEE,"NEXTERA ENERGY, INC.",Utilities,2026-09-29,-0.0025
NI,NISOURCE INC.,Utilities,2026-09-29,-0.0025
NRG,"NRG ENERGY, INC.",Utilities,2026-09-29,-0.0319
PCG,PG&E ,Utilities,2026-09-29,-0.013
PEG,PUBLIC SERVICE ENTERPRISE GROUP INC.,Utilities,2026-09-29,0.0098
PNW,PINNACLE WEST CAPITAL ,Utilities,2026-09-29,0.0181
PPL,PPL ,Utilities,2026-09-29,0.0172
SO,THE SOUTHERN COMPANY,Utilities,2026-09-29,0.0069
SRE,SEMPRA,Utilities,2026-09-29,0.0032
VST,VISTRA CORP.,Utilities,2026-09-29,0.0171
WEC,"WEC ENERGY GROUP, INC.",Utilities,2026-09-29,0.0111
XEL,XCEL ENERGY INC.,Utilities,2026-09-29,0.0128
FVX,5 YR TSY YLD NDX,Yields,2026-09-29,0.01
TNX,10 Y TSY YLD NDX,Yields,2026-09-29,0.0154
TYX,30 Y TSY YLD NDX,Yields,2026-09-29,0.0164
ASC,ARDMORE SHIPPING ,,2026-09-29,0.0331
BTC=F,BITCOIN FUTURES,,2026-09-29,-0.0047
BTI,BRITISH AMERICAN TOBACCO P.L.C.,,2026-09-29,-0.014
BTU,PEABODY ENERGY ,,2026-09-29,-0.0421
CALM,"CAL-MAINE FOODS, INC.",,2026-09-29,0.0166
CANE,TEUCRIUM:SUGAR,,2026-09-29,0.0134
CCJ,CAMECO ,,2026-09-29,-0.0135
CMBT,CMB.TECH NV,,2026-09-29,-0.0032
CMRE,COSTAMARE INC.,,2026-09-29,0.0151
CNR,"CORE NATURAL RESOURCES, INC.",,2026-09-29,-0.0283
COMT,ISHARES:GSCI COMM DYN RS,,2026-09-29,-0.0165
CORN,TEUCRIUM:CORN,,2026-09-29,-0.0117
CPER,UNITED STATES COPPER IDX,,2026-09-29,-0.0167
CRESY,CRESUD INC.,,2026-09-29,-0.0842
DBA,INVESCO DB MS AGRI,,2026-09-29,-0.0102
DBB,INVESCO DB MS BMTL,,2026-09-29,-0.0143
DBC,INVESCO DB CM IDX,,2026-09-29,-0.019
DHT,"DHT HOLDINGS, INC.",,2026-09-29,0.0294
DIA,SPDR DOW JONES INDUS AVG,,2026-09-29,-0.0089
DJI,DOW JONES INDUSTRIAL AVG INDEX,,2026-09-29,-0.0092
EC,ECOPETROL SA,,2026-09-29,-0.0036
ECH,ISHARES:MSCI CHILE,,2026-09-29,-0.0282
EDEN,ISHARES:MSCI DENMARK,,2026-09-29,-0.0071
EFNL,ISHARES:MSCI FINLAND,,2026-09-29,-0.016
EIDO,ISHARES:MSCI INDONESIA,,2026-09-29,-0.0142
EIRL,ISHARES:MSCI IRELAND,,2026-09-29,0.0051
EIS,ISHARES:MSCI ISRAEL,,2026-09-29,-0.0125
ENZL,ISHARES:MSCI NEW ZLND,,2026-09-29,-0.0174
EPHE,ISHARES:MSCI PHILIPPINES,,2026-09-29,-0.0141
EPOL,ISHARES:MSCI POLAND,,2026-09-29,-0.0145
EPU,ISHARES:MSCI PERU,,2026-09-29,-0.0148
ES=F,E-MINI S&P 500 FUTURES,,2026-09-29,-0.008
EWA,ISHARES:MSCI AUSTRALIA,,2026-09-29,-0.0021
EWC,ISHARES:MSCI CANADA,,2026-09-29,-0.0111
EWD,ISHARES:MSCI SWEDEN,,2026-09-29,-0.0177
EWG,ISHARES:MSCI GERMANY,,2026-09-29,-0.0085
EWH,ISHARES:MSCI HONG KONG,,2026-09-29,-0.0018
EWI,ISHARES:MSCI ITALY,,2026-09-29,-0.0136
EWJ,ISHARES:MSCI JAPAN,,2026-09-29,-0.0145
EWK,ISHARES:MSCI BELGIUM,,2026-09-29,-0.0202
EWL,ISHARES:MSCI SWITZERLAND,,2026-09-29,-0.0114
EWM,ISHARES:MSCI MALAYSIA,,2026-09-29,-0.0208
EWN,ISHARES:MSCI NETHERLANDS,,2026-09-29,0.0082
EWO,ISHARES:MSCI AUSTRIA,,2026-09-29,-0.0111
EWP,ISHARES:MSCI SPAIN,,2026-09-29,-0.0188
EWQ,ISHARES:MSCI FRANCE,,2026-09-29,-0.0132
EWS,ISHARES:MSCI SINGAPORE,,2026-09-29,-0.003
EWT,ISHARES:MSCI TAIWAN,,2026-09-29,-0.0058
EWU,ISHARES:MSCI UK,,2026-09-29,-0.0099
EWW,ISHARES:MSCI MEXICO,,2026-09-29,-0.0176
EWY,ISHARES:MSCI S KOREA,,2026-09-29,-0.0004
EWZ,ISHARES:MSCI BRAZIL,,2026-09-29,-0.0095
FRO,FRONTLINE PLC,,2026-09-29,0.0251
FTI,TECHNIPFMC PLC,,2026-09-29,-0.0301
FXA,INVESCO:AU DOLLAR,,2026-09-29,-0.0057
FXB,INVESCO:GBP STERLING,,2026-09-29,-0.0016
FXC,INVESCO:CANADIAN DOLLAR,,2026-09-29,-0.0029
FXE,INVESCO:EURO,,2026-09-29,-0.0047
FXY,INVESCO:JAPANESE YEN,,2026-09-29,-0.0005
GDX,VANECK:GOLD MINERS,,2026-09-29,-0.0409
GDXJ,VANECK:JR GOLD MINERS,,2026-09-29,-0.0438
GEOS,GEOSPACE TECHNOLOGIES ,,2026-09-29,-0.0281
GGB,GERDAU SA,,2026-09-29,-0.0433
GLATF,GLOBAL ATOMIC ,,2026-09-29,-0.0345
GNK,GENCO SHIPPING & TRADING LIMITED,,2026-09-29,-0.0042
GREK,GLBL X MSCI GREECE,,2026-09-29,0.0065
HLX,"HELIX ENERGY SOLUTIONS GROUP, INC.",,2026-09-29,-0.0586
HYD,VANECK:HIGH YIELD MUNI,,2026-09-29,-0.0081
ICL,ICL GROUP LTD,,2026-09-29,0.0058
INDA,ISHARES:MSCI INDIA,,2026-09-29,-0.0192
IWD,ISHARES:RUSS 1000 VL ETF,,2026-09-29,-0.0117
IWF,ISHARES:RUSS 1000 GR ETF,,2026-09-29,-0.0075
IWM,ISHARES:RUSS 2000 ETF,,2026-09-29,-0.0105
JNK,SPDR BBG HIGH YIELD BD,,2026-09-29,-0.0075
MCHI,ISHARES:MSCI CHINA,,2026-09-29,-0.0099
MDY,SPDR S&P MIDCAP 400 ETF,,2026-09-29,-0.0085
MP,MP MATERIALS CORP,,2026-09-29,-0.0696
MTUM,ISHARES:MSCI USA MOM FCT,,2026-09-29,-0.0049
MUB,ISHARES:NATL MUNI BOND,,2026-09-29,-0.0088
NDX,NASDAQ 100 INDEX,,2026-09-29,-0.0088
NORW,GLBL X MSCI NORWAY ETF,,2026-09-29,-0.0176
NOV,NOV INC.,,2026-09-29,-0.0443
NQ=F,NASDAQ 100 FUTURES,,2026-09-29,-0.008
OEF,ISHARES:S&P 100,,2026-09-29,-0.0111
PAM,PAMPA ENERGIA SA,,2026-09-29,-0.0126
PBR,BRAZILIAN PETROLEUM  - PETROBRAS,,2026-09-29,0.0137
PFF,ISHARES:PREF AND INC SEC,,2026-09-29,-0.0104
POWA,INVESCO BLOOMBERG PRICING POWER,,2026-09-29,-0.0038
PPLT,ABRDN:PHYSICAL PLATINUM,,2026-09-29,-0.0385
QAT,ISHARES:MSCI QATAR,,2026-09-29,-0.0239
QQQ,INVESCO QQQ TRUST 1,,2026-09-29,-0.0088
QUAL,ISHARES:MSCI USA QF,,2026-09-29,-0.0016
RIG,TRANSOCEAN LTD,,2026-09-29,-0.0316
ROKU,"ROKU, INC.",,2026-09-29,-0.0035
RSP,INVESCO S&P500 EWGHT,,2026-09-29,-0.0076
RUT,RUSSELL 2000 INDEX,,2026-09-29,-0.0104
SBLK,STAR BULK CARRIERS CORP.,,2026-09-29,-0.0115
SCHP,SCHWAB STR:US TIPS,,2026-09-29,-0.0047
SD,"SANDRIDGE ENERGY, INC.",,2026-09-29,-0.0324
SDY,SPDR S&P DIVIDEND,,2026-09-29,-0.006
SILJ,ETFMG PRIME JR SILVR MNR,,2026-09-29,-0.0534
SLV,ISHARES:SILVER TRUST,,2026-09-29,-0.0458
SM,SM ENERGY COMPANY,,2026-09-29,-0.0236
SMH,VANECK:SEMICONDUCTOR,,2026-09-29,0.0006
SOYB,TEUCRIUM:SOYBEAN,,2026-09-29,-0.0047
SPHB,INVESCO S&P500 HI BE,,2026-09-29,-0.0083
SPLV,INVESCO S&P500 LOWVL,,2026-09-29,-0.0015
SPX,S&P 500 INDEX,,2026-09-29,-0.0094
SPY,SPDR S&P 500 ETF,,2026-09-29,-0.0093
STLA,STELLANTIS NV,,2026-09-29,-0.037
STNG,SCORPIO TANKERS INC.,,2026-09-29,0.0255
TAGS,TEUCRIUM:AGRICULTURAL,,2026-09-29,-0.0072
TDW,TIDEWATER INC.,,2026-09-29,-0.0425
TECK,TECK RESOURCES LIMITED,,2026-09-29,-0.0182
THD,ISHARES:MSCI THAI,,2026-09-29,-0.0163
TS,TENARIS SA,,2026-09-29,-0.0076
TUR,ISHARES:MSCI TURKEY,,2026-09-29,-0.0448
URA,GLBL X URANIUM ETF,,2026-09-29,-0.0213
URNM,SPROTT URANIUM MINERS,,2026-09-29,-0.0179
UUP,INVESCO DB USD IDX BL,,2026-09-29,0.0045
VAL,VALARIS LIMITED,,2026-09-29,-0.0314
VIX,CBOE MKT VOLATILITY IDX,,2026-09-29,0.0787
VNM,VANECK:VIETNAM,,2026-09-29,-0.0075
VXN,CBOE NASDAQ MKT VOL NDX,,2026-09-29,0.0575
WEAT,TEUCRIUM:WHEAT,,2026-09-29,-0.0176
XES,SPDR S&P OIL&GAS E&S,,2026-09-29,-0.0425
XLB,SEL SECTOR:MATRLS SPDR,,2026-09-29,-0.0141
XLC,SEL SECTOR:COMM SVC SPDR,,2026-09-29,-0.0132
XLE,SEL SECTOR:ENERGY SPDR,,2026-09-29,-0.0081
XLF,SEL SECTOR:FINL S SPDR,,2026-09-29,-0.0151
XLI,SEL SECTOR:INDUST SPDR,,2026-09-29,-0.0076
XLK,SEL SECTOR:TECH SPDR,,2026-09-29,-0.009
XLP,SEL SECTOR:C STP SPDR,,2026-09-29,-0.0026
XLRE,SEL SECTOR:RL EST SPDR,,2026-09-29,-0.0053
XLU,SEL SECTOR:UTIL SPDR,,2026-09-29,0.0051
XLV,SEL SECTOR:H CARE SPDR,,2026-09-29,0.0002
XLY,SEL SECTOR:C DSC SPDR,,2026-09-29,-0.0128
XOP,SPDR S&P OIL&GAS EXP,,2026-09-29,-0.0158
