Date,Ticker,Ticker_name,Exposure,Category,model_score_mtd_change,current_model_score,previous_model_score
2026-09-30,A,"AGILENT TECHNOLOGIES, INC.",Health Care,Health Care,-11.0,-37.0,-26.0
2026-09-30,AAPL,APPLE INC.,Information Technology,Information Technology,-29.0,-3.0,26.0
2026-09-30,ABBV,ABBVIE INC.,Health Care,Health Care,31.0,26.0,-5.0
2026-09-30,ABNB,"AIRBNB, INC.",Consumer Discretionary,Consumer Discretionary,83.0,30.0,-53.0
2026-09-30,ABT,ABBOTT LABORATORIES,Health Care,Health Care,47.0,27.0,-20.0
2026-09-30,ACGL,ARCH CAPITAL GROUP LTD.,Financials,Financials,-39.0,-3.0,36.0
2026-09-30,ACN,ACCENTURE PUBLIC LIMITED COMPANY,Information Technology,Information Technology,61.0,-24.0,-85.0
2026-09-30,ADBE,ADOBE INC.,Information Technology,Information Technology,29.0,-14.0,-43.0
2026-09-30,ADI,"ANALOG DEVICES, INC.",Information Technology,Information Technology,-34.0,-12.0,22.0
2026-09-30,ADM,ARCHER-DANIELS-MIDLAND COMPANY.,Consumer Staples,Consumer Staples,-34.0,-15.0,19.0
2026-09-30,ADP,"AUTOMATIC DATA PROCESSING, INC.",Industrials,Industrials,117.0,56.0,-61.0
2026-09-30,ADSK,"AUTODESK, INC.",Information Technology,Information Technology,75.0,-13.0,-88.0
2026-09-30,AEE,AMEREN ,Utilities,Utilities,-60.0,0.0,60.0
2026-09-30,AEP,"AMERICAN ELECTRIC POWER COMPANY, INC.",Utilities,Utilities,-28.0,17.0,45.0
2026-09-30,AES,THE AES ,Utilities,Utilities,-19.0,-24.0,-5.0
2026-09-30,AFL,AFLAC INC.,Financials,Financials,2.0,45.0,43.0
2026-09-30,AIG,"AMERICAN INTERNATIONAL GROUP, INC.",Financials,Financials,-54.0,3.0,57.0
2026-09-30,AIZ,"ASSURANT, INC.",Financials,Financials,-9.0,33.0,42.0
2026-09-30,AJG,ARTHUR J. GALLAGHER & CO.,Financials,Financials,39.0,19.0,-20.0
2026-09-30,AKAM,"AKAMAI TECHNOLOGIES, INC.",Information Technology,Information Technology,7.0,29.0,22.0
2026-09-30,ALB,ALBEMARLE ,Materials,Materials,69.0,62.0,-7.0
2026-09-30,ALGN,"ALIGN TECHNOLOGY, INC.",Health Care,Health Care,1.0,29.0,28.0
2026-09-30,ALL,THE ALLSTATE ,Financials,Financials,-13.0,0.0,13.0
2026-09-30,ALLE,ALLEGION PUBLIC LIMITED COMPANY,Industrials,Industrials,-49.0,-13.0,36.0
2026-09-30,AMAT,"APPLIED MATERIALS, INC.",Information Technology,Information Technology,39.0,22.0,-17.0
2026-09-30,AMCR,AMCOR PLC,Materials,Materials,-16.0,4.0,20.0
2026-09-30,AMD,"ADVANCED MICRO DEVICES, INC.",Information Technology,Information Technology,-3.0,10.0,13.0
2026-09-30,AME,"AMETEK, INC.",Industrials,Industrials,-23.0,14.0,37.0
2026-09-30,AMGN,AMGEN INC.,Health Care,Health Care,74.0,48.0,-26.0
2026-09-30,AMP,"AMERIPRISE FINANCIAL, INC.",Financials,Financials,65.0,55.0,-10.0
2026-09-30,AMT,AMERICAN TOWER ,Real Estate,Real Estate,96.0,18.0,-78.0
2026-09-30,AMZN,"AMAZON.COM, INC.",Consumer Discretionary,Consumer Discretionary,-8.0,15.0,23.0
2026-09-30,ANET,"ARISTA NETWORKS, INC.",Information Technology,Information Technology,-30.0,-24.0,6.0
2026-09-30,AON,AON PLC,Financials,Financials,26.0,0.0,-26.0
2026-09-30,AOS,A. O. SMITH ,Industrials,Industrials,49.0,48.0,-1.0
2026-09-30,APA,APA ,Energy,Energy,43.0,14.0,-29.0
2026-09-30,APD,"AIR PRODUCTS AND CHEMICALS, INC.",Materials,Materials,78.0,35.0,-43.0
2026-09-30,APH,AMPHENOL ,Information Technology,Information Technology,17.0,26.0,9.0
2026-09-30,APO,"APOLLO GLOBAL MANAGEMENT, INC.",Financials,Financials,92.0,46.0,-46.0
2026-09-30,APP,APPLOVIN CORP,Information Technology,Information Technology,-22.0,-37.0,-15.0
2026-09-30,APTV,APTIV PLC,Consumer Discretionary,Consumer Discretionary,37.0,48.0,11.0
2026-09-30,ARE,"ALEXANDRIA REAL ESTATE EQUITIES, INC.",Real Estate,Real Estate,75.0,5.0,-70.0
2026-09-30,ARES,ARES MANAGEMENT CORP,Financials,Financials,49.0,12.0,-37.0
2026-09-30,ASC,ARDMORE SHIPPING ,,MR Discretion,3.0,6.0,3.0
2026-09-30,ATO,ATMOS ENERGY ,Utilities,Utilities,-30.0,17.0,47.0
2026-09-30,AVGO,BROADCOM INC.,Information Technology,Information Technology,-34.0,6.0,40.0
2026-09-30,AVY,AVERY DENNISON ,Materials,Materials,0.0,26.0,26.0
2026-09-30,AWK,"AMERICAN WATER WORKS COMPANY, INC.",Utilities,Utilities,59.0,-11.0,-70.0
2026-09-30,AXON,"AXON ENTERPRISE, INC.",Industrials,Industrials,88.0,45.0,-43.0
2026-09-30,AXP,AMERICAN EXPRESS COMPANY,Financials,Financials,-26.0,51.0,77.0
2026-09-30,AZO,"AUTOZONE, INC.",Consumer Discretionary,Consumer Discretionary,9.0,4.0,-5.0
2026-09-30,BA,THE BOEING COMPANY,Industrials,Industrials,35.0,38.0,3.0
2026-09-30,BAC,BANK OF AMERICA ,Financials,Financials,-27.0,-13.0,14.0
2026-09-30,BALL,BALL ,Materials,Materials,10.0,41.0,31.0
2026-09-30,BAX,BAXTER INTERNATIONAL INC.,Health Care,Health Care,-11.0,20.0,31.0
2026-09-30,BBY,"BEST BUY CO., INC.",Consumer Discretionary,Consumer Discretionary,-55.0,-22.0,33.0
2026-09-30,BDX,"BECTON, DICKINSON AND COMPANY",Health Care,Health Care,106.0,69.0,-37.0
2026-09-30,BEN,"FRANKLIN RESOURCES, INC.",Financials,Financials,-17.0,15.0,32.0
2026-09-30,BF.B,BROWN-FORMAN ,Consumer Staples,Consumer Staples,-29.0,5.0,34.0
2026-09-30,BG,BUNGE LIMITED,Consumer Staples,Consumer Staples,59.0,35.0,-24.0
2026-09-30,BIIB,BIOGEN INC.,Health Care,Health Care,38.0,9.0,-29.0
2026-09-30,BKNG,BOOKING HOLDINGS INC.,Consumer Discretionary,Consumer Discretionary,58.0,0.0,-58.0
2026-09-30,BKR,BAKER HUGHES COMPANY,Energy,Energy,51.0,41.0,-10.0
2026-09-30,BLDR,"BUILDERS FIRSTSOURCE, INC.",Industrials,Industrials,18.0,18.0,0.0
2026-09-30,BLK,"BLACKROCK, INC.",Financials,Financials,94.0,67.0,-27.0
2026-09-30,BMY,BRISTOL-MYERS SQUIBB COMPANY,Health Care,Health Care,2.0,35.0,33.0
2026-09-30,BNY,THE BANK OF NEW YORK MELLON ,Financials,Financials,-34.0,-0.0,34.0
2026-09-30,BR,"BROADRIDGE FINANCIAL SOLUTIONS, INC.",Industrials,Industrials,105.0,14.0,-91.0
2026-09-30,BRK.B,"BERKSHIRE HATHAWAY INC.,",Financials,Financials,-50.0,7.0,57.0
2026-09-30,BRO,"BROWN & BROWN, INC.",Financials,Financials,39.0,12.0,-27.0
2026-09-30,BSX,BOSTON SCIENTIFIC ,Health Care,Health Care,85.0,32.0,-53.0
2026-09-30,BTC=F,BITCOIN FUTURES,,Futures,7.0,-10.0,-17.0
2026-09-30,BTI,BRITISH AMERICAN TOBACCO P.L.C.,,MR Discretion,-35.0,37.0,72.0
2026-09-30,BTU,PEABODY ENERGY ,,MR Discretion,106.0,63.0,-43.0
2026-09-30,BX,BLACKSTONE INC,Financials,Financials,87.0,24.0,-63.0
2026-09-30,BXP,"BOSTON PROPERTIES, INC.",Real Estate,Real Estate,36.0,4.0,-32.0
2026-09-30,C,CITIGROUP INC.,Financials,Financials,44.0,52.0,8.0
2026-09-30,CAG,"CONAGRA BRANDS, INC.",Consumer Staples,Consumer Staples,56.0,13.0,-43.0
2026-09-30,CAH,"CARDINAL HEALTH, INC.",Health Care,Health Care,-12.0,33.0,45.0
2026-09-30,CALM,"CAL-MAINE FOODS, INC.",,MR Discretion,-61.0,-35.0,26.0
2026-09-30,CANE,TEUCRIUM:SUGAR,,Commodities,42.0,12.0,-30.0
2026-09-30,CARR,CARRIER GLOBAL ,Industrials,Industrials,-11.0,21.0,32.0
2026-09-30,CASY,"CASEY'S GENERAL STORES, INC.",Consumer Staples,Consumer Staples,-41.0,0.0,41.0
2026-09-30,CAT,CATERPILLAR INC.,Industrials,Industrials,-38.0,7.0,45.0
2026-09-30,CB,CHUBB LTD,Financials,Financials,-47.0,-20.0,27.0
2026-09-30,CBOE,"CBOE GLOBAL MARKETS, INC.",Financials,Financials,102.0,65.0,-37.0
2026-09-30,CBRE,"CBRE GROUP, INC.",Real Estate,Real Estate,-8.0,-13.0,-5.0
2026-09-30,CCI,CROWN CASTLE INC.,Real Estate,Real Estate,51.0,20.0,-31.0
2026-09-30,CCJ,CAMECO ,,MR Discretion,48.0,20.0,-28.0
2026-09-30,CCL,CARNIVAL CORP,Consumer Discretionary,Consumer Discretionary,-2.0,-22.0,-20.0
2026-09-30,CDNS,"CADENCE DESIGN SYSTEMS, INC.",Information Technology,Information Technology,-23.0,-28.0,-5.0
2026-09-30,CDW,CDW ,Information Technology,Information Technology,88.0,24.0,-64.0
2026-09-30,CEG,CONSTELLATION ENERGY,Utilities,Utilities,21.0,6.0,-15.0
2026-09-30,CF,"CF INDUSTRIES HOLDINGS, INC.",Materials,Materials,-10.0,-15.0,-5.0
2026-09-30,CFG,"CITIZENS FINANCIAL GROUP, INC.",Financials,Financials,26.0,61.0,35.0
2026-09-30,CHD,"CHURCH & DWIGHT CO., INC.",Consumer Staples,Consumer Staples,-12.0,23.0,35.0
2026-09-30,CHRW,"C.H. ROBINSON WORLDWIDE, INC.",Industrials,Industrials,-25.0,-25.0,0.0
2026-09-30,CHTR,"CHARTER COMMUNICATIONS, INC.",Communication Services,Communication Services,44.0,14.0,-30.0
2026-09-30,CI,THE CIGNA GROUP,Health Care,Health Care,-42.0,-16.0,26.0
2026-09-30,CIEN,CIENA CORPORATION,Information Technology,Information Technology,-47.0,-15.0,32.0
2026-09-30,CINF,CINCINNATI FINANCIAL ,Financials,Financials,-23.0,24.0,47.0
2026-09-30,CL,COLGATE-PALMOLIVE COMPANY,Consumer Staples,Consumer Staples,-5.0,12.0,17.0
2026-09-30,CLX,THE CLOROX COMPANY,Consumer Staples,Consumer Staples,13.0,0.0,-13.0
2026-09-30,CMBT,CMB.TECH NV,,MR Discretion,54.0,34.0,-20.0
2026-09-30,CMCSA,COMCAST ,Communication Services,Communication Services,44.0,4.0,-40.0
2026-09-30,CME,CME GROUP INC.,Financials,Financials,35.0,28.0,-7.0
2026-09-30,CMG,"CHIPOTLE MEXICAN GRILL, INC.",Consumer Discretionary,Consumer Discretionary,49.0,12.0,-37.0
2026-09-30,CMI,CUMMINS INC.,Industrials,Industrials,35.0,37.0,2.0
2026-09-30,CMRE,COSTAMARE INC.,,MR Discretion,-6.0,-17.0,-11.0
2026-09-30,CMS,CMS ENERGY ,Utilities,Utilities,-90.0,0.0,90.0
2026-09-30,CNC,CENTENE ,Health Care,Health Care,18.0,30.0,12.0
2026-09-30,CNP,"CENTERPOINT ENERGY, INC.",Utilities,Utilities,0.0,0.0,0.0
2026-09-30,CNR,"CORE NATURAL RESOURCES, INC.",,MR Discretion,94.0,30.0,-64.0
2026-09-30,COF,CAPITAL ONE FINANCIAL ,Financials,Financials,48.0,33.0,-15.0
2026-09-30,COHR,COHERENT CORP.,Information Technology,Information Technology,-3.0,0.0,3.0
2026-09-30,COIN,"COINBASE GLOBAL, INC.",Financials,Financials,39.0,-41.0,-80.0
2026-09-30,COMT,ISHARES:GSCI COMM DYN RS,,Commodities,1.0,-13.0,-14.0
2026-09-30,COO,"THE COOPER COMPANIES, INC.",Health Care,Health Care,-29.0,0.0,29.0
2026-09-30,COP,CONOCOPHILLIPS,Energy,Energy,53.0,10.0,-43.0
2026-09-30,COR,"CENCORA, INC.",Health Care,Health Care,-6.0,-33.0,-27.0
2026-09-30,CORN,TEUCRIUM:CORN,,Commodities,4.0,2.0,-2.0
2026-09-30,COST,COSTCO WHOLESALE ,Consumer Staples,Consumer Staples,19.0,22.0,3.0
2026-09-30,CPAY,"FLEETCOR TECHNOLOGIES, INC.",Financials,Financials,123.0,56.0,-67.0
2026-09-30,CPER,UNITED STATES COPPER IDX,,Commodities,-58.0,-29.0,29.0
2026-09-30,CPRT,"COPART, INC.",Industrials,Industrials,53.0,-17.0,-70.0
2026-09-30,CPT,CAMDEN PROPERTY TRUST,Real Estate,Real Estate,-8.0,9.0,17.0
2026-09-30,CRESY,CRESUD INC.,,MR Discretion,2.0,-21.0,-23.0
2026-09-30,CRH,CRH PUBLIC LIMITED COMPANY,Materials,Materials,62.0,37.0,-25.0
2026-09-30,CRL,CHARLES RIVER LABORATORIES,Health Care,Health Care,55.0,-20.0,-75.0
2026-09-30,CRM,"SALESFORCE, INC.",Information Technology,Information Technology,111.0,51.0,-60.0
2026-09-30,CRWD,"CROWDSTRIKE HOLDINGS, INC.",Information Technology,Information Technology,-62.0,-43.0,19.0
2026-09-30,CSCO,"CISCO SYSTEMS, INC.",Information Technology,Information Technology,55.0,45.0,-10.0
2026-09-30,CSGP,"COSTAR GROUP, INC.",Real Estate,Real Estate,142.0,40.0,-102.0
2026-09-30,CSX,CSX ,Industrials,Industrials,8.0,59.0,51.0
2026-09-30,CTAS,CINTAS ,Industrials,Industrials,38.0,12.0,-26.0
2026-09-30,CTSH,COGNIZANT TECHNOLOGY SOLUTIONS ,Information Technology,Information Technology,116.0,31.0,-85.0
2026-09-30,CTVA,"CORTEVA, INC.",Materials,Materials,16.0,35.0,19.0
2026-09-30,CVNA,CARVANA CO.,Consumer Discretionary,Consumer Discretionary,25.0,-38.0,-63.0
2026-09-30,CVS,CVS HEALTH ,Health Care,Health Care,17.0,29.0,12.0
2026-09-30,CVX,CHEVRON ,Energy,Energy,84.0,59.0,-25.0
2026-09-30,D,"DOMINION ENERGY, INC.",Utilities,Utilities,-48.0,-13.0,35.0
2026-09-30,DAL,"DELTA AIR LINES, INC.",Industrials,Industrials,51.0,34.0,-17.0
2026-09-30,DASH,"DOORDASH, INC.",Consumer Discretionary,Consumer Discretionary,68.0,25.0,-43.0
2026-09-30,DBA,INVESCO DB MS AGRI,,Commodities,27.0,18.0,-9.0
2026-09-30,DBB,INVESCO DB MS BMTL,,Commodities,34.0,33.0,-1.0
2026-09-30,DBC,INVESCO DB CM IDX,,Commodities,21.0,6.0,-15.0
2026-09-30,DD,"DUPONT DE NEMOURS, INC.",Materials,Materials,24.0,57.0,33.0
2026-09-30,DDOG,"DATADOG, INC.",Information Technology,Information Technology,-53.0,-16.0,37.0
2026-09-30,DE,DEERE & COMPANY,Industrials,Industrials,9.0,6.0,-3.0
2026-09-30,DECK,DECKERS OUTDOOR ,Consumer Discretionary,Consumer Discretionary,-9.0,1.0,10.0
2026-09-30,DELL,DELL TECHNOLOGIES INC.,Information Technology,Information Technology,28.0,26.0,-2.0
2026-09-30,DG,DOLLAR GENERAL ,Consumer Staples,Consumer Staples,25.0,54.0,29.0
2026-09-30,DGX,QUEST DIAGNOSTICS INC.,Health Care,Health Care,37.0,46.0,9.0
2026-09-30,DHI,"D.R. HORTON, INC.",Consumer Discretionary,Consumer Discretionary,38.0,-5.0,-43.0
2026-09-30,DHR,DANAHER ,Health Care,Health Care,62.0,-40.0,-102.0
2026-09-30,DHT,"DHT HOLDINGS, INC.",,MR Discretion,-8.0,36.0,44.0
2026-09-30,DIA,SPDR DOW JONES INDUS AVG,,Sector & Style ETFs,27.0,36.0,9.0
2026-09-30,DIS,THE WALT DISNEY COMPANY,Communication Services,Communication Services,122.0,45.0,-77.0
2026-09-30,DJI,DOW JONES INDUSTRIAL AVG INDEX,,Indices,17.0,18.0,1.0
2026-09-30,DLR,"DIGITAL REALTY TRUST, INC.",Real Estate,Real Estate,2.0,74.0,72.0
2026-09-30,DLTR,"DOLLAR TREE, INC.",Consumer Staples,Consumer Staples,-37.0,14.0,51.0
2026-09-30,DOC,"HEALTHDOC PROPERTIES, INC.",Real Estate,Real Estate,-19.0,-11.0,8.0
2026-09-30,DOV,DOVER ,Industrials,Industrials,-3.0,29.0,32.0
2026-09-30,DOW,DOW INC.,Materials,Materials,15.0,72.0,57.0
2026-09-30,DPZ,"DOMINO'S PIZZA, INC.",Consumer Discretionary,Consumer Discretionary,-49.0,0.0,49.0
2026-09-30,DRI,"DARDEN RESTAURANTS, INC.",Consumer Discretionary,Consumer Discretionary,-41.0,-4.0,37.0
2026-09-30,DTE,DTE ENERGY COMPANY,Utilities,Utilities,-60.0,0.0,60.0
2026-09-30,DUK,DUKE ENERGY ,Utilities,Utilities,-30.0,-20.0,10.0
2026-09-30,DVA,DAVITA INC.,Health Care,Health Care,15.0,15.0,0.0
2026-09-30,DVN,DEVON ENERGY ,Energy,Energy,117.0,69.0,-48.0
2026-09-30,DXCM,"DEXCOM, INC.",Health Care,Health Care,63.0,62.0,-1.0
2026-09-30,DXY,US DOLLAR INDEX,USD,Indices,-62.0,-52.0,10.0
2026-09-30,EBAY,EBAY INC.,Consumer Discretionary,Consumer Discretionary,-3.0,29.0,32.0
2026-09-30,EC,ECOPETROL SA,,MR Discretion,-7.0,-9.0,-2.0
2026-09-30,ECH,ISHARES:MSCI CHILE,,Foreign,-54.0,-20.0,34.0
2026-09-30,ECHO,ECHOSTAR CORPORATION,Communication Services,Communication Services,-4.0,-34.0,-30.0
2026-09-30,ECL,ECOLAB INC.,Materials,Materials,45.0,57.0,12.0
2026-09-30,ED,"CONSOLIDATED EDISON, INC.",Utilities,Utilities,-17.0,12.0,29.0
2026-09-30,EDEN,ISHARES:MSCI DENMARK,,Foreign,60.0,18.0,-42.0
2026-09-30,EDV,VANGUARD EXT DUR T;ETF,Bonds,Bonds,41.0,4.0,-37.0
2026-09-30,EFNL,ISHARES:MSCI FINLAND,,Foreign,85.0,40.0,-45.0
2026-09-30,EFX,EQUIFAX INC.,Industrials,Industrials,87.0,2.0,-85.0
2026-09-30,EG,"EVEREST GROUP, LTD.",Financials,Financials,3.0,25.0,22.0
2026-09-30,EIDO,ISHARES:MSCI INDONESIA,,Foreign,38.0,36.0,-2.0
2026-09-30,EIRL,ISHARES:MSCI IRELAND,,Foreign,100.0,28.0,-72.0
2026-09-30,EIS,ISHARES:MSCI ISRAEL,,Foreign,37.0,55.0,18.0
2026-09-30,EIX,EDISON INTERNATIONAL,Utilities,Utilities,32.0,3.0,-29.0
2026-09-30,EL,THE ESTEE LAUDER COMPANIES INC.,Consumer Staples,Consumer Staples,97.0,62.0,-35.0
2026-09-30,ELV,"ELEVANCE HEALTH, INC.",Health Care,Health Care,49.0,23.0,-26.0
2026-09-30,EME,"EMCOR GROUP, INC.",Industrials,Industrials,-43.0,-16.0,27.0
2026-09-30,EMR,EMERSON ELECTRIC CO.,Industrials,Industrials,8.0,-6.0,-14.0
2026-09-30,ENZL,ISHARES:MSCI NEW ZLND,,Foreign,6.0,4.0,-2.0
2026-09-30,EOG,"EOG RESOURCES, INC.",Energy,Energy,32.0,54.0,22.0
2026-09-30,EPAM,"EPAM SYSTEMS, INC.",Information Technology,Information Technology,62.0,-1.0,-63.0
2026-09-30,EPHE,ISHARES:MSCI PHILIPPINES,,Foreign,-7.0,31.0,38.0
2026-09-30,EPOL,ISHARES:MSCI POLAND,,Foreign,33.0,45.0,12.0
2026-09-30,EPU,ISHARES:MSCI PERU,,Foreign,29.0,63.0,34.0
2026-09-30,EQIX,"EQUINIX, INC.",Real Estate,Real Estate,36.0,70.0,34.0
2026-09-30,EQR,EQUITY RESIDENTIAL,Real Estate,Real Estate,50.0,24.0,-26.0
2026-09-30,EQT,EQT ,Energy,Energy,-9.0,-13.0,-4.0
2026-09-30,ERIE,ERIE INDEMNITY COMPANY,Financials,Financials,32.0,-11.0,-43.0
2026-09-30,ES,EVERSOURCE ENERGY,Utilities,Utilities,-26.0,-0.0,26.0
2026-09-30,ES=F,E-MINI S&P 500 FUTURES,,Futures,5.0,-13.0,-18.0
2026-09-30,ESS,"ESSEX PROPERTY TRUST, INC.",Real Estate,Real Estate,21.0,-5.0,-26.0
2026-09-30,ETN,EATON  PUBLIC LIMITED COMPANY,Industrials,Industrials,-10.0,-31.0,-21.0
2026-09-30,ETR,ENTERGY ,Utilities,Utilities,-45.0,-0.0,45.0
2026-09-30,EVRG,"EVERGY, INC.",Utilities,Utilities,0.0,0.0,0.0
2026-09-30,EW,EDWARDS LIFESCIENCES ,Health Care,Health Care,56.0,54.0,-2.0
2026-09-30,EWA,ISHARES:MSCI AUSTRALIA,,Foreign,71.0,27.0,-44.0
2026-09-30,EWC,ISHARES:MSCI CANADA,,Foreign,32.0,6.0,-26.0
2026-09-30,EWD,ISHARES:MSCI SWEDEN,,Foreign,22.0,18.0,-4.0
2026-09-30,EWG,ISHARES:MSCI GERMANY,,Foreign,93.0,64.0,-29.0
2026-09-30,EWH,ISHARES:MSCI HONG KONG,,Foreign,30.0,32.0,2.0
2026-09-30,EWI,ISHARES:MSCI ITALY,,Foreign,38.0,61.0,23.0
2026-09-30,EWJ,ISHARES:MSCI JAPAN,,Foreign,21.0,37.0,16.0
2026-09-30,EWK,ISHARES:MSCI BELGIUM,,Foreign,2.0,-10.0,-12.0
2026-09-30,EWL,ISHARES:MSCI SWITZERLAND,,Foreign,0.0,16.0,16.0
2026-09-30,EWM,ISHARES:MSCI MALAYSIA,,Foreign,31.0,21.0,-10.0
2026-09-30,EWN,ISHARES:MSCI NETHERLANDS,,Foreign,37.0,35.0,-2.0
2026-09-30,EWO,ISHARES:MSCI AUSTRIA,,Foreign,66.0,46.0,-20.0
2026-09-30,EWP,ISHARES:MSCI SPAIN,,Foreign,-65.0,-38.0,27.0
2026-09-30,EWQ,ISHARES:MSCI FRANCE,,Foreign,29.0,11.0,-18.0
2026-09-30,EWS,ISHARES:MSCI SINGAPORE,,Foreign,90.0,53.0,-37.0
2026-09-30,EWT,ISHARES:MSCI TAIWAN,,Foreign,16.0,25.0,9.0
2026-09-30,EWU,ISHARES:MSCI UK,,Foreign,10.0,36.0,26.0
2026-09-30,EWW,ISHARES:MSCI MEXICO,,Foreign,-54.0,-32.0,22.0
2026-09-30,EWY,ISHARES:MSCI S KOREA,,Foreign,8.0,7.0,-1.0
2026-09-30,EWZ,ISHARES:MSCI BRAZIL,,Foreign,19.0,25.0,6.0
2026-09-30,EXC,EXELON ,Utilities,Utilities,-56.0,0.0,56.0
2026-09-30,EXE,EXPAND ENERGY ,Energy,Energy,23.0,-13.0,-36.0
2026-09-30,EXPD,EXPEDITORS INTERNATIONAL OF WASHINGTON,Industrials,Industrials,82.0,53.0,-29.0
2026-09-30,EXPE,"EXPEDIA GROUP, INC.",Consumer Discretionary,Consumer Discretionary,23.0,0.0,-23.0
2026-09-30,EXR,EXTRA SPACE STORAGE INC.,Real Estate,Real Estate,16.0,25.0,9.0
2026-09-30,F,FORD MOTOR COMPANY,Consumer Discretionary,Consumer Discretionary,15.0,33.0,18.0
2026-09-30,FANG,"DIAMONDBACK ENERGY, INC.",Energy,Energy,96.0,47.0,-49.0
2026-09-30,FAST,FASTENAL COMPANY,Industrials,Industrials,21.0,5.0,-16.0
2026-09-30,FCX,FREEPORT-MCMORAN INC.,Materials,Materials,87.0,52.0,-35.0
2026-09-30,FDS,FACTSET RESEARCH SYSTEMS INC.,Financials,Financials,60.0,-4.0,-64.0
2026-09-30,FDX,FEDEX ,Industrials,Industrials,-13.0,0.0,13.0
2026-09-30,FE,FIRSTENERGY CORP.,Utilities,Utilities,-9.0,18.0,27.0
2026-09-30,FERG,FERGUSON ENTERPRISES INC.,Industrials,Industrials,39.0,29.0,-10.0
2026-09-30,FFIV,"F5, INC.",Information Technology,Information Technology,-61.0,-45.0,16.0
2026-09-30,FICO,FAIR ISAAC ,Information Technology,Information Technology,8.0,-6.0,-14.0
2026-09-30,FIS,FIDELITY NATIONAL INFORMATION SERVICES,Financials,Financials,-35.0,-13.0,22.0
2026-09-30,FISV,"FISERV, INC.",Financials,Financials,-14.0,-17.0,-3.0
2026-09-30,FITB,FIFTH THIRD BANCORP,Financials,Financials,-14.0,-10.0,4.0
2026-09-30,FIX,"COMFORT SYSTEMS USA, INC.",Industrials,Industrials,-9.0,15.0,24.0
2026-09-30,FLEX,FLEX LTD.,Information Technology,Information Technology,10.0,24.0,14.0
2026-09-30,FOXA,FOX ,Communication Services,Communication Services,110.0,36.0,-74.0
2026-09-30,FRO,FRONTLINE PLC,,MR Discretion,3.0,16.0,13.0
2026-09-30,FRT,FEDERAL REALTY INVESTMENT TRUST,Real Estate,Real Estate,0.0,16.0,16.0
2026-09-30,FSLR,"FIRST SOLAR, INC.",Information Technology,Information Technology,10.0,0.0,-10.0
2026-09-30,FTI,TECHNIPFMC PLC,,MR Discretion,-36.0,-17.0,19.0
2026-09-30,FTNT,"FORTINET, INC.",Information Technology,Information Technology,2.0,9.0,7.0
2026-09-30,FTV,FORTIVE ,Industrials,Industrials,53.0,61.0,8.0
2026-09-30,FVX,5 YR TSY YLD NDX,Yields,Yields,-46.0,-43.0,3.0
2026-09-30,FXA,INVESCO:AU DOLLAR,,Currencies,-3.0,-10.0,-7.0
2026-09-30,FXB,INVESCO:GBP STERLING,,Currencies,62.0,38.0,-24.0
2026-09-30,FXC,INVESCO:CANADIAN DOLLAR,,Currencies,96.0,63.0,-33.0
2026-09-30,FXE,INVESCO:EURO,,Currencies,48.0,12.0,-36.0
2026-09-30,FXY,INVESCO:JAPANESE YEN,,Currencies,-4.0,-10.0,-6.0
2026-09-30,GD,GENERAL DYNAMICS ,Industrials,Industrials,-9.0,0.0,9.0
2026-09-30,GDDY,GODADDY INC.,Information Technology,Information Technology,58.0,-28.0,-86.0
2026-09-30,GDX,VANECK:GOLD MINERS,,Commodities,91.0,34.0,-57.0
2026-09-30,GDXJ,VANECK:JR GOLD MINERS,,Commodities,75.0,18.0,-57.0
2026-09-30,GE,GENERAL ELECTRIC COMPANY,Industrials,Industrials,75.0,37.0,-38.0
2026-09-30,GEHC,GE HEALTHCARE TECHNOLOGIES INC.,Health Care,Health Care,66.0,56.0,-10.0
2026-09-30,GEN,GEN DIGITAL INC.,Information Technology,Information Technology,61.0,0.0,-61.0
2026-09-30,GEOS,GEOSPACE TECHNOLOGIES ,,MR Discretion,36.0,-3.0,-39.0
2026-09-30,GEV,GE VERNOVA INC.,Industrials,Industrials,-58.0,-25.0,33.0
2026-09-30,GGB,GERDAU SA,,MR Discretion,-61.0,-2.0,59.0
2026-09-30,GILD,"GILEAD SCIENCES, INC.",Health Care,Health Care,87.0,34.0,-53.0
2026-09-30,GIS,"GENERAL MILLS, INC.",Consumer Staples,Consumer Staples,45.0,2.0,-43.0
2026-09-30,GL,GLOBE LIFE INC.,Financials,Financials,-7.0,23.0,30.0
2026-09-30,GLATF,GLOBAL ATOMIC ,,MR Discretion,48.0,28.0,-20.0
2026-09-30,GLD,SPDR GOLD,Gold,Commodities,-5.0,-36.0,-31.0
2026-09-30,GLW,CORNING INC.,Information Technology,Information Technology,10.0,-12.0,-22.0
2026-09-30,GM,GENERAL MOTORS COMPANY,Consumer Discretionary,Consumer Discretionary,-59.0,-13.0,46.0
2026-09-30,GNK,GENCO SHIPPING & TRADING LIMITED,,MR Discretion,28.0,51.0,23.0
2026-09-30,GNRC,GENERAC HOLDINGS INC.,Industrials,Industrials,-54.0,-31.0,23.0
2026-09-30,GOOGL,ALPHABET INC.,Communication Services,Communication Services,40.0,38.0,-2.0
2026-09-30,GPC,GENUINE PARTS COMPANY,Consumer Discretionary,Consumer Discretionary,67.0,47.0,-20.0
2026-09-30,GPN,GLOBAL PAYMENTS INC.,Financials,Financials,21.0,4.0,-17.0
2026-09-30,GREK,GLBL X MSCI GREECE,,Foreign,96.0,76.0,-20.0
2026-09-30,GRMN,GARMIN LTD,Consumer Discretionary,Consumer Discretionary,-4.0,3.0,7.0
2026-09-30,GS,"THE GOLDMAN SACHS GROUP, INC.",Financials,Financials,-37.0,-0.0,37.0
2026-09-30,GWW,"W.W. GRAINGER, INC.",Industrials,Industrials,-22.0,4.0,26.0
2026-09-30,HAL,HALLIBURTON COMPANY,Energy,Energy,0.0,-26.0,-26.0
2026-09-30,HAS,"HASBRO, INC.",Consumer Discretionary,Consumer Discretionary,77.0,77.0,0.0
2026-09-30,HBAN,HUNTINGTON BANCSHARES INC.,Financials,Financials,52.0,69.0,17.0
2026-09-30,HCA,"HCA HEALTHCARE, INC.",Health Care,Health Care,-22.0,-26.0,-4.0
2026-09-30,HD,"THE HOME DEPOT, INC.",Consumer Discretionary,Consumer Discretionary,-8.0,18.0,26.0
2026-09-30,HIG,THE HARTFORD FINANCIAL SERVICES GROUP,Financials,Financials,-36.0,0.0,36.0
2026-09-30,HII,"HUNTINGTON INGALLS INDUSTRIES, INC.",Industrials,Industrials,39.0,56.0,17.0
2026-09-30,HLT,HILTON WORLDWIDE HOLDINGS INC.,Consumer Discretionary,Consumer Discretionary,24.0,12.0,-12.0
2026-09-30,HLX,"HELIX ENERGY SOLUTIONS GROUP, INC.",,MR Discretion,12.0,-5.0,-17.0
2026-09-30,HON,HONEYWELL INTERNATIONAL INC.,Industrials,Industrials,72.0,26.0,-46.0
2026-09-30,HOOD,"ROBINHOOD MARKETS, INC.",Financials,Financials,10.0,-43.0,-53.0
2026-09-30,HPE,HEWLETT PACKARD ENTERPRISE COMPANY,Information Technology,Information Technology,3.0,1.0,-2.0
2026-09-30,HPQ,HP INC.,Information Technology,Information Technology,86.0,19.0,-67.0
2026-09-30,HRL,HORMEL FOODS ,Consumer Staples,Consumer Staples,-28.0,27.0,55.0
2026-09-30,HSIC,"HENRY SCHEIN, INC.",Health Care,Health Care,62.0,54.0,-8.0
2026-09-30,HST,"HOST HOTELS & RESORTS, INC.",Real Estate,Real Estate,-6.0,22.0,28.0
2026-09-30,HSY,THE HERSHEY COMPANY,Consumer Staples,Consumer Staples,-43.0,2.0,45.0
2026-09-30,HUBB,HUBBELL INC.,Industrials,Industrials,17.0,-3.0,-20.0
2026-09-30,HUM,HUMANA INC.,Health Care,Health Care,24.0,28.0,4.0
2026-09-30,HWM,HOWMET AEROSPACE INC.,Industrials,Industrials,80.0,42.0,-38.0
2026-09-30,HYD,VANECK:HIGH YIELD MUNI,,Bonds,69.0,53.0,-16.0
2026-09-30,HYG,ISHARES:IBOXX $HY CORP,Bonds,Bonds,76.0,33.0,-43.0
2026-09-30,IBKR,"INTERACTIVE BROKERS GROUP, INC.",Financials,Financials,94.0,60.0,-34.0
2026-09-30,IBM,INTERNATIONAL BUSINESS MACHINES ,Information Technology,Information Technology,17.0,-9.0,-26.0
2026-09-30,ICE,"INTERCONTINENTAL EXCHANGE, INC.",Financials,Financials,56.0,3.0,-53.0
2026-09-30,ICL,ICL GROUP LTD,,MR Discretion,12.0,-11.0,-23.0
2026-09-30,IDXX,"IDEXX LABORATORIES, INC.",Health Care,Health Care,32.0,58.0,26.0
2026-09-30,IEF,ISHARES:7-10 TRS BD ETF,Bonds,Bonds,16.0,36.0,20.0
2026-09-30,IEX,IDEX ,Industrials,Industrials,-22.0,22.0,44.0
2026-09-30,IFF,INTERNATIONAL FLAVORS & FRAGRANCES INC.,Materials,Materials,99.0,36.0,-63.0
2026-09-30,INCY,INCYTE ,Health Care,Health Care,82.0,56.0,-26.0
2026-09-30,INDA,ISHARES:MSCI INDIA,,Foreign,32.0,5.0,-27.0
2026-09-30,INTC,INTEL ,Information Technology,Information Technology,-19.0,17.0,36.0
2026-09-30,INTU,INTUIT INC.,Information Technology,Information Technology,40.0,17.0,-23.0
2026-09-30,INVH,INVITATION HOMES INC.,Real Estate,Real Estate,-43.0,4.0,47.0
2026-09-30,IP,INTERNATIONAL PAPER COMPANY,Materials,Materials,29.0,46.0,17.0
2026-09-30,IQV,IQVIA HOLDINGS INC,Health Care,Health Care,14.0,-27.0,-41.0
2026-09-30,IR,INGERSOLL RAND INC.,Industrials,Industrials,27.0,3.0,-24.0
2026-09-30,IRM,IRON MOUNTAIN INC.,Real Estate,Real Estate,39.0,48.0,9.0
2026-09-30,ISRG,"INTUITIVE SURGICAL, INC.",Health Care,Health Care,59.0,-9.0,-68.0
2026-09-30,IT,"GARTNER, INC.",Information Technology,Information Technology,42.0,-49.0,-91.0
2026-09-30,ITW,ILLINOIS TOOL WORKS INC.,Industrials,Industrials,-32.0,15.0,47.0
2026-09-30,IVZ,INVESCO LTD.,Financials,Financials,52.0,64.0,12.0
2026-09-30,IWD,ISHARES:RUSS 1000 VL ETF,,Sector & Style ETFs,37.0,36.0,-1.0
2026-09-30,IWF,ISHARES:RUSS 1000 GR ETF,,Sector & Style ETFs,2.0,-7.0,-9.0
2026-09-30,IWM,ISHARES:RUSS 2000 ETF,,Sector & Style ETFs,35.0,27.0,-8.0
2026-09-30,J,JACOBS SOLUTIONS INC.,Industrials,Industrials,97.0,36.0,-61.0
2026-09-30,JBHT,"J. B. HUNT TRANSPORT SERVICES, INC.",Industrials,Industrials,-45.0,-0.0,45.0
2026-09-30,JBL,JABIL INC.,Information Technology,Information Technology,48.0,29.0,-19.0
2026-09-30,JCI,JOHNSON CONTROLS INTERNATIONAL PLC,Industrials,Industrials,13.0,0.0,-13.0
2026-09-30,JKHY,"JACK HENRY & ASSOCIATES, INC.",Financials,Financials,63.0,27.0,-36.0
2026-09-30,JNJ,JOHNSON & JOHNSON,Health Care,Health Care,15.0,44.0,29.0
2026-09-30,JNK,SPDR BBG HIGH YIELD BD,,Bonds,73.0,33.0,-40.0
2026-09-30,JPM,JPMORGAN CHASE & CO.,Financials,Financials,52.0,34.0,-18.0
2026-09-30,KDP,KEURIG DR PEPPER INC.,Consumer Staples,Consumer Staples,34.0,-4.0,-38.0
2026-09-30,KEY,KEYCORP,Financials,Financials,18.0,45.0,27.0
2026-09-30,KEYS,"KEYSIGHT TECHNOLOGIES, INC.",Information Technology,Information Technology,-51.0,-20.0,31.0
2026-09-30,KHC,THE KRAFT HEINZ COMPANY,Consumer Staples,Consumer Staples,-28.0,-20.0,8.0
2026-09-30,KIM,KIMCO REALTY .,Real Estate,Real Estate,-17.0,18.0,35.0
2026-09-30,KKR,KKR & CO. INC.,Financials,Financials,39.0,12.0,-27.0
2026-09-30,KLAC,KLA ,Information Technology,Information Technology,-3.0,3.0,6.0
2026-09-30,KMB,KIMBERLY-CLARK ,Consumer Staples,Consumer Staples,70.0,29.0,-41.0
2026-09-30,KMI,"KINDER MORGAN, INC.",Energy,Energy,-25.0,-20.0,5.0
2026-09-30,KO,THE COCA-COLA COMPANY,Consumer Staples,Consumer Staples,-36.0,9.0,45.0
2026-09-30,KR,THE KROGER CO.,Consumer Staples,Consumer Staples,6.0,-15.0,-21.0
2026-09-30,KVUE,KENVUE INC.,Consumer Staples,Consumer Staples,-1.0,-2.0,-1.0
2026-09-30,L,LOEWS ,Financials,Financials,-24.0,9.0,33.0
2026-09-30,LDOS,"LEIDOS HOLDINGS, INC.",Industrials,Industrials,93.0,25.0,-68.0
2026-09-30,LEN,LENNAR ,Consumer Discretionary,Consumer Discretionary,25.0,-3.0,-28.0
2026-09-30,LH,LABORATORY  OF AMERICA HOLDINGS,Health Care,Health Care,78.0,61.0,-17.0
2026-09-30,LHX,"L3HARRIS TECHNOLOGIES, INC.",Industrials,Industrials,-31.0,9.0,40.0
2026-09-30,LII,LENNOX INTERNATIONAL INC.,Industrials,Industrials,-12.0,-16.0,-4.0
2026-09-30,LIN,LINDE PUBLIC LIMITED COMPANY,Materials,Materials,-31.0,4.0,35.0
2026-09-30,LITE,LUMENTUM HOLDINGS INC.,Information Technology,Information Technology,27.0,-1.0,-28.0
2026-09-30,LLY,ELI LILLY AND COMPANY,Health Care,Health Care,-29.0,2.0,31.0
2026-09-30,LMT,LOCKHEED MARTIN ,Industrials,Industrials,-29.0,17.0,46.0
2026-09-30,LNT,ALLIANT ENERGY ,Utilities,Utilities,-72.0,0.0,72.0
2026-09-30,LOW,"LOWE'S COMPANIES, INC.",Consumer Discretionary,Consumer Discretionary,20.0,37.0,17.0
2026-09-30,LQD,ISHARES:IBOXX $IG CORP,Bonds,Bonds,39.0,20.0,-19.0
2026-09-30,LRCX,LAM RESEARCH ,Information Technology,Information Technology,2.0,30.0,28.0
2026-09-30,LULU,LULULEMON ATHLETICA INC.,Consumer Discretionary,Consumer Discretionary,8.0,23.0,15.0
2026-09-30,LUV,SOUTHWEST AIRLINES CO.,Industrials,Industrials,-21.0,-18.0,3.0
2026-09-30,LVS,LAS VEGAS SANDS CORP.,Consumer Discretionary,Consumer Discretionary,-4.0,14.0,18.0
2026-09-30,LYB,LYONDELLBASELL INDUSTRIES NV,Materials,Materials,45.0,51.0,6.0
2026-09-30,LYV,"LIVE NATION ENTERTAINMENT, INC.",Communication Services,Communication Services,43.0,56.0,13.0
2026-09-30,MA,MASTERCARD INC..,Financials,Financials,47.0,27.0,-20.0
2026-09-30,MAA,"MID-AMERICA APARTMENT COMMUNITIES, INC.",Real Estate,Real Estate,-17.0,0.0,17.0
2026-09-30,MAR,"MARRIOTT INTERNATIONAL, INC.",Consumer Discretionary,Consumer Discretionary,6.0,-2.0,-8.0
2026-09-30,MAS,MASCO ,Industrials,Industrials,60.0,38.0,-22.0
2026-09-30,MCD,MCDONALD'S ,Consumer Discretionary,Consumer Discretionary,-46.0,0.0,46.0
2026-09-30,MCHI,ISHARES:MSCI CHINA,,Foreign,11.0,6.0,-5.0
2026-09-30,MCHP,MICROCHIP TECHNOLOGY INC.,Information Technology,Information Technology,43.0,14.0,-29.0
2026-09-30,MCK,MCKESSON ,Health Care,Health Care,79.0,54.0,-25.0
2026-09-30,MCO,MOODY'S ,Financials,Financials,46.0,-11.0,-57.0
2026-09-30,MDLZ,"MONDELEZ INTERNATIONAL, INC.",Consumer Staples,Consumer Staples,-7.0,4.0,11.0
2026-09-30,MDT,MEDTRONIC PUBLIC LIMITED COMPANY,Health Care,Health Care,52.0,32.0,-20.0
2026-09-30,MDY,SPDR S&P MIDCAP 400 ETF,,Sector & Style ETFs,-2.0,27.0,29.0
2026-09-30,MET,"METLIFE, INC.",Financials,Financials,-3.0,16.0,19.0
2026-09-30,META,"META PLATFORMS, INC.",Communication Services,Communication Services,-28.0,-60.0,-32.0
2026-09-30,MGM,MGM RESORTS INTERNATIONAL,Consumer Discretionary,Consumer Discretionary,-4.0,0.0,4.0
2026-09-30,MKC,"MCCORMICK & COMPANY, INC.",Consumer Staples,Consumer Staples,51.0,27.0,-24.0
2026-09-30,MLM,"MARTIN MARIETTA MATERIALS, INC.",Materials,Materials,53.0,40.0,-13.0
2026-09-30,MMM,3M COMPANY,Industrials,Industrials,10.0,56.0,46.0
2026-09-30,MNST,MONSTER BEVERAGE ,Consumer Staples,Consumer Staples,-11.0,20.0,31.0
2026-09-30,MO,"ALTRIA GROUP, INC.",Consumer Staples,Consumer Staples,-70.0,-8.0,62.0
2026-09-30,MOS,THE MOSAIC COMPANY,Materials,Materials,80.0,28.0,-52.0
2026-09-30,MP,MP MATERIALS CORP,,MR Discretion,106.0,40.0,-66.0
2026-09-30,MPC,MARATHON PETROLEUM ,Energy,Energy,52.0,38.0,-14.0
2026-09-30,MPWR,"MONOLITHIC POWER SYSTEMS, INC.",Information Technology,Information Technology,-39.0,-7.0,32.0
2026-09-30,MRK,"MERCK & CO., INC.",Health Care,Health Care,67.0,44.0,-23.0
2026-09-30,MRNA,"MODERNA, INC.",Health Care,Health Care,-3.0,-35.0,-32.0
2026-09-30,MRSH,"MARSH & MCLENNAN COMPANIES, INC.",Financials,Financials,37.0,27.0,-10.0
2026-09-30,MRVL,"MARVELL TECHNOLOGY, INC.",Information Technology,Information Technology,6.0,-0.0,-6.0
2026-09-30,MS,MORGAN STANLEY,Financials,Financials,-64.0,-20.0,44.0
2026-09-30,MSCI,MSCI INC.,Financials,Financials,14.0,40.0,26.0
2026-09-30,MSFT,MICROSOFT ,Information Technology,Information Technology,72.0,-12.0,-84.0
2026-09-30,MSI,"MOTOROLA SOLUTIONS, INC.",Information Technology,Information Technology,48.0,12.0,-36.0
2026-09-30,MTB,M&T BANK ,Financials,Financials,79.0,61.0,-18.0
2026-09-30,MTD,METTLER-TOLEDO INTERNATIONAL INC.,Health Care,Health Care,-3.0,-38.0,-35.0
2026-09-30,MTUM,ISHARES:MSCI USA MOM FCT,,Sector & Style ETFs,-38.0,-20.0,18.0
2026-09-30,MU,"MICRON TECHNOLOGY, INC.",Information Technology,Information Technology,-3.0,34.0,37.0
2026-09-30,MUB,ISHARES:NATL MUNI BOND,,Bonds,45.0,64.0,19.0
2026-09-30,NCLH,NORWEGIAN CRUISE LINE HOLDINGS LTD.,Consumer Discretionary,Consumer Discretionary,1.0,-3.0,-4.0
2026-09-30,NDAQ,"NASDAQ, INC.",Financials,Financials,71.0,31.0,-40.0
2026-09-30,NDSN,NORDSON ,Industrials,Industrials,13.0,25.0,12.0
2026-09-30,NDX,NASDAQ 100 INDEX,,Indices,-49.0,-31.0,18.0
2026-09-30,NEE,"NEXTERA ENERGY, INC.",Utilities,Utilities,-6.0,20.0,26.0
2026-09-30,NEM,NEWMONT ,Materials,Materials,120.0,63.0,-57.0
2026-09-30,NFLX,"NETFLIX, INC.",Communication Services,Communication Services,95.0,25.0,-70.0
2026-09-30,NI,NISOURCE INC.,Utilities,Utilities,-43.0,-43.0,0.0
2026-09-30,NKE,"NIKE, INC.",Consumer Discretionary,Consumer Discretionary,40.0,75.0,35.0
2026-09-30,NOC,NORTHROP GRUMMAN ,Industrials,Industrials,3.0,38.0,35.0
2026-09-30,NORW,GLBL X MSCI NORWAY ETF,,Foreign,60.0,17.0,-43.0
2026-09-30,NOV,NOV INC.,,MR Discretion,2.0,-15.0,-17.0
2026-09-30,NOW,"SERVICENOW, INC.",Information Technology,Information Technology,49.0,-31.0,-80.0
2026-09-30,NQ=F,NASDAQ 100 FUTURES,,Futures,-45.0,-27.0,18.0
2026-09-30,NRG,"NRG ENERGY, INC.",Utilities,Utilities,-2.0,-43.0,-41.0
2026-09-30,NSC,NORFOLK SOUTHERN ,Industrials,Industrials,46.0,60.0,14.0
2026-09-30,NTAP,"NETAPP, INC.",Information Technology,Information Technology,11.0,45.0,34.0
2026-09-30,NTRS,NORTHERN TRUST ,Financials,Financials,-9.0,-11.0,-2.0
2026-09-30,NUE,NUCOR ,Materials,Materials,-7.0,37.0,44.0
2026-09-30,NVDA,NVIDIA ,Information Technology,Information Technology,62.0,19.0,-43.0
2026-09-30,NVR,"NVR, INC.",Consumer Discretionary,Consumer Discretionary,26.0,-39.0,-65.0
2026-09-30,NWSA,NEWS CORP.,Communication Services,Communication Services,105.0,62.0,-43.0
2026-09-30,NXPI,NXP SEMICONDUCTORS NV,Information Technology,Information Technology,-41.0,-12.0,29.0
2026-09-30,O,REALTY INCOME ,Real Estate,Real Estate,-63.0,0.0,63.0
2026-09-30,ODFL,"OLD DOMINION FREIGHT LINE, INC.",Industrials,Industrials,71.0,80.0,9.0
2026-09-30,OEF,ISHARES:S&P 100,,Sector & Style ETFs,48.0,38.0,-10.0
2026-09-30,OKE,"ONEOK, INC.",Energy,Energy,49.0,-18.0,-67.0
2026-09-30,OMC,OMNICOM GROUP INC.,Communication Services,Communication Services,49.0,6.0,-43.0
2026-09-30,ON,ON SEMICONDUCTOR ,Information Technology,Information Technology,-52.0,-5.0,47.0
2026-09-30,ORCL,ORACLE ,Information Technology,Information Technology,69.0,12.0,-57.0
2026-09-30,ORLY,"O'REILLY AUTOMOTIVE, INC.",Consumer Discretionary,Consumer Discretionary,2.0,4.0,2.0
2026-09-30,OTIS,OTIS WORLDWIDE ,Industrials,Industrials,88.0,83.0,-5.0
2026-09-30,OXY,OCCIDENTAL PETROLEUM ,Energy,Energy,64.0,47.0,-17.0
2026-09-30,PAM,PAMPA ENERGIA SA,,MR Discretion,9.0,20.0,11.0
2026-09-30,PANW,"PALO ALTO NETWORKS, INC.",Information Technology,Information Technology,-3.0,0.0,3.0
2026-09-30,PAYX,"PAYCHEX, INC.",Industrials,Industrials,43.0,0.0,-43.0
2026-09-30,PBR,BRAZILIAN PETROLEUM  - PETROBRAS,,MR Discretion,28.0,33.0,5.0
2026-09-30,PCAR,PACCAR INC,Industrials,Industrials,-9.0,0.0,9.0
2026-09-30,PCG,PG&E ,Utilities,Utilities,-33.0,3.0,36.0
2026-09-30,PEG,PUBLIC SERVICE ENTERPRISE GROUP INC.,Utilities,Utilities,-3.0,-0.0,3.0
2026-09-30,PEP,"PEPSICO, INC.",Consumer Staples,Consumer Staples,67.0,62.0,-5.0
2026-09-30,PFE,PFIZER INC.,Health Care,Health Care,76.0,6.0,-70.0
2026-09-30,PFF,ISHARES:PREF AND INC SEC,,Bonds,56.0,46.0,-10.0
2026-09-30,PFG,"PRINCIPAL FINANCIAL GROUP, INC.",Financials,Financials,-36.0,-16.0,20.0
2026-09-30,PG,THE PROCTER & GAMBLE COMPANY,Consumer Staples,Consumer Staples,29.0,55.0,26.0
2026-09-30,PGR,THE PROGRESSIVE ,Financials,Financials,44.0,4.0,-40.0
2026-09-30,PH,PARKER-HANNIFIN ,Industrials,Industrials,-7.0,29.0,36.0
2026-09-30,PHM,"PULTEGROUP, INC.",Consumer Discretionary,Consumer Discretionary,66.0,40.0,-26.0
2026-09-30,PKG,PACKAGING  OF AMERICA,Materials,Materials,49.0,31.0,-18.0
2026-09-30,PLD,"PROLOGIS, INC.",Real Estate,Real Estate,4.0,13.0,9.0
2026-09-30,PLTR,PALANTIR TECHNOLOGIES INC.,Information Technology,Information Technology,49.0,-32.0,-81.0
2026-09-30,PM,PHILIP MORRIS INTERNATIONAL INC.,Consumer Staples,Consumer Staples,-32.0,2.0,34.0
2026-09-30,PNC,"THE PNC FINANCIAL SERVICES GROUP, INC.",Financials,Financials,5.0,69.0,64.0
2026-09-30,PNR,PENTAIR PUBLIC LIMITED COMPANY,Industrials,Industrials,-37.0,-20.0,17.0
2026-09-30,PNW,PINNACLE WEST CAPITAL ,Utilities,Utilities,-53.0,0.0,53.0
2026-09-30,PODD,INSULET ,Health Care,Health Care,-5.0,6.0,11.0
2026-09-30,POWA,INVESCO BLOOMBERG PRICING POWER,,Sector & Style ETFs,5.0,41.0,36.0
2026-09-30,PPG,"PPG INDUSTRIES, INC.",Materials,Materials,53.0,64.0,11.0
2026-09-30,PPL,PPL ,Utilities,Utilities,-61.0,6.0,67.0
2026-09-30,PPLT,ABRDN:PHYSICAL PLATINUM,,Commodities,18.0,11.0,-7.0
2026-09-30,PRU,"PRUDENTIAL FINANCIAL, INC.",Financials,Financials,-8.0,54.0,62.0
2026-09-30,PSA,PUBLIC STORAGE.,Real Estate,Real Estate,48.0,61.0,13.0
2026-09-30,PSKY,PARAMOUNT SKYDANCE ,Communication Services,Communication Services,40.0,-13.0,-53.0
2026-09-30,PSX,PHILLIPS 66,Energy,Energy,85.0,55.0,-30.0
2026-09-30,PTC,PTC INC.,Information Technology,Information Technology,54.0,-26.0,-80.0
2026-09-30,PWR,"QUANTA SERVICES, INC.",Industrials,Industrials,-1.0,26.0,27.0
2026-09-30,PYPL,"PAYPAL HOLDINGS, INC.",Financials,Financials,-18.0,5.0,23.0
2026-09-30,Q,"QNITY ELECTRONICS, INC.",Information Technology,Information Technology,-14.0,-29.0,-15.0
2026-09-30,QAT,ISHARES:MSCI QATAR,,Foreign,9.0,-4.0,-13.0
2026-09-30,QCOM,QUALCOMM INC.,Information Technology,Information Technology,-35.0,-37.0,-2.0
2026-09-30,QQQ,INVESCO QQQ TRUST 1,,Sector & Style ETFs,-15.0,-16.0,-1.0
2026-09-30,QUAL,ISHARES:MSCI USA QF,,Sector & Style ETFs,4.0,3.0,-1.0
2026-09-30,RCL,ROYAL CARIBBEAN CRUISES LTD.,Consumer Discretionary,Consumer Discretionary,23.0,3.0,-20.0
2026-09-30,RDDT,"REDDIT, INC.",Communication Services,Communication Services,61.0,-3.0,-64.0
2026-09-30,REG,REGENCY CENTERS ,Real Estate,Real Estate,-37.0,-13.0,24.0
2026-09-30,REGN,"REGENERON PHARMACEUTICALS, INC.",Health Care,Health Care,47.0,11.0,-36.0
2026-09-30,RF,REGIONS FINANCIAL ,Financials,Financials,-59.0,15.0,74.0
2026-09-30,RIG,TRANSOCEAN LTD,,MR Discretion,51.0,31.0,-20.0
2026-09-30,RJF,"RAYMOND JAMES FINANCIAL, INC.",Financials,Financials,-24.0,33.0,57.0
2026-09-30,RL,RALPH LAUREN ,Consumer Discretionary,Consumer Discretionary,13.0,-7.0,-20.0
2026-09-30,RMD,RESMED INC.,Health Care,Health Care,36.0,-17.0,-53.0
2026-09-30,ROK,"ROCKWELL AUTOMATION, INC.",Industrials,Industrials,55.0,14.0,-41.0
2026-09-30,ROKU,"ROKU, INC.",,MR Discretion,59.0,79.0,20.0
2026-09-30,ROL,"ROLLINS, INC.",Industrials,Industrials,-3.0,3.0,6.0
2026-09-30,ROP,"ROPER TECHNOLOGIES, INC.",Information Technology,Information Technology,68.0,4.0,-64.0
2026-09-30,ROST,"ROSS STORES, INC.",Consumer Discretionary,Consumer Discretionary,59.0,29.0,-30.0
2026-09-30,RSG,"REPUBLIC SERVICES, INC.",Industrials,Industrials,65.0,12.0,-53.0
2026-09-30,RSP,INVESCO S&P500 EWGHT,,Sector & Style ETFs,21.0,27.0,6.0
2026-09-30,RTX,RTX ,Industrials,Industrials,-54.0,0.0,54.0
2026-09-30,RUT,RUSSELL 2000 INDEX,,Indices,17.0,16.0,-1.0
2026-09-30,RVTY,"REVVITY, INC.",Health Care,Health Care,38.0,-23.0,-61.0
2026-09-30,SBAC,SBA COMMUNICATIONS ,Real Estate,Real Estate,79.0,46.0,-33.0
2026-09-30,SBLK,STAR BULK CARRIERS CORP.,,MR Discretion,68.0,36.0,-32.0
2026-09-30,SBUX,STARBUCKS ,Consumer Discretionary,Consumer Discretionary,5.0,35.0,30.0
2026-09-30,SCHP,SCHWAB STR:US TIPS,,Bonds,-16.0,-32.0,-16.0
2026-09-30,SCHW,THE CHARLES SCHWAB ,Financials,Financials,76.0,71.0,-5.0
2026-09-30,SD,"SANDRIDGE ENERGY, INC.",,MR Discretion,87.0,81.0,-6.0
2026-09-30,SDY,SPDR S&P DIVIDEND,,Sector & Style ETFs,-12.0,33.0,45.0
2026-09-30,SHW,THE SHERWIN-WILLIAMS COMPANY,Materials,Materials,-13.0,4.0,17.0
2026-09-30,SHY,ISHARES:1-3 TRS BD ETF,Bonds,Bonds,74.0,47.0,-27.0
2026-09-30,SILJ,ETFMG PRIME JR SILVR MNR,,Commodities,61.0,10.0,-51.0
2026-09-30,SJM,THE J. M. SMUCKER COMPANY,Consumer Staples,Consumer Staples,54.0,23.0,-31.0
2026-09-30,SLB,SCHLUMBERGER N.V.,Energy,Energy,30.0,4.0,-26.0
2026-09-30,SLV,ISHARES:SILVER TRUST,,Commodities,-18.0,-25.0,-7.0
2026-09-30,SM,SM ENERGY COMPANY,,MR Discretion,58.0,33.0,-25.0
2026-09-30,SMCI,"SUPER MICRO COMPUTER, INC.",Information Technology,Information Technology,73.0,-20.0,-93.0
2026-09-30,SMH,VANECK:SEMICONDUCTOR,,Sector & Style ETFs,20.0,14.0,-6.0
2026-09-30,SNA,SNAP-ON INC.,Industrials,Industrials,41.0,24.0,-17.0
2026-09-30,SNDK,SANDISK CORPORATION,Information Technology,Information Technology,38.0,29.0,-9.0
2026-09-30,SNPS,"SYNOPSYS, INC.",Information Technology,Information Technology,99.0,14.0,-85.0
2026-09-30,SO,THE SOUTHERN COMPANY,Utilities,Utilities,-20.0,40.0,60.0
2026-09-30,SOLV,SOLVENTUM ,Health Care,Health Care,94.0,36.0,-58.0
2026-09-30,SOYB,TEUCRIUM:SOYBEAN,,Commodities,30.0,24.0,-6.0
2026-09-30,SPG,"SIMON PROPERTY GROUP, INC.",Real Estate,Real Estate,79.0,61.0,-18.0
2026-09-30,SPGI,S&P GLOBAL INC.,Financials,Financials,28.0,-12.0,-40.0
2026-09-30,SPHB,INVESCO S&P500 HI BE,,Sector & Style ETFs,13.0,17.0,4.0
2026-09-30,SPLV,INVESCO S&P500 LOWVL,,Sector & Style ETFs,-13.0,33.0,46.0
2026-09-30,SPX,S&P 500 INDEX,,Indices,55.0,37.0,-18.0
2026-09-30,SPY,SPDR S&P 500 ETF,,Sector & Style ETFs,45.0,35.0,-10.0
2026-09-30,SRE,SEMPRA,Utilities,Utilities,-77.0,-11.0,66.0
2026-09-30,STE,STERIS PUBLIC LIMITED COMPANY,Health Care,Health Care,7.0,27.0,20.0
2026-09-30,STIP,ISHARES:0-5 TIPS BD ETF,Bonds,Bonds,-31.0,33.0,64.0
2026-09-30,STLA,STELLANTIS NV,,MR Discretion,-29.0,4.0,33.0
2026-09-30,STLD,"STEEL DYNAMICS, INC.",Materials,Materials,10.0,51.0,41.0
2026-09-30,STNG,SCORPIO TANKERS INC.,,MR Discretion,-6.0,33.0,39.0
2026-09-30,STT,STATE STREET ,Financials,Financials,-40.0,-17.0,23.0
2026-09-30,STX,SEAGATE TECHNOLOGY HOLDINGS,Information Technology,Information Technology,0.0,22.0,22.0
2026-09-30,STZ,"CONSTELLATION BRANDS, INC.",Consumer Staples,Consumer Staples,72.0,65.0,-7.0
2026-09-30,SW,SMURFIT WESTROCK PUBLIC LIMITED COMPANY,Materials,Materials,33.0,26.0,-7.0
2026-09-30,SWK,"STANLEY BLACK & DECKER, INC.",Industrials,Industrials,58.0,41.0,-17.0
2026-09-30,SWKS,"SKYWORKS SOLUTIONS, INC.",Information Technology,Information Technology,-29.0,-49.0,-20.0
2026-09-30,SYF,SYNCHRONY FINANCIAL,Financials,Financials,6.0,35.0,29.0
2026-09-30,SYK,STRYKER ,Health Care,Health Care,-43.0,0.0,43.0
2026-09-30,SYY,SYSCO ,Consumer Staples,Consumer Staples,-23.0,31.0,54.0
2026-09-30,T,AT&T INC.,Communication Services,Communication Services,63.0,20.0,-43.0
2026-09-30,TAGS,TEUCRIUM:AGRICULTURAL,,Commodities,57.0,20.0,-37.0
2026-09-30,TAP,MOLSON COORS BEVERAGE COMPANY,Consumer Staples,Consumer Staples,13.0,56.0,43.0
2026-09-30,TDG,TRANSDIGM GROUP INC.,Industrials,Industrials,36.0,3.0,-33.0
2026-09-30,TDW,TIDEWATER INC.,,MR Discretion,61.0,4.0,-57.0
2026-09-30,TDY,TELEDYNE TECHNOLOGIES INC.,Information Technology,Information Technology,1.0,29.0,28.0
2026-09-30,TECH,BIO-TECHNE ,Health Care,Health Care,28.0,-27.0,-55.0
2026-09-30,TECK,TECK RESOURCES LIMITED,,MR Discretion,85.0,44.0,-41.0
2026-09-30,TEL,TE CONNECTIVITY LTD,Information Technology,Information Technology,27.0,2.0,-25.0
2026-09-30,TER,"TERADYNE, INC.",Information Technology,Information Technology,-12.0,16.0,28.0
2026-09-30,TFC,TRUIST FINANCIAL ,Financials,Financials,24.0,64.0,40.0
2026-09-30,TGT,TARGET ,Consumer Staples,Consumer Staples,51.0,36.0,-15.0
2026-09-30,THD,ISHARES:MSCI THAI,,Foreign,-30.0,-10.0,20.0
2026-09-30,TIP,ISHARES:TIPS BD ETF,Bonds,Bonds,15.0,20.0,5.0
2026-09-30,TJX,"THE TJX COMPANIES, INC.",Consumer Discretionary,Consumer Discretionary,23.0,23.0,-0.0
2026-09-30,TKO,"TKO GROUP HOLDINGS, INC.",Communication Services,Communication Services,19.0,-46.0,-65.0
2026-09-30,TLT,ISHARES:20+ TRS BD ETF,Bonds,Bonds,43.0,36.0,-7.0
2026-09-30,TMO,THERMO FISHER SCIENTIFIC INC.,Health Care,Health Care,-44.0,-64.0,-20.0
2026-09-30,TMUS,"T-MOBILE US, INC.",Communication Services,Communication Services,24.0,6.0,-18.0
2026-09-30,TNX,10 Y TSY YLD NDX,Yields,Yields,-56.0,-43.0,13.0
2026-09-30,TPL,TEXAS PACIFIC LAND ,Energy,Energy,19.0,25.0,6.0
2026-09-30,TPR,"TAPESTRY, INC.",Consumer Discretionary,Consumer Discretionary,0.0,0.0,-0.0
2026-09-30,TRGP,TARGA RESOURCES CORP.,Energy,Energy,-35.0,-18.0,17.0
2026-09-30,TRMB,TRIMBLE INC.,Information Technology,Information Technology,37.0,-26.0,-63.0
2026-09-30,TROW,"T. ROWE PRICE GROUP, INC.",Financials,Financials,39.0,53.0,14.0
2026-09-30,TRV,"THE TRAVELERS COMPANIES, INC.",Financials,Financials,12.0,59.0,47.0
2026-09-30,TS,TENARIS SA,,MR Discretion,33.0,40.0,7.0
2026-09-30,TSCO,TRACTOR SUPPLY COMPANY,Consumer Discretionary,Consumer Discretionary,33.0,-10.0,-43.0
2026-09-30,TSLA,"TESLA, INC.",Consumer Discretionary,Consumer Discretionary,19.0,-26.0,-45.0
2026-09-30,TSN,"TYSON FOODS, INC.",Consumer Staples,Consumer Staples,-55.0,8.0,63.0
2026-09-30,TT,TRANE TECHNOLOGIES PLC,Industrials,Industrials,-44.0,-7.0,37.0
2026-09-30,TTD,"THE TRADE DESK, INC.",Communication Services,Communication Services,-17.0,-3.0,14.0
2026-09-30,TTWO,"TAKE-TWO INTERACTIVE SOFTWARE, INC.",Communication Services,Communication Services,14.0,29.0,15.0
2026-09-30,TUR,ISHARES:MSCI TURKEY,,Foreign,44.0,-1.0,-45.0
2026-09-30,TXN,TEXAS INSTRUMENTS INC.,Information Technology,Information Technology,-48.0,-24.0,24.0
2026-09-30,TXT,TEXTRON INC.,Industrials,Industrials,4.0,-20.0,-24.0
2026-09-30,TYL,"TYLER TECHNOLOGIES, INC.",Information Technology,Information Technology,-33.0,-42.0,-9.0
2026-09-30,TYX,30 Y TSY YLD NDX,Yields,Yields,-84.0,-43.0,41.0
2026-09-30,UAL,"UNITED AIRLINES HOLDINGS, INC.",Industrials,Industrials,-8.0,-5.0,3.0
2026-09-30,UBER,"UBER TECHNOLOGIES, INC.",Industrials,Industrials,53.0,12.0,-41.0
2026-09-30,UDR,"UDR, INC.",Real Estate,Real Estate,-3.0,14.0,17.0
2026-09-30,UHS,"UNIVERSAL HEALTH SERVICES, INC.",Health Care,Health Care,-13.0,-40.0,-27.0
2026-09-30,ULTA,"ULTA BEAUTY, INC.",Consumer Discretionary,Consumer Discretionary,38.0,38.0,-0.0
2026-09-30,UNG,UNITED STATES NAT GAS,Energy Complex,Commodities,74.0,8.0,-66.0
2026-09-30,UNH,UNITEDHEALTH GROUP INC.,Health Care,Health Care,0.0,-12.0,-12.0
2026-09-30,UNP,UNION PACIFIC ,Industrials,Industrials,0.0,51.0,51.0
2026-09-30,UPS,"UNITED PARCEL SERVICE, INC.",Industrials,Industrials,57.0,64.0,7.0
2026-09-30,URA,GLBL X URANIUM ETF,,Commodities,111.0,54.0,-57.0
2026-09-30,URI,"UNITED RENTALS, INC.",Industrials,Industrials,6.0,15.0,9.0
2026-09-30,URNM,SPROTT URANIUM MINERS,,MR Discretion,44.0,3.0,-41.0
2026-09-30,USB,U.S. BANCORP,Financials,Financials,-59.0,15.0,74.0
2026-09-30,USO,UNITED STATES OIL FUND,Energy Complex,Commodities,46.0,37.0,-9.0
2026-09-30,UUP,INVESCO DB USD IDX BL,,Currencies,-74.0,-52.0,22.0
2026-09-30,V,VISA INC.,Financials,Financials,51.0,56.0,5.0
2026-09-30,VAL,VALARIS LIMITED,,MR Discretion,55.0,31.0,-24.0
2026-09-30,VEEV,VEEVA SYSTEMS INC.,Health Care,Health Care,23.0,-20.0,-43.0
2026-09-30,VICI,VICI PROPERTIES INC.,Real Estate,Real Estate,-14.0,-19.0,-5.0
2026-09-30,VIX,CBOE MKT VOLATILITY IDX,,Volatility,-25.0,-49.0,-24.0
2026-09-30,VLO,VALERO ENERGY ,Energy,Energy,75.0,60.0,-15.0
2026-09-30,VLTO,VERALTO ,Industrials,Industrials,14.0,-26.0,-40.0
2026-09-30,VMC,VULCAN MATERIALS COMPANY,Materials,Materials,73.0,37.0,-36.0
2026-09-30,VNM,VANECK:VIETNAM,,Foreign,24.0,4.0,-20.0
2026-09-30,VRSK,"VERISK ANALYTICS, INC.",Industrials,Industrials,54.0,-13.0,-67.0
2026-09-30,VRSN,"VERISIGN, INC.",Information Technology,Information Technology,27.0,53.0,26.0
2026-09-30,VRT,VERTIV HOLDINGS CO,Industrials,Industrials,49.0,64.0,15.0
2026-09-30,VRTX,VERTEX PHARMACEUTICALS INC.,Health Care,Health Care,68.0,8.0,-60.0
2026-09-30,VST,VISTRA CORP.,Utilities,Utilities,39.0,-29.0,-68.0
2026-09-30,VTR,"VENTAS, INC.",Real Estate,Real Estate,9.0,33.0,24.0
2026-09-30,VTRS,VIATRIS INC.,Health Care,Health Care,-9.0,45.0,54.0
2026-09-30,VXN,CBOE NASDAQ MKT VOL NDX,,Volatility,-34.0,-34.0,0.0
2026-09-30,VZ,VERIZON COMMUNICATIONS INC.,Communication Services,Communication Services,95.0,55.0,-40.0
2026-09-30,WAB,WESTINGHOUSE AIR BRAKE TECHNOLOGIES ,Industrials,Industrials,44.0,26.0,-18.0
2026-09-30,WAT,WATERS ,Health Care,Health Care,59.0,-7.0,-66.0
2026-09-30,WBD,"WARNER BROS. DISCOVERY, INC.",Communication Services,Communication Services,37.0,54.0,17.0
2026-09-30,WDAY,"WORKDAY, INC.",Information Technology,Information Technology,62.0,-26.0,-88.0
2026-09-30,WDC,WESTERN DIGITAL ,Information Technology,Information Technology,37.0,34.0,-3.0
2026-09-30,WEAT,TEUCRIUM:WHEAT,,Commodities,21.0,-1.0,-22.0
2026-09-30,WEC,"WEC ENERGY GROUP, INC.",Utilities,Utilities,-15.0,0.0,15.0
2026-09-30,WELL,WELLTOWER INC.,Real Estate,Real Estate,-19.0,18.0,37.0
2026-09-30,WFC,WELLS FARGO & COMPANY,Financials,Financials,39.0,41.0,2.0
2026-09-30,WM,"WASTE MANAGEMENT, INC.",Industrials,Industrials,-8.0,18.0,26.0
2026-09-30,WMB,"THE WILLIAMS COMPANIES, INC.",Energy,Energy,-48.0,-20.0,28.0
2026-09-30,WMT,WALMART INC.,Consumer Staples,Consumer Staples,29.0,29.0,0.0
2026-09-30,WRB,W. R. BERKLEY ,Financials,Financials,3.0,12.0,9.0
2026-09-30,WSM,"WILLIAMS-SONOMA, INC.",Consumer Discretionary,Consumer Discretionary,-11.0,3.0,14.0
2026-09-30,WST,"WEST PHARMACEUTICAL SERVICES, INC.",Health Care,Health Care,-39.0,-14.0,25.0
2026-09-30,WTW,WILLIS TOWERS WATSON,Financials,Financials,27.0,33.0,6.0
2026-09-30,WY,WEYERHAEUSER COMPANY,Real Estate,Real Estate,-38.0,-13.0,25.0
2026-09-30,WYNN,"WYNN RESORTS, LIMITED",Consumer Discretionary,Consumer Discretionary,15.0,33.0,18.0
2026-09-30,XEL,XCEL ENERGY INC.,Utilities,Utilities,-69.0,0.0,69.0
2026-09-30,XES,SPDR S&P OIL&GAS E&S,,MR Discretion,5.0,-15.0,-20.0
2026-09-30,XLB,SEL SECTOR:MATRLS SPDR,,Sector & Style ETFs,37.0,27.0,-10.0
2026-09-30,XLC,SEL SECTOR:COMM SVC SPDR,,Sector & Style ETFs,43.0,11.0,-32.0
2026-09-30,XLE,SEL SECTOR:ENERGY SPDR,,Sector & Style ETFs,-6.0,-16.0,-10.0
2026-09-30,XLF,SEL SECTOR:FINL S SPDR,,Sector & Style ETFs,46.0,36.0,-10.0
2026-09-30,XLI,SEL SECTOR:INDUST SPDR,,Sector & Style ETFs,37.0,64.0,27.0
2026-09-30,XLK,SEL SECTOR:TECH SPDR,,Sector & Style ETFs,20.0,6.0,-14.0
2026-09-30,XLP,SEL SECTOR:C STP SPDR,,Sector & Style ETFs,-10.0,24.0,34.0
2026-09-30,XLRE,SEL SECTOR:RL EST SPDR,,Sector & Style ETFs,-12.0,24.0,36.0
2026-09-30,XLU,SEL SECTOR:UTIL SPDR,,Sector & Style ETFs,-41.0,-0.0,41.0
2026-09-30,XLV,SEL SECTOR:H CARE SPDR,,Sector & Style ETFs,109.0,72.0,-37.0
2026-09-30,XLY,SEL SECTOR:C DSC SPDR,,Sector & Style ETFs,-14.0,12.0,26.0
2026-09-30,XOM,EXXON MOBIL ,Energy,Energy,-7.0,31.0,38.0
2026-09-30,XOP,SPDR S&P OIL&GAS EXP,,MR Discretion,34.0,9.0,-25.0
2026-09-30,XYL,XYLEM INC.,Industrials,Industrials,-37.0,-8.0,29.0
2026-09-30,XYZ,"BLOCK, INC.",Financials,Financials,78.0,56.0,-22.0
2026-09-30,YUM,"YUM! BRANDS, INC.",Consumer Discretionary,Consumer Discretionary,-11.0,6.0,17.0
2026-09-30,ZBH,"ZIMMER BIOMET HOLDINGS, INC.",Health Care,Health Care,72.0,52.0,-20.0
2026-09-30,ZBRA,ZEBRA TECHNOLOGIES ,Information Technology,Information Technology,8.0,-45.0,-53.0
2026-09-30,ZTS,ZOETIS INC.,Health Care,Health Care,33.0,-4.0,-37.0
