Date,Ticker,Ticker_name,Exposure,Category,model_score
2026-10-02,A,"AGILENT TECHNOLOGIES, INC.",Health Care,Health Care,-4.0
2026-10-02,AAPL,APPLE INC.,Information Technology,Information Technology,13.0
2026-10-02,ABBV,ABBVIE INC.,Health Care,Health Care,-26.0
2026-10-02,ABNB,"AIRBNB, INC.",Consumer Discretionary,Consumer Discretionary,12.0
2026-10-02,ABT,ABBOTT LABORATORIES,Health Care,Health Care,-12.0
2026-10-02,ACGL,ARCH CAPITAL GROUP LTD.,Financials,Financials,-30.0
2026-10-02,ACN,ACCENTURE PUBLIC LIMITED COMPANY,Information Technology,Information Technology,-1.0
2026-10-02,ADBE,ADOBE INC.,Information Technology,Information Technology,-44.0
2026-10-02,ADI,"ANALOG DEVICES, INC.",Information Technology,Information Technology,-16.0
2026-10-02,ADM,ARCHER-DANIELS-MIDLAND COMPANY.,Consumer Staples,Consumer Staples,20.0
2026-10-02,ADP,"AUTOMATIC DATA PROCESSING, INC.",Industrials,Industrials,23.0
2026-10-02,ADSK,"AUTODESK, INC.",Information Technology,Information Technology,-69.0
2026-10-02,AEE,AMEREN ,Utilities,Utilities,-21.0
2026-10-02,AEP,"AMERICAN ELECTRIC POWER COMPANY, INC.",Utilities,Utilities,-38.0
2026-10-02,AES,THE AES ,Utilities,Utilities,-24.0
2026-10-02,AFL,AFLAC INC.,Financials,Financials,-63.0
2026-10-02,AIG,"AMERICAN INTERNATIONAL GROUP, INC.",Financials,Financials,3.0
2026-10-02,AIZ,"ASSURANT, INC.",Financials,Financials,26.0
2026-10-02,AJG,ARTHUR J. GALLAGHER & CO.,Financials,Financials,-15.0
2026-10-02,AKAM,"AKAMAI TECHNOLOGIES, INC.",Information Technology,Information Technology,8.0
2026-10-02,ALB,ALBEMARLE ,Materials,Materials,15.0
2026-10-02,ALGN,"ALIGN TECHNOLOGY, INC.",Health Care,Health Care,-1.0
2026-10-02,ALL,THE ALLSTATE ,Financials,Financials,36.0
2026-10-02,ALLE,ALLEGION PUBLIC LIMITED COMPANY,Industrials,Industrials,-34.0
2026-10-02,AMAT,"APPLIED MATERIALS, INC.",Information Technology,Information Technology,34.0
2026-10-02,AMCR,AMCOR PLC,Materials,Materials,-42.0
2026-10-02,AMD,"ADVANCED MICRO DEVICES, INC.",Information Technology,Information Technology,21.0
2026-10-02,AME,"AMETEK, INC.",Industrials,Industrials,10.0
2026-10-02,AMGN,AMGEN INC.,Health Care,Health Care,45.0
2026-10-02,AMP,"AMERIPRISE FINANCIAL, INC.",Financials,Financials,18.0
2026-10-02,AMT,AMERICAN TOWER ,Real Estate,Real Estate,18.0
2026-10-02,AMZN,"AMAZON.COM, INC.",Consumer Discretionary,Consumer Discretionary,-18.0
2026-10-02,ANET,"ARISTA NETWORKS, INC.",Information Technology,Information Technology,-31.0
2026-10-02,AON,AON PLC,Financials,Financials,-20.0
2026-10-02,AOS,A. O. SMITH ,Industrials,Industrials,4.0
2026-10-02,APA,APA ,Energy,Energy,37.0
2026-10-02,APD,"AIR PRODUCTS AND CHEMICALS, INC.",Materials,Materials,-35.0
2026-10-02,APH,AMPHENOL ,Information Technology,Information Technology,26.0
2026-10-02,APO,"APOLLO GLOBAL MANAGEMENT, INC.",Financials,Financials,-12.0
2026-10-02,APP,APPLOVIN CORP,Information Technology,Information Technology,-27.0
2026-10-02,APTV,APTIV PLC,Consumer Discretionary,Consumer Discretionary,20.0
2026-10-02,ARE,"ALEXANDRIA REAL ESTATE EQUITIES, INC.",Real Estate,Real Estate,-17.0
2026-10-02,ARES,ARES MANAGEMENT CORP,Financials,Financials,-42.0
2026-10-02,ASC,ARDMORE SHIPPING ,,MR Discretion,9.0
2026-10-02,ATO,ATMOS ENERGY ,Utilities,Utilities,-38.0
2026-10-02,AVGO,BROADCOM INC.,Information Technology,Information Technology,-5.0
2026-10-02,AVY,AVERY DENNISON ,Materials,Materials,-26.0
2026-10-02,AWK,"AMERICAN WATER WORKS COMPANY, INC.",Utilities,Utilities,-15.0
2026-10-02,AXON,"AXON ENTERPRISE, INC.",Industrials,Industrials,13.0
2026-10-02,AXP,AMERICAN EXPRESS COMPANY,Financials,Financials,-42.0
2026-10-02,AZO,"AUTOZONE, INC.",Consumer Discretionary,Consumer Discretionary,12.0
2026-10-02,BA,THE BOEING COMPANY,Industrials,Industrials,47.0
2026-10-02,BAC,BANK OF AMERICA ,Financials,Financials,-10.0
2026-10-02,BALL,BALL ,Materials,Materials,26.0
2026-10-02,BAX,BAXTER INTERNATIONAL INC.,Health Care,Health Care,20.0
2026-10-02,BBY,"BEST BUY CO., INC.",Consumer Discretionary,Consumer Discretionary,-1.0
2026-10-02,BDX,"BECTON, DICKINSON AND COMPANY",Health Care,Health Care,53.0
2026-10-02,BEN,"FRANKLIN RESOURCES, INC.",Financials,Financials,46.0
2026-10-02,BF.B,BROWN-FORMAN ,Consumer Staples,Consumer Staples,-35.0
2026-10-02,BG,BUNGE LIMITED,Consumer Staples,Consumer Staples,-33.0
2026-10-02,BIIB,BIOGEN INC.,Health Care,Health Care,25.0
2026-10-02,BKNG,BOOKING HOLDINGS INC.,Consumer Discretionary,Consumer Discretionary,-49.0
2026-10-02,BKR,BAKER HUGHES COMPANY,Energy,Energy,58.0
2026-10-02,BLDR,"BUILDERS FIRSTSOURCE, INC.",Industrials,Industrials,-6.0
2026-10-02,BLK,"BLACKROCK, INC.",Financials,Financials,31.0
2026-10-02,BMY,BRISTOL-MYERS SQUIBB COMPANY,Health Care,Health Care,24.0
2026-10-02,BNY,THE BANK OF NEW YORK MELLON ,Financials,Financials,-18.0
2026-10-02,BR,"BROADRIDGE FINANCIAL SOLUTIONS, INC.",Industrials,Industrials,-42.0
2026-10-02,BRK.B,"BERKSHIRE HATHAWAY INC.,",Financials,Financials,-17.0
2026-10-02,BRO,"BROWN & BROWN, INC.",Financials,Financials,-42.0
2026-10-02,BSX,BOSTON SCIENTIFIC ,Health Care,Health Care,12.0
2026-10-02,BTC=F,BITCOIN FUTURES,,Futures,-10.0
2026-10-02,BTI,BRITISH AMERICAN TOBACCO P.L.C.,,MR Discretion,-13.0
2026-10-02,BTU,PEABODY ENERGY ,,MR Discretion,40.0
2026-10-02,BX,BLACKSTONE INC,Financials,Financials,-21.0
2026-10-02,BXP,"BOSTON PROPERTIES, INC.",Real Estate,Real Estate,-42.0
2026-10-02,C,CITIGROUP INC.,Financials,Financials,-26.0
2026-10-02,CAG,"CONAGRA BRANDS, INC.",Consumer Staples,Consumer Staples,-4.0
2026-10-02,CAH,"CARDINAL HEALTH, INC.",Health Care,Health Care,19.0
2026-10-02,CALM,"CAL-MAINE FOODS, INC.",,MR Discretion,-30.0
2026-10-02,CANE,TEUCRIUM:SUGAR,,Commodities,-28.0
2026-10-02,CARR,CARRIER GLOBAL ,Industrials,Industrials,12.0
2026-10-02,CASY,"CASEY'S GENERAL STORES, INC.",Consumer Staples,Consumer Staples,6.0
2026-10-02,CAT,CATERPILLAR INC.,Industrials,Industrials,-5.0
2026-10-02,CB,CHUBB LTD,Financials,Financials,-7.0
2026-10-02,CBOE,"CBOE GLOBAL MARKETS, INC.",Financials,Financials,31.0
2026-10-02,CBRE,"CBRE GROUP, INC.",Real Estate,Real Estate,-21.0
2026-10-02,CCI,CROWN CASTLE INC.,Real Estate,Real Estate,3.0
2026-10-02,CCJ,CAMECO ,,MR Discretion,15.0
2026-10-02,CCL,CARNIVAL CORP,Consumer Discretionary,Consumer Discretionary,-32.0
2026-10-02,CDNS,"CADENCE DESIGN SYSTEMS, INC.",Information Technology,Information Technology,-9.0
2026-10-02,CDW,CDW ,Information Technology,Information Technology,-17.0
2026-10-02,CEG,CONSTELLATION ENERGY,Utilities,Utilities,31.0
2026-10-02,CF,"CF INDUSTRIES HOLDINGS, INC.",Materials,Materials,19.0
2026-10-02,CFG,"CITIZENS FINANCIAL GROUP, INC.",Financials,Financials,-56.0
2026-10-02,CHD,"CHURCH & DWIGHT CO., INC.",Consumer Staples,Consumer Staples,-21.0
2026-10-02,CHRW,"C.H. ROBINSON WORLDWIDE, INC.",Industrials,Industrials,-31.0
2026-10-02,CHTR,"CHARTER COMMUNICATIONS, INC.",Communication Services,Communication Services,-42.0
2026-10-02,CI,THE CIGNA GROUP,Health Care,Health Care,-10.0
2026-10-02,CIEN,CIENA CORPORATION,Information Technology,Information Technology,-24.0
2026-10-02,CINF,CINCINNATI FINANCIAL ,Financials,Financials,-35.0
2026-10-02,CL,COLGATE-PALMOLIVE COMPANY,Consumer Staples,Consumer Staples,-42.0
2026-10-02,CLX,THE CLOROX COMPANY,Consumer Staples,Consumer Staples,2.0
2026-10-02,CMBT,CMB.TECH NV,,MR Discretion,30.0
2026-10-02,CMCSA,COMCAST ,Communication Services,Communication Services,-1.0
2026-10-02,CME,CME GROUP INC.,Financials,Financials,-4.0
2026-10-02,CMG,"CHIPOTLE MEXICAN GRILL, INC.",Consumer Discretionary,Consumer Discretionary,-21.0
2026-10-02,CMI,CUMMINS INC.,Industrials,Industrials,22.0
2026-10-02,CMRE,COSTAMARE INC.,,MR Discretion,-48.0
2026-10-02,CMS,CMS ENERGY ,Utilities,Utilities,-30.0
2026-10-02,CNC,CENTENE ,Health Care,Health Care,35.0
2026-10-02,CNP,"CENTERPOINT ENERGY, INC.",Utilities,Utilities,-38.0
2026-10-02,CNR,"CORE NATURAL RESOURCES, INC.",,MR Discretion,11.0
2026-10-02,COF,CAPITAL ONE FINANCIAL ,Financials,Financials,-15.0
2026-10-02,COHR,COHERENT CORP.,Information Technology,Information Technology,-15.0
2026-10-02,COIN,"COINBASE GLOBAL, INC.",Financials,Financials,-32.0
2026-10-02,COMT,ISHARES:GSCI COMM DYN RS,,Commodities,-8.0
2026-10-02,COO,"THE COOPER COMPANIES, INC.",Health Care,Health Care,-13.0
2026-10-02,COP,CONOCOPHILLIPS,Energy,Energy,28.0
2026-10-02,COR,"CENCORA, INC.",Health Care,Health Care,-15.0
2026-10-02,CORN,TEUCRIUM:CORN,,Commodities,2.0
2026-10-02,COST,COSTCO WHOLESALE ,Consumer Staples,Consumer Staples,-21.0
2026-10-02,CPAY,"FLEETCOR TECHNOLOGIES, INC.",Financials,Financials,-4.0
2026-10-02,CPER,UNITED STATES COPPER IDX,,Commodities,44.0
2026-10-02,CPRT,"COPART, INC.",Industrials,Industrials,-48.0
2026-10-02,CPT,CAMDEN PROPERTY TRUST,Real Estate,Real Estate,-21.0
2026-10-02,CRESY,CRESUD INC.,,MR Discretion,2.0
2026-10-02,CRH,CRH PUBLIC LIMITED COMPANY,Materials,Materials,-50.0
2026-10-02,CRL,CHARLES RIVER LABORATORIES,Health Care,Health Care,16.0
2026-10-02,CRM,"SALESFORCE, INC.",Information Technology,Information Technology,4.0
2026-10-02,CRWD,"CROWDSTRIKE HOLDINGS, INC.",Information Technology,Information Technology,-12.0
2026-10-02,CSCO,"CISCO SYSTEMS, INC.",Information Technology,Information Technology,44.0
2026-10-02,CSGP,"COSTAR GROUP, INC.",Real Estate,Real Estate,4.0
2026-10-02,CSX,CSX ,Industrials,Industrials,46.0
2026-10-02,CTAS,CINTAS ,Industrials,Industrials,23.0
2026-10-02,CTSH,COGNIZANT TECHNOLOGY SOLUTIONS ,Information Technology,Information Technology,20.0
2026-10-02,CTVA,"CORTEVA, INC.",Materials,Materials,-6.0
2026-10-02,CVNA,CARVANA CO.,Consumer Discretionary,Consumer Discretionary,-6.0
2026-10-02,CVS,CVS HEALTH ,Health Care,Health Care,9.0
2026-10-02,CVX,CHEVRON ,Energy,Energy,39.0
2026-10-02,D,"DOMINION ENERGY, INC.",Utilities,Utilities,-14.0
2026-10-02,DAL,"DELTA AIR LINES, INC.",Industrials,Industrials,-14.0
2026-10-02,DASH,"DOORDASH, INC.",Consumer Discretionary,Consumer Discretionary,-13.0
2026-10-02,DBA,INVESCO DB MS AGRI,,Commodities,-38.0
2026-10-02,DBB,INVESCO DB MS BMTL,,Commodities,-10.0
2026-10-02,DBC,INVESCO DB CM IDX,,Commodities,11.0
2026-10-02,DD,"DUPONT DE NEMOURS, INC.",Materials,Materials,22.0
2026-10-02,DDOG,"DATADOG, INC.",Information Technology,Information Technology,-21.0
2026-10-02,DE,DEERE & COMPANY,Industrials,Industrials,46.0
2026-10-02,DECK,DECKERS OUTDOOR ,Consumer Discretionary,Consumer Discretionary,12.0
2026-10-02,DELL,DELL TECHNOLOGIES INC.,Information Technology,Information Technology,18.0
2026-10-02,DG,DOLLAR GENERAL ,Consumer Staples,Consumer Staples,34.0
2026-10-02,DGX,QUEST DIAGNOSTICS INC.,Health Care,Health Care,53.0
2026-10-02,DHI,"D.R. HORTON, INC.",Consumer Discretionary,Consumer Discretionary,4.0
2026-10-02,DHR,DANAHER ,Health Care,Health Care,40.0
2026-10-02,DHT,"DHT HOLDINGS, INC.",,MR Discretion,30.0
2026-10-02,DIA,SPDR DOW JONES INDUS AVG,,Sector & Style ETFs,-14.0
2026-10-02,DIS,THE WALT DISNEY COMPANY,Communication Services,Communication Services,8.0
2026-10-02,DJI,DOW JONES INDUSTRIAL AVG INDEX,,Indices,-29.0
2026-10-02,DLR,"DIGITAL REALTY TRUST, INC.",Real Estate,Real Estate,22.0
2026-10-02,DLTR,"DOLLAR TREE, INC.",Consumer Staples,Consumer Staples,30.0
2026-10-02,DOC,"HEALTHDOC PROPERTIES, INC.",Real Estate,Real Estate,-12.0
2026-10-02,DOV,DOVER ,Industrials,Industrials,12.0
2026-10-02,DOW,DOW INC.,Materials,Materials,22.0
2026-10-02,DPZ,"DOMINO'S PIZZA, INC.",Consumer Discretionary,Consumer Discretionary,-4.0
2026-10-02,DRI,"DARDEN RESTAURANTS, INC.",Consumer Discretionary,Consumer Discretionary,56.0
2026-10-02,DTE,DTE ENERGY COMPANY,Utilities,Utilities,-30.0
2026-10-02,DUK,DUKE ENERGY ,Utilities,Utilities,-31.0
2026-10-02,DVA,DAVITA INC.,Health Care,Health Care,35.0
2026-10-02,DVN,DEVON ENERGY ,Energy,Energy,47.0
2026-10-02,DXCM,"DEXCOM, INC.",Health Care,Health Care,62.0
2026-10-02,DXY,US DOLLAR INDEX,USD,Indices,-29.0
2026-10-02,EBAY,EBAY INC.,Consumer Discretionary,Consumer Discretionary,-26.0
2026-10-02,EC,ECOPETROL SA,,MR Discretion,8.0
2026-10-02,ECH,ISHARES:MSCI CHILE,,Foreign,20.0
2026-10-02,ECHO,ECHOSTAR CORPORATION,Communication Services,Communication Services,-23.0
2026-10-02,ECL,ECOLAB INC.,Materials,Materials,-5.0
2026-10-02,ED,"CONSOLIDATED EDISON, INC.",Utilities,Utilities,-42.0
2026-10-02,EDEN,ISHARES:MSCI DENMARK,,Foreign,2.0
2026-10-02,EDV,VANGUARD EXT DUR T;ETF,Bonds,Bonds,9.0
2026-10-02,EFNL,ISHARES:MSCI FINLAND,,Foreign,1.0
2026-10-02,EFX,EQUIFAX INC.,Industrials,Industrials,-42.0
2026-10-02,EG,"EVEREST GROUP, LTD.",Financials,Financials,8.0
2026-10-02,EIDO,ISHARES:MSCI INDONESIA,,Foreign,-37.0
2026-10-02,EIRL,ISHARES:MSCI IRELAND,,Foreign,-26.0
2026-10-02,EIS,ISHARES:MSCI ISRAEL,,Foreign,31.0
2026-10-02,EIX,EDISON INTERNATIONAL,Utilities,Utilities,-12.0
2026-10-02,EL,THE ESTEE LAUDER COMPANIES INC.,Consumer Staples,Consumer Staples,20.0
2026-10-02,ELV,"ELEVANCE HEALTH, INC.",Health Care,Health Care,25.0
2026-10-02,EME,"EMCOR GROUP, INC.",Industrials,Industrials,-14.0
2026-10-02,EMR,EMERSON ELECTRIC CO.,Industrials,Industrials,10.0
2026-10-02,ENZL,ISHARES:MSCI NEW ZLND,,Foreign,-42.0
2026-10-02,EOG,"EOG RESOURCES, INC.",Energy,Energy,30.0
2026-10-02,EPAM,"EPAM SYSTEMS, INC.",Information Technology,Information Technology,35.0
2026-10-02,EPHE,ISHARES:MSCI PHILIPPINES,,Foreign,-29.0
2026-10-02,EPOL,ISHARES:MSCI POLAND,,Foreign,15.0
2026-10-02,EPU,ISHARES:MSCI PERU,,Foreign,12.0
2026-10-02,EQIX,"EQUINIX, INC.",Real Estate,Real Estate,50.0
2026-10-02,EQR,EQUITY RESIDENTIAL,Real Estate,Real Estate,-19.0
2026-10-02,EQT,EQT ,Energy,Energy,-7.0
2026-10-02,ERIE,ERIE INDEMNITY COMPANY,Financials,Financials,-31.0
2026-10-02,ES,EVERSOURCE ENERGY,Utilities,Utilities,-14.0
2026-10-02,ES=F,E-MINI S&P 500 FUTURES,,Futures,-18.0
2026-10-02,ESS,"ESSEX PROPERTY TRUST, INC.",Real Estate,Real Estate,-48.0
2026-10-02,ETN,EATON  PUBLIC LIMITED COMPANY,Industrials,Industrials,17.0
2026-10-02,ETR,ENTERGY ,Utilities,Utilities,-25.0
2026-10-02,EVRG,"EVERGY, INC.",Utilities,Utilities,4.0
2026-10-02,EW,EDWARDS LIFESCIENCES ,Health Care,Health Care,53.0
2026-10-02,EWA,ISHARES:MSCI AUSTRALIA,,Foreign,-38.0
2026-10-02,EWC,ISHARES:MSCI CANADA,,Foreign,-9.0
2026-10-02,EWD,ISHARES:MSCI SWEDEN,,Foreign,26.0
2026-10-02,EWG,ISHARES:MSCI GERMANY,,Foreign,-14.0
2026-10-02,EWH,ISHARES:MSCI HONG KONG,,Foreign,-35.0
2026-10-02,EWI,ISHARES:MSCI ITALY,,Foreign,-10.0
2026-10-02,EWJ,ISHARES:MSCI JAPAN,,Foreign,-18.0
2026-10-02,EWK,ISHARES:MSCI BELGIUM,,Foreign,36.0
2026-10-02,EWL,ISHARES:MSCI SWITZERLAND,,Foreign,-48.0
2026-10-02,EWM,ISHARES:MSCI MALAYSIA,,Foreign,-48.0
2026-10-02,EWN,ISHARES:MSCI NETHERLANDS,,Foreign,74.0
2026-10-02,EWO,ISHARES:MSCI AUSTRIA,,Foreign,-22.0
2026-10-02,EWP,ISHARES:MSCI SPAIN,,Foreign,-10.0
2026-10-02,EWQ,ISHARES:MSCI FRANCE,,Foreign,33.0
2026-10-02,EWS,ISHARES:MSCI SINGAPORE,,Foreign,23.0
2026-10-02,EWT,ISHARES:MSCI TAIWAN,,Foreign,47.0
2026-10-02,EWU,ISHARES:MSCI UK,,Foreign,18.0
2026-10-02,EWW,ISHARES:MSCI MEXICO,,Foreign,-10.0
2026-10-02,EWY,ISHARES:MSCI S KOREA,,Foreign,23.0
2026-10-02,EWZ,ISHARES:MSCI BRAZIL,,Foreign,-9.0
2026-10-02,EXC,EXELON ,Utilities,Utilities,-21.0
2026-10-02,EXE,EXPAND ENERGY ,Energy,Energy,-7.0
2026-10-02,EXPD,EXPEDITORS INTERNATIONAL OF WASHINGTON,Industrials,Industrials,-8.0
2026-10-02,EXPE,"EXPEDIA GROUP, INC.",Consumer Discretionary,Consumer Discretionary,47.0
2026-10-02,EXR,EXTRA SPACE STORAGE INC.,Real Estate,Real Estate,2.0
2026-10-02,F,FORD MOTOR COMPANY,Consumer Discretionary,Consumer Discretionary,19.0
2026-10-02,FANG,"DIAMONDBACK ENERGY, INC.",Energy,Energy,32.0
2026-10-02,FAST,FASTENAL COMPANY,Industrials,Industrials,-27.0
2026-10-02,FCX,FREEPORT-MCMORAN INC.,Materials,Materials,53.0
2026-10-02,FDS,FACTSET RESEARCH SYSTEMS INC.,Financials,Financials,-4.0
2026-10-02,FDX,FEDEX ,Industrials,Industrials,56.0
2026-10-02,FE,FIRSTENERGY CORP.,Utilities,Utilities,-38.0
2026-10-02,FERG,FERGUSON ENTERPRISES INC.,Industrials,Industrials,12.0
2026-10-02,FFIV,"F5, INC.",Information Technology,Information Technology,-42.0
2026-10-02,FICO,FAIR ISAAC ,Information Technology,Information Technology,-70.0
2026-10-02,FIS,FIDELITY NATIONAL INFORMATION SERVICES,Financials,Financials,-21.0
2026-10-02,FISV,"FISERV, INC.",Financials,Financials,-42.0
2026-10-02,FITB,FIFTH THIRD BANCORP,Financials,Financials,-63.0
2026-10-02,FIX,"COMFORT SYSTEMS USA, INC.",Industrials,Industrials,-14.0
2026-10-02,FLEX,FLEX LTD.,Information Technology,Information Technology,16.0
2026-10-02,FOXA,FOX ,Communication Services,Communication Services,-17.0
2026-10-02,FRO,FRONTLINE PLC,,MR Discretion,23.0
2026-10-02,FRT,FEDERAL REALTY INVESTMENT TRUST,Real Estate,Real Estate,9.0
2026-10-02,FSLR,"FIRST SOLAR, INC.",Information Technology,Information Technology,24.0
2026-10-02,FTI,TECHNIPFMC PLC,,MR Discretion,17.0
2026-10-02,FTNT,"FORTINET, INC.",Information Technology,Information Technology,10.0
2026-10-02,FTV,FORTIVE ,Industrials,Industrials,-2.0
2026-10-02,FVX,5 YR TSY YLD NDX,Yields,Yields,25.0
2026-10-02,FXA,INVESCO:AU DOLLAR,,Currencies,33.0
2026-10-02,FXB,INVESCO:GBP STERLING,,Currencies,18.0
2026-10-02,FXC,INVESCO:CANADIAN DOLLAR,,Currencies,9.0
2026-10-02,FXE,INVESCO:EURO,,Currencies,-26.0
2026-10-02,FXY,INVESCO:JAPANESE YEN,,Currencies,8.0
2026-10-02,GD,GENERAL DYNAMICS ,Industrials,Industrials,-20.0
2026-10-02,GDDY,GODADDY INC.,Information Technology,Information Technology,-54.0
2026-10-02,GDX,VANECK:GOLD MINERS,,Commodities,-14.0
2026-10-02,GDXJ,VANECK:JR GOLD MINERS,,Commodities,-20.0
2026-10-02,GE,GENERAL ELECTRIC COMPANY,Industrials,Industrials,6.0
2026-10-02,GEHC,GE HEALTHCARE TECHNOLOGIES INC.,Health Care,Health Care,-14.0
2026-10-02,GEN,GEN DIGITAL INC.,Information Technology,Information Technology,46.0
2026-10-02,GEOS,GEOSPACE TECHNOLOGIES ,,MR Discretion,-47.0
2026-10-02,GEV,GE VERNOVA INC.,Industrials,Industrials,-21.0
2026-10-02,GGB,GERDAU SA,,MR Discretion,-4.0
2026-10-02,GILD,"GILEAD SCIENCES, INC.",Health Care,Health Care,9.0
2026-10-02,GIS,"GENERAL MILLS, INC.",Consumer Staples,Consumer Staples,9.0
2026-10-02,GL,GLOBE LIFE INC.,Financials,Financials,-12.0
2026-10-02,GLATF,GLOBAL ATOMIC ,,MR Discretion,47.0
2026-10-02,GLD,SPDR GOLD,Gold,Commodities,-42.0
2026-10-02,GLW,CORNING INC.,Information Technology,Information Technology,-22.0
2026-10-02,GM,GENERAL MOTORS COMPANY,Consumer Discretionary,Consumer Discretionary,-26.0
2026-10-02,GNK,GENCO SHIPPING & TRADING LIMITED,,MR Discretion,29.0
2026-10-02,GNRC,GENERAC HOLDINGS INC.,Industrials,Industrials,-15.0
2026-10-02,GOOGL,ALPHABET INC.,Communication Services,Communication Services,3.0
2026-10-02,GPC,GENUINE PARTS COMPANY,Consumer Discretionary,Consumer Discretionary,-7.0
2026-10-02,GPN,GLOBAL PAYMENTS INC.,Financials,Financials,2.0
2026-10-02,GREK,GLBL X MSCI GREECE,,Foreign,-8.0
2026-10-02,GRMN,GARMIN LTD,Consumer Discretionary,Consumer Discretionary,44.0
2026-10-02,GS,"THE GOLDMAN SACHS GROUP, INC.",Financials,Financials,-33.0
2026-10-02,GWW,"W.W. GRAINGER, INC.",Industrials,Industrials,12.0
2026-10-02,HAL,HALLIBURTON COMPANY,Energy,Energy,3.0
2026-10-02,HAS,"HASBRO, INC.",Consumer Discretionary,Consumer Discretionary,20.0
2026-10-02,HBAN,HUNTINGTON BANCSHARES INC.,Financials,Financials,-14.0
2026-10-02,HCA,"HCA HEALTHCARE, INC.",Health Care,Health Care,-42.0
2026-10-02,HD,"THE HOME DEPOT, INC.",Consumer Discretionary,Consumer Discretionary,-31.0
2026-10-02,HIG,THE HARTFORD FINANCIAL SERVICES GROUP,Financials,Financials,-56.0
2026-10-02,HII,"HUNTINGTON INGALLS INDUSTRIES, INC.",Industrials,Industrials,44.0
2026-10-02,HLT,HILTON WORLDWIDE HOLDINGS INC.,Consumer Discretionary,Consumer Discretionary,-5.0
2026-10-02,HLX,"HELIX ENERGY SOLUTIONS GROUP, INC.",,MR Discretion,3.0
2026-10-02,HON,HONEYWELL INTERNATIONAL INC.,Industrials,Industrials,-20.0
2026-10-02,HOOD,"ROBINHOOD MARKETS, INC.",Financials,Financials,8.0
2026-10-02,HPE,HEWLETT PACKARD ENTERPRISE COMPANY,Information Technology,Information Technology,1.0
2026-10-02,HPQ,HP INC.,Information Technology,Information Technology,-1.0
2026-10-02,HRL,HORMEL FOODS ,Consumer Staples,Consumer Staples,4.0
2026-10-02,HSIC,"HENRY SCHEIN, INC.",Health Care,Health Care,22.0
2026-10-02,HST,"HOST HOTELS & RESORTS, INC.",Real Estate,Real Estate,22.0
2026-10-02,HSY,THE HERSHEY COMPANY,Consumer Staples,Consumer Staples,-42.0
2026-10-02,HUBB,HUBBELL INC.,Industrials,Industrials,-10.0
2026-10-02,HUM,HUMANA INC.,Health Care,Health Care,38.0
2026-10-02,HWM,HOWMET AEROSPACE INC.,Industrials,Industrials,-23.0
2026-10-02,HYD,VANECK:HIGH YIELD MUNI,,Bonds,-16.0
2026-10-02,HYG,ISHARES:IBOXX $HY CORP,Bonds,Bonds,20.0
2026-10-02,IBKR,"INTERACTIVE BROKERS GROUP, INC.",Financials,Financials,26.0
2026-10-02,IBM,INTERNATIONAL BUSINESS MACHINES ,Information Technology,Information Technology,-10.0
2026-10-02,ICE,"INTERCONTINENTAL EXCHANGE, INC.",Financials,Financials,31.0
2026-10-02,ICL,ICL GROUP LTD,,MR Discretion,17.0
2026-10-02,IDXX,"IDEXX LABORATORIES, INC.",Health Care,Health Care,12.0
2026-10-02,IEF,ISHARES:7-10 TRS BD ETF,Bonds,Bonds,-14.0
2026-10-02,IEX,IDEX ,Industrials,Industrials,14.0
2026-10-02,IFF,INTERNATIONAL FLAVORS & FRAGRANCES INC.,Materials,Materials,9.0
2026-10-02,INCY,INCYTE ,Health Care,Health Care,35.0
2026-10-02,INDA,ISHARES:MSCI INDIA,,Foreign,-24.0
2026-10-02,INTC,INTEL ,Information Technology,Information Technology,27.0
2026-10-02,INTU,INTUIT INC.,Information Technology,Information Technology,-17.0
2026-10-02,INVH,INVITATION HOMES INC.,Real Estate,Real Estate,-12.0
2026-10-02,IP,INTERNATIONAL PAPER COMPANY,Materials,Materials,4.0
2026-10-02,IQV,IQVIA HOLDINGS INC,Health Care,Health Care,33.0
2026-10-02,IR,INGERSOLL RAND INC.,Industrials,Industrials,33.0
2026-10-02,IRM,IRON MOUNTAIN INC.,Real Estate,Real Estate,-5.0
2026-10-02,ISRG,"INTUITIVE SURGICAL, INC.",Health Care,Health Care,-50.0
2026-10-02,IT,"GARTNER, INC.",Information Technology,Information Technology,-11.0
2026-10-02,ITW,ILLINOIS TOOL WORKS INC.,Industrials,Industrials,-9.0
2026-10-02,IVZ,INVESCO LTD.,Financials,Financials,17.0
2026-10-02,IWD,ISHARES:RUSS 1000 VL ETF,,Sector & Style ETFs,18.0
2026-10-02,IWF,ISHARES:RUSS 1000 GR ETF,,Sector & Style ETFs,-14.0
2026-10-02,IWM,ISHARES:RUSS 2000 ETF,,Sector & Style ETFs,-27.0
2026-10-02,J,JACOBS SOLUTIONS INC.,Industrials,Industrials,12.0
2026-10-02,JBHT,"J. B. HUNT TRANSPORT SERVICES, INC.",Industrials,Industrials,-1.0
2026-10-02,JBL,JABIL INC.,Information Technology,Information Technology,20.0
2026-10-02,JCI,JOHNSON CONTROLS INTERNATIONAL PLC,Industrials,Industrials,24.0
2026-10-02,JKHY,"JACK HENRY & ASSOCIATES, INC.",Financials,Financials,-12.0
2026-10-02,JNJ,JOHNSON & JOHNSON,Health Care,Health Care,23.0
2026-10-02,JNK,SPDR BBG HIGH YIELD BD,,Bonds,24.0
2026-10-02,JPM,JPMORGAN CHASE & CO.,Financials,Financials,-26.0
2026-10-02,KDP,KEURIG DR PEPPER INC.,Consumer Staples,Consumer Staples,47.0
2026-10-02,KEY,KEYCORP,Financials,Financials,-48.0
2026-10-02,KEYS,"KEYSIGHT TECHNOLOGIES, INC.",Information Technology,Information Technology,-4.0
2026-10-02,KHC,THE KRAFT HEINZ COMPANY,Consumer Staples,Consumer Staples,2.0
2026-10-02,KIM,KIMCO REALTY .,Real Estate,Real Estate,-21.0
2026-10-02,KKR,KKR & CO. INC.,Financials,Financials,-21.0
2026-10-02,KLAC,KLA ,Information Technology,Information Technology,18.0
2026-10-02,KMB,KIMBERLY-CLARK ,Consumer Staples,Consumer Staples,-31.0
2026-10-02,KMI,"KINDER MORGAN, INC.",Energy,Energy,-21.0
2026-10-02,KO,THE COCA-COLA COMPANY,Consumer Staples,Consumer Staples,-33.0
2026-10-02,KR,THE KROGER CO.,Consumer Staples,Consumer Staples,-22.0
2026-10-02,KVUE,KENVUE INC.,Consumer Staples,Consumer Staples,-27.0
2026-10-02,L,LOEWS ,Financials,Financials,12.0
2026-10-02,LDOS,"LEIDOS HOLDINGS, INC.",Industrials,Industrials,-16.0
2026-10-02,LEN,LENNAR ,Consumer Discretionary,Consumer Discretionary,-13.0
2026-10-02,LH,LABORATORY  OF AMERICA HOLDINGS,Health Care,Health Care,59.0
2026-10-02,LHX,"L3HARRIS TECHNOLOGIES, INC.",Industrials,Industrials,-38.0
2026-10-02,LII,LENNOX INTERNATIONAL INC.,Industrials,Industrials,4.0
2026-10-02,LIN,LINDE PUBLIC LIMITED COMPANY,Materials,Materials,-19.0
2026-10-02,LITE,LUMENTUM HOLDINGS INC.,Information Technology,Information Technology,2.0
2026-10-02,LLY,ELI LILLY AND COMPANY,Health Care,Health Care,-8.0
2026-10-02,LMT,LOCKHEED MARTIN ,Industrials,Industrials,-30.0
2026-10-02,LNT,ALLIANT ENERGY ,Utilities,Utilities,12.0
2026-10-02,LOW,"LOWE'S COMPANIES, INC.",Consumer Discretionary,Consumer Discretionary,-63.0
2026-10-02,LQD,ISHARES:IBOXX $IG CORP,Bonds,Bonds,3.0
2026-10-02,LRCX,LAM RESEARCH ,Information Technology,Information Technology,38.0
2026-10-02,LULU,LULULEMON ATHLETICA INC.,Consumer Discretionary,Consumer Discretionary,-36.0
2026-10-02,LUV,SOUTHWEST AIRLINES CO.,Industrials,Industrials,-31.0
2026-10-02,LVS,LAS VEGAS SANDS CORP.,Consumer Discretionary,Consumer Discretionary,-21.0
2026-10-02,LYB,LYONDELLBASELL INDUSTRIES NV,Materials,Materials,57.0
2026-10-02,LYV,"LIVE NATION ENTERTAINMENT, INC.",Communication Services,Communication Services,4.0
2026-10-02,MA,MASTERCARD INC..,Financials,Financials,-12.0
2026-10-02,MAA,"MID-AMERICA APARTMENT COMMUNITIES, INC.",Real Estate,Real Estate,-63.0
2026-10-02,MAR,"MARRIOTT INTERNATIONAL, INC.",Consumer Discretionary,Consumer Discretionary,-18.0
2026-10-02,MAS,MASCO ,Industrials,Industrials,3.0
2026-10-02,MCD,MCDONALD'S ,Consumer Discretionary,Consumer Discretionary,-14.0
2026-10-02,MCHI,ISHARES:MSCI CHINA,,Foreign,-51.0
2026-10-02,MCHP,MICROCHIP TECHNOLOGY INC.,Information Technology,Information Technology,8.0
2026-10-02,MCK,MCKESSON ,Health Care,Health Care,37.0
2026-10-02,MCO,MOODY'S ,Financials,Financials,-12.0
2026-10-02,MDLZ,"MONDELEZ INTERNATIONAL, INC.",Consumer Staples,Consumer Staples,14.0
2026-10-02,MDT,MEDTRONIC PUBLIC LIMITED COMPANY,Health Care,Health Care,36.0
2026-10-02,MDY,SPDR S&P MIDCAP 400 ETF,,Sector & Style ETFs,11.0
2026-10-02,MET,"METLIFE, INC.",Financials,Financials,-12.0
2026-10-02,META,"META PLATFORMS, INC.",Communication Services,Communication Services,-44.0
2026-10-02,MGM,MGM RESORTS INTERNATIONAL,Consumer Discretionary,Consumer Discretionary,8.0
2026-10-02,MKC,"MCCORMICK & COMPANY, INC.",Consumer Staples,Consumer Staples,-4.0
2026-10-02,MLM,"MARTIN MARIETTA MATERIALS, INC.",Materials,Materials,-25.0
2026-10-02,MMM,3M COMPANY,Industrials,Industrials,12.0
2026-10-02,MNST,MONSTER BEVERAGE ,Consumer Staples,Consumer Staples,31.0
2026-10-02,MO,"ALTRIA GROUP, INC.",Consumer Staples,Consumer Staples,-38.0
2026-10-02,MOS,THE MOSAIC COMPANY,Materials,Materials,30.0
2026-10-02,MP,MP MATERIALS CORP,,MR Discretion,6.0
2026-10-02,MPC,MARATHON PETROLEUM ,Energy,Energy,51.0
2026-10-02,MPWR,"MONOLITHIC POWER SYSTEMS, INC.",Information Technology,Information Technology,-17.0
2026-10-02,MRK,"MERCK & CO., INC.",Health Care,Health Care,36.0
2026-10-02,MRNA,"MODERNA, INC.",Health Care,Health Care,23.0
2026-10-02,MRSH,"MARSH & MCLENNAN COMPANIES, INC.",Financials,Financials,-42.0
2026-10-02,MRVL,"MARVELL TECHNOLOGY, INC.",Information Technology,Information Technology,26.0
2026-10-02,MS,MORGAN STANLEY,Financials,Financials,-26.0
2026-10-02,MSCI,MSCI INC.,Financials,Financials,3.0
2026-10-02,MSFT,MICROSOFT ,Information Technology,Information Technology,3.0
2026-10-02,MSI,"MOTOROLA SOLUTIONS, INC.",Information Technology,Information Technology,4.0
2026-10-02,MTB,M&T BANK ,Financials,Financials,-63.0
2026-10-02,MTD,METTLER-TOLEDO INTERNATIONAL INC.,Health Care,Health Care,-22.0
2026-10-02,MTUM,ISHARES:MSCI USA MOM FCT,,Sector & Style ETFs,19.0
2026-10-02,MU,"MICRON TECHNOLOGY, INC.",Information Technology,Information Technology,30.0
2026-10-02,MUB,ISHARES:NATL MUNI BOND,,Bonds,12.0
2026-10-02,NCLH,NORWEGIAN CRUISE LINE HOLDINGS LTD.,Consumer Discretionary,Consumer Discretionary,-37.0
2026-10-02,NDAQ,"NASDAQ, INC.",Financials,Financials,3.0
2026-10-02,NDSN,NORDSON ,Industrials,Industrials,-2.0
2026-10-02,NDX,NASDAQ 100 INDEX,,Indices,-15.0
2026-10-02,NEE,"NEXTERA ENERGY, INC.",Utilities,Utilities,-30.0
2026-10-02,NEM,NEWMONT ,Materials,Materials,19.0
2026-10-02,NFLX,"NETFLIX, INC.",Communication Services,Communication Services,-41.0
2026-10-02,NI,NISOURCE INC.,Utilities,Utilities,-38.0
2026-10-02,NKE,"NIKE, INC.",Consumer Discretionary,Consumer Discretionary,-63.0
2026-10-02,NOC,NORTHROP GRUMMAN ,Industrials,Industrials,-17.0
2026-10-02,NORW,GLBL X MSCI NORWAY ETF,,Foreign,37.0
2026-10-02,NOV,NOV INC.,,MR Discretion,27.0
2026-10-02,NOW,"SERVICENOW, INC.",Information Technology,Information Technology,-26.0
2026-10-02,NQ=F,NASDAQ 100 FUTURES,,Futures,-9.0
2026-10-02,NRG,"NRG ENERGY, INC.",Utilities,Utilities,-36.0
2026-10-02,NSC,NORFOLK SOUTHERN ,Industrials,Industrials,11.0
2026-10-02,NTAP,"NETAPP, INC.",Information Technology,Information Technology,13.0
2026-10-02,NTRS,NORTHERN TRUST ,Financials,Financials,-26.0
2026-10-02,NUE,NUCOR ,Materials,Materials,77.0
2026-10-02,NVDA,NVIDIA ,Information Technology,Information Technology,16.0
2026-10-02,NVR,"NVR, INC.",Consumer Discretionary,Consumer Discretionary,-46.0
2026-10-02,NWSA,NEWS CORP.,Communication Services,Communication Services,47.0
2026-10-02,NXPI,NXP SEMICONDUCTORS NV,Information Technology,Information Technology,-28.0
2026-10-02,O,REALTY INCOME ,Real Estate,Real Estate,23.0
2026-10-02,ODFL,"OLD DOMINION FREIGHT LINE, INC.",Industrials,Industrials,-1.0
2026-10-02,OEF,ISHARES:S&P 100,,Sector & Style ETFs,20.0
2026-10-02,OKE,"ONEOK, INC.",Energy,Energy,-14.0
2026-10-02,OMC,OMNICOM GROUP INC.,Communication Services,Communication Services,-21.0
2026-10-02,ON,ON SEMICONDUCTOR ,Information Technology,Information Technology,-20.0
2026-10-02,ORCL,ORACLE ,Information Technology,Information Technology,29.0
2026-10-02,ORLY,"O'REILLY AUTOMOTIVE, INC.",Consumer Discretionary,Consumer Discretionary,3.0
2026-10-02,OTIS,OTIS WORLDWIDE ,Industrials,Industrials,-56.0
2026-10-02,OXY,OCCIDENTAL PETROLEUM ,Energy,Energy,32.0
2026-10-02,PAM,PAMPA ENERGIA SA,,MR Discretion,-42.0
2026-10-02,PANW,"PALO ALTO NETWORKS, INC.",Information Technology,Information Technology,17.0
2026-10-02,PAYX,"PAYCHEX, INC.",Industrials,Industrials,20.0
2026-10-02,PBR,BRAZILIAN PETROLEUM  - PETROBRAS,,MR Discretion,-1.0
2026-10-02,PCAR,PACCAR INC,Industrials,Industrials,-33.0
2026-10-02,PCG,PG&E ,Utilities,Utilities,-21.0
2026-10-02,PEG,PUBLIC SERVICE ENTERPRISE GROUP INC.,Utilities,Utilities,-30.0
2026-10-02,PEP,"PEPSICO, INC.",Consumer Staples,Consumer Staples,17.0
2026-10-02,PFE,PFIZER INC.,Health Care,Health Care,9.0
2026-10-02,PFF,ISHARES:PREF AND INC SEC,,Bonds,-29.0
2026-10-02,PFG,"PRINCIPAL FINANCIAL GROUP, INC.",Financials,Financials,-42.0
2026-10-02,PG,THE PROCTER & GAMBLE COMPANY,Consumer Staples,Consumer Staples,8.0
2026-10-02,PGR,THE PROGRESSIVE ,Financials,Financials,4.0
2026-10-02,PH,PARKER-HANNIFIN ,Industrials,Industrials,12.0
2026-10-02,PHM,"PULTEGROUP, INC.",Consumer Discretionary,Consumer Discretionary,4.0
2026-10-02,PKG,PACKAGING  OF AMERICA,Materials,Materials,-17.0
2026-10-02,PLD,"PROLOGIS, INC.",Real Estate,Real Estate,18.0
2026-10-02,PLTR,PALANTIR TECHNOLOGIES INC.,Information Technology,Information Technology,32.0
2026-10-02,PM,PHILIP MORRIS INTERNATIONAL INC.,Consumer Staples,Consumer Staples,-16.0
2026-10-02,PNC,"THE PNC FINANCIAL SERVICES GROUP, INC.",Financials,Financials,-33.0
2026-10-02,PNR,PENTAIR PUBLIC LIMITED COMPANY,Industrials,Industrials,-38.0
2026-10-02,PNW,PINNACLE WEST CAPITAL ,Utilities,Utilities,-44.0
2026-10-02,PODD,INSULET ,Health Care,Health Care,-12.0
2026-10-02,POWA,INVESCO BLOOMBERG PRICING POWER,,Sector & Style ETFs,-34.0
2026-10-02,PPG,"PPG INDUSTRIES, INC.",Materials,Materials,4.0
2026-10-02,PPL,PPL ,Utilities,Utilities,-38.0
2026-10-02,PPLT,ABRDN:PHYSICAL PLATINUM,,Commodities,-22.0
2026-10-02,PRU,"PRUDENTIAL FINANCIAL, INC.",Financials,Financials,-12.0
2026-10-02,PSA,PUBLIC STORAGE.,Real Estate,Real Estate,12.0
2026-10-02,PSKY,PARAMOUNT SKYDANCE ,Communication Services,Communication Services,18.0
2026-10-02,PSX,PHILLIPS 66,Energy,Energy,43.0
2026-10-02,PTC,PTC INC.,Information Technology,Information Technology,15.0
2026-10-02,PWR,"QUANTA SERVICES, INC.",Industrials,Industrials,3.0
2026-10-02,PYPL,"PAYPAL HOLDINGS, INC.",Financials,Financials,-26.0
2026-10-02,Q,"QNITY ELECTRONICS, INC.",Information Technology,Information Technology,-13.0
2026-10-02,QAT,ISHARES:MSCI QATAR,,Foreign,-50.0
2026-10-02,QCOM,QUALCOMM INC.,Information Technology,Information Technology,-1.0
2026-10-02,QQQ,INVESCO QQQ TRUST 1,,Sector & Style ETFs,6.0
2026-10-02,QUAL,ISHARES:MSCI USA QF,,Sector & Style ETFs,-2.0
2026-10-02,RCL,ROYAL CARIBBEAN CRUISES LTD.,Consumer Discretionary,Consumer Discretionary,-12.0
2026-10-02,RDDT,"REDDIT, INC.",Communication Services,Communication Services,-42.0
2026-10-02,REG,REGENCY CENTERS ,Real Estate,Real Estate,-21.0
2026-10-02,REGN,"REGENERON PHARMACEUTICALS, INC.",Health Care,Health Care,24.0
2026-10-02,RF,REGIONS FINANCIAL ,Financials,Financials,-63.0
2026-10-02,RIG,TRANSOCEAN LTD,,MR Discretion,10.0
2026-10-02,RJF,"RAYMOND JAMES FINANCIAL, INC.",Financials,Financials,-27.0
2026-10-02,RL,RALPH LAUREN ,Consumer Discretionary,Consumer Discretionary,-7.0
2026-10-02,RMD,RESMED INC.,Health Care,Health Care,-17.0
2026-10-02,ROK,"ROCKWELL AUTOMATION, INC.",Industrials,Industrials,-14.0
2026-10-02,ROKU,"ROKU, INC.",,MR Discretion,8.0
2026-10-02,ROL,"ROLLINS, INC.",Industrials,Industrials,13.0
2026-10-02,ROP,"ROPER TECHNOLOGIES, INC.",Information Technology,Information Technology,-4.0
2026-10-02,ROST,"ROSS STORES, INC.",Consumer Discretionary,Consumer Discretionary,-7.0
2026-10-02,RSG,"REPUBLIC SERVICES, INC.",Industrials,Industrials,-63.0
2026-10-02,RSP,INVESCO S&P500 EWGHT,,Sector & Style ETFs,-21.0
2026-10-02,RTX,RTX ,Industrials,Industrials,-33.0
2026-10-02,RUT,RUSSELL 2000 INDEX,,Indices,-22.0
2026-10-02,RVTY,"REVVITY, INC.",Health Care,Health Care,26.0
2026-10-02,SBAC,SBA COMMUNICATIONS ,Real Estate,Real Estate,18.0
2026-10-02,SBLK,STAR BULK CARRIERS CORP.,,MR Discretion,39.0
2026-10-02,SBUX,STARBUCKS ,Consumer Discretionary,Consumer Discretionary,17.0
2026-10-02,SCHP,SCHWAB STR:US TIPS,,Bonds,-30.0
2026-10-02,SCHW,THE CHARLES SCHWAB ,Financials,Financials,20.0
2026-10-02,SD,"SANDRIDGE ENERGY, INC.",,MR Discretion,31.0
2026-10-02,SDY,SPDR S&P DIVIDEND,,Sector & Style ETFs,-14.0
2026-10-02,SHW,THE SHERWIN-WILLIAMS COMPANY,Materials,Materials,-7.0
2026-10-02,SHY,ISHARES:1-3 TRS BD ETF,Bonds,Bonds,-38.0
2026-10-02,SILJ,ETFMG PRIME JR SILVR MNR,,Commodities,-14.0
2026-10-02,SJM,THE J. M. SMUCKER COMPANY,Consumer Staples,Consumer Staples,30.0
2026-10-02,SLB,SCHLUMBERGER N.V.,Energy,Energy,-26.0
2026-10-02,SLV,ISHARES:SILVER TRUST,,Commodities,-16.0
2026-10-02,SM,SM ENERGY COMPANY,,MR Discretion,11.0
2026-10-02,SMCI,"SUPER MICRO COMPUTER, INC.",Information Technology,Information Technology,-30.0
2026-10-02,SMH,VANECK:SEMICONDUCTOR,,Sector & Style ETFs,26.0
2026-10-02,SNA,SNAP-ON INC.,Industrials,Industrials,-33.0
2026-10-02,SNDK,SANDISK CORPORATION,Information Technology,Information Technology,17.0
2026-10-02,SNPS,"SYNOPSYS, INC.",Information Technology,Information Technology,-33.0
2026-10-02,SO,THE SOUTHERN COMPANY,Utilities,Utilities,-5.0
2026-10-02,SOLV,SOLVENTUM ,Health Care,Health Care,4.0
2026-10-02,SOYB,TEUCRIUM:SOYBEAN,,Commodities,44.0
2026-10-02,SPG,"SIMON PROPERTY GROUP, INC.",Real Estate,Real Estate,36.0
2026-10-02,SPGI,S&P GLOBAL INC.,Financials,Financials,-42.0
2026-10-02,SPHB,INVESCO S&P500 HI BE,,Sector & Style ETFs,25.0
2026-10-02,SPLV,INVESCO S&P500 LOWVL,,Sector & Style ETFs,-63.0
2026-10-02,SPX,S&P 500 INDEX,,Indices,8.0
2026-10-02,SPY,SPDR S&P 500 ETF,,Sector & Style ETFs,12.0
2026-10-02,SRE,SEMPRA,Utilities,Utilities,-38.0
2026-10-02,STE,STERIS PUBLIC LIMITED COMPANY,Health Care,Health Care,-21.0
2026-10-02,STIP,ISHARES:0-5 TIPS BD ETF,Bonds,Bonds,32.0
2026-10-02,STLA,STELLANTIS NV,,MR Discretion,0.0
2026-10-02,STLD,"STEEL DYNAMICS, INC.",Materials,Materials,64.0
2026-10-02,STNG,SCORPIO TANKERS INC.,,MR Discretion,33.0
2026-10-02,STT,STATE STREET ,Financials,Financials,-18.0
2026-10-02,STX,SEAGATE TECHNOLOGY HOLDINGS,Information Technology,Information Technology,46.0
2026-10-02,STZ,"CONSTELLATION BRANDS, INC.",Consumer Staples,Consumer Staples,12.0
2026-10-02,SW,SMURFIT WESTROCK PUBLIC LIMITED COMPANY,Materials,Materials,14.0
2026-10-02,SWK,"STANLEY BLACK & DECKER, INC.",Industrials,Industrials,1.0
2026-10-02,SWKS,"SKYWORKS SOLUTIONS, INC.",Information Technology,Information Technology,-5.0
2026-10-02,SYF,SYNCHRONY FINANCIAL,Financials,Financials,-21.0
2026-10-02,SYK,STRYKER ,Health Care,Health Care,-23.0
2026-10-02,SYY,SYSCO ,Consumer Staples,Consumer Staples,-26.0
2026-10-02,T,AT&T INC.,Communication Services,Communication Services,31.0
2026-10-02,TAGS,TEUCRIUM:AGRICULTURAL,,Commodities,36.0
2026-10-02,TAP,MOLSON COORS BEVERAGE COMPANY,Consumer Staples,Consumer Staples,-31.0
2026-10-02,TDG,TRANSDIGM GROUP INC.,Industrials,Industrials,4.0
2026-10-02,TDW,TIDEWATER INC.,,MR Discretion,23.0
2026-10-02,TDY,TELEDYNE TECHNOLOGIES INC.,Information Technology,Information Technology,-5.0
2026-10-02,TECH,BIO-TECHNE ,Health Care,Health Care,-9.0
2026-10-02,TECK,TECK RESOURCES LIMITED,,MR Discretion,44.0
2026-10-02,TEL,TE CONNECTIVITY LTD,Information Technology,Information Technology,-31.0
2026-10-02,TER,"TERADYNE, INC.",Information Technology,Information Technology,5.0
2026-10-02,TFC,TRUIST FINANCIAL ,Financials,Financials,-63.0
2026-10-02,TGT,TARGET ,Consumer Staples,Consumer Staples,23.0
2026-10-02,THD,ISHARES:MSCI THAI,,Foreign,47.0
2026-10-02,TIP,ISHARES:TIPS BD ETF,Bonds,Bonds,-45.0
2026-10-02,TJX,"THE TJX COMPANIES, INC.",Consumer Discretionary,Consumer Discretionary,20.0
2026-10-02,TKO,"TKO GROUP HOLDINGS, INC.",Communication Services,Communication Services,-38.0
2026-10-02,TLT,ISHARES:20+ TRS BD ETF,Bonds,Bonds,-1.0
2026-10-02,TMO,THERMO FISHER SCIENTIFIC INC.,Health Care,Health Care,4.0
2026-10-02,TMUS,"T-MOBILE US, INC.",Communication Services,Communication Services,-14.0
2026-10-02,TNX,10 Y TSY YLD NDX,Yields,Yields,25.0
2026-10-02,TPL,TEXAS PACIFIC LAND ,Energy,Energy,-5.0
2026-10-02,TPR,"TAPESTRY, INC.",Consumer Discretionary,Consumer Discretionary,-3.0
2026-10-02,TRGP,TARGA RESOURCES CORP.,Energy,Energy,46.0
2026-10-02,TRMB,TRIMBLE INC.,Information Technology,Information Technology,-33.0
2026-10-02,TROW,"T. ROWE PRICE GROUP, INC.",Financials,Financials,2.0
2026-10-02,TRV,"THE TRAVELERS COMPANIES, INC.",Financials,Financials,0.0
2026-10-02,TS,TENARIS SA,,MR Discretion,26.0
2026-10-02,TSCO,TRACTOR SUPPLY COMPANY,Consumer Discretionary,Consumer Discretionary,-10.0
2026-10-02,TSLA,"TESLA, INC.",Consumer Discretionary,Consumer Discretionary,-48.0
2026-10-02,TSN,"TYSON FOODS, INC.",Consumer Staples,Consumer Staples,-39.0
2026-10-02,TT,TRANE TECHNOLOGIES PLC,Industrials,Industrials,-12.0
2026-10-02,TTD,"THE TRADE DESK, INC.",Communication Services,Communication Services,-69.0
2026-10-02,TTWO,"TAKE-TWO INTERACTIVE SOFTWARE, INC.",Communication Services,Communication Services,-26.0
2026-10-02,TUR,ISHARES:MSCI TURKEY,,Foreign,-30.0
2026-10-02,TXN,TEXAS INSTRUMENTS INC.,Information Technology,Information Technology,-10.0
2026-10-02,TXT,TEXTRON INC.,Industrials,Industrials,-17.0
2026-10-02,TYL,"TYLER TECHNOLOGIES, INC.",Information Technology,Information Technology,-59.0
2026-10-02,TYX,30 Y TSY YLD NDX,Yields,Yields,16.0
2026-10-02,UAL,"UNITED AIRLINES HOLDINGS, INC.",Industrials,Industrials,-31.0
2026-10-02,UBER,"UBER TECHNOLOGIES, INC.",Industrials,Industrials,-21.0
2026-10-02,UDR,"UDR, INC.",Real Estate,Real Estate,-58.0
2026-10-02,UHS,"UNIVERSAL HEALTH SERVICES, INC.",Health Care,Health Care,-42.0
2026-10-02,ULTA,"ULTA BEAUTY, INC.",Consumer Discretionary,Consumer Discretionary,10.0
2026-10-02,UNG,UNITED STATES NAT GAS,Energy Complex,Commodities,3.0
2026-10-02,UNH,UNITEDHEALTH GROUP INC.,Health Care,Health Care,-42.0
2026-10-02,UNP,UNION PACIFIC ,Industrials,Industrials,39.0
2026-10-02,UPS,"UNITED PARCEL SERVICE, INC.",Industrials,Industrials,7.0
2026-10-02,URA,GLBL X URANIUM ETF,,Commodities,15.0
2026-10-02,URI,"UNITED RENTALS, INC.",Industrials,Industrials,-7.0
2026-10-02,URNM,SPROTT URANIUM MINERS,,MR Discretion,17.0
2026-10-02,USB,U.S. BANCORP,Financials,Financials,-33.0
2026-10-02,USO,UNITED STATES OIL FUND,Energy Complex,Commodities,46.0
2026-10-02,UUP,INVESCO DB USD IDX BL,,Currencies,-27.0
2026-10-02,V,VISA INC.,Financials,Financials,-33.0
2026-10-02,VAL,VALARIS LIMITED,,MR Discretion,10.0
2026-10-02,VEEV,VEEVA SYSTEMS INC.,Health Care,Health Care,22.0
2026-10-02,VICI,VICI PROPERTIES INC.,Real Estate,Real Estate,-69.0
2026-10-02,VIX,CBOE MKT VOLATILITY IDX,,Volatility,-37.0
2026-10-02,VLO,VALERO ENERGY ,Energy,Energy,5.0
2026-10-02,VLTO,VERALTO ,Industrials,Industrials,-17.0
2026-10-02,VMC,VULCAN MATERIALS COMPANY,Materials,Materials,-9.0
2026-10-02,VNM,VANECK:VIETNAM,,Foreign,9.0
2026-10-02,VRSK,"VERISK ANALYTICS, INC.",Industrials,Industrials,-44.0
2026-10-02,VRSN,"VERISIGN, INC.",Information Technology,Information Technology,-4.0
2026-10-02,VRT,VERTIV HOLDINGS CO,Industrials,Industrials,4.0
2026-10-02,VRTX,VERTEX PHARMACEUTICALS INC.,Health Care,Health Care,20.0
2026-10-02,VST,VISTRA CORP.,Utilities,Utilities,-5.0
2026-10-02,VTR,"VENTAS, INC.",Real Estate,Real Estate,-62.0
2026-10-02,VTRS,VIATRIS INC.,Health Care,Health Care,22.0
2026-10-02,VXN,CBOE NASDAQ MKT VOL NDX,,Volatility,21.0
2026-10-02,VZ,VERIZON COMMUNICATIONS INC.,Communication Services,Communication Services,37.0
2026-10-02,WAB,WESTINGHOUSE AIR BRAKE TECHNOLOGIES ,Industrials,Industrials,13.0
2026-10-02,WAT,WATERS ,Health Care,Health Care,24.0
2026-10-02,WBD,"WARNER BROS. DISCOVERY, INC.",Communication Services,Communication Services,34.0
2026-10-02,WDAY,"WORKDAY, INC.",Information Technology,Information Technology,-17.0
2026-10-02,WDC,WESTERN DIGITAL ,Information Technology,Information Technology,39.0
2026-10-02,WEAT,TEUCRIUM:WHEAT,,Commodities,10.0
2026-10-02,WEC,"WEC ENERGY GROUP, INC.",Utilities,Utilities,-12.0
2026-10-02,WELL,WELLTOWER INC.,Real Estate,Real Estate,-33.0
2026-10-02,WFC,WELLS FARGO & COMPANY,Financials,Financials,-56.0
2026-10-02,WM,"WASTE MANAGEMENT, INC.",Industrials,Industrials,-14.0
2026-10-02,WMB,"THE WILLIAMS COMPANIES, INC.",Energy,Energy,-12.0
2026-10-02,WMT,WALMART INC.,Consumer Staples,Consumer Staples,4.0
2026-10-02,WRB,W. R. BERKLEY ,Financials,Financials,3.0
2026-10-02,WSM,"WILLIAMS-SONOMA, INC.",Consumer Discretionary,Consumer Discretionary,38.0
2026-10-02,WST,"WEST PHARMACEUTICAL SERVICES, INC.",Health Care,Health Care,15.0
2026-10-02,WTW,WILLIS TOWERS WATSON,Financials,Financials,-14.0
2026-10-02,WY,WEYERHAEUSER COMPANY,Real Estate,Real Estate,13.0
2026-10-02,WYNN,"WYNN RESORTS, LIMITED",Consumer Discretionary,Consumer Discretionary,-20.0
2026-10-02,XEL,XCEL ENERGY INC.,Utilities,Utilities,-5.0
2026-10-02,XES,SPDR S&P OIL&GAS E&S,,MR Discretion,14.0
2026-10-02,XLB,SEL SECTOR:MATRLS SPDR,,Sector & Style ETFs,9.0
2026-10-02,XLC,SEL SECTOR:COMM SVC SPDR,,Sector & Style ETFs,4.0
2026-10-02,XLE,SEL SECTOR:ENERGY SPDR,,Sector & Style ETFs,46.0
2026-10-02,XLF,SEL SECTOR:FINL S SPDR,,Sector & Style ETFs,-12.0
2026-10-02,XLI,SEL SECTOR:INDUST SPDR,,Sector & Style ETFs,12.0
2026-10-02,XLK,SEL SECTOR:TECH SPDR,,Sector & Style ETFs,26.0
2026-10-02,XLP,SEL SECTOR:C STP SPDR,,Sector & Style ETFs,9.0
2026-10-02,XLRE,SEL SECTOR:RL EST SPDR,,Sector & Style ETFs,-21.0
2026-10-02,XLU,SEL SECTOR:UTIL SPDR,,Sector & Style ETFs,-30.0
2026-10-02,XLV,SEL SECTOR:H CARE SPDR,,Sector & Style ETFs,9.0
2026-10-02,XLY,SEL SECTOR:C DSC SPDR,,Sector & Style ETFs,-38.0
2026-10-02,XOM,EXXON MOBIL ,Energy,Energy,34.0
2026-10-02,XOP,SPDR S&P OIL&GAS EXP,,MR Discretion,40.0
2026-10-02,XYL,XYLEM INC.,Industrials,Industrials,-14.0
2026-10-02,XYZ,"BLOCK, INC.",Financials,Financials,-42.0
2026-10-02,YUM,"YUM! BRANDS, INC.",Consumer Discretionary,Consumer Discretionary,17.0
2026-10-02,ZBH,"ZIMMER BIOMET HOLDINGS, INC.",Health Care,Health Care,-4.0
2026-10-02,ZBRA,ZEBRA TECHNOLOGIES ,Information Technology,Information Technology,-41.0
2026-10-02,ZTS,ZOETIS INC.,Health Care,Health Care,7.0
