Date,Ticker,Ticker_name,Exposure,Category,model_score_wtd_change,current_model_score,previous_model_score
2026-10-05,A,"AGILENT TECHNOLOGIES, INC.",Health Care,Health Care,14.0,10.0,-4.0
2026-10-05,AAPL,APPLE INC.,Information Technology,Information Technology,0.0,13.0,13.0
2026-10-05,ABBV,ABBVIE INC.,Health Care,Health Care,-9.0,-35.0,-26.0
2026-10-05,ABNB,"AIRBNB, INC.",Consumer Discretionary,Consumer Discretionary,72.0,84.0,12.0
2026-10-05,ABT,ABBOTT LABORATORIES,Health Care,Health Care,24.0,12.0,-12.0
2026-10-05,ACGL,ARCH CAPITAL GROUP LTD.,Financials,Financials,-19.0,-49.0,-30.0
2026-10-05,ACN,ACCENTURE PUBLIC LIMITED COMPANY,Information Technology,Information Technology,-37.0,-38.0,-1.0
2026-10-05,ADBE,ADOBE INC.,Information Technology,Information Technology,-9.0,-53.0,-44.0
2026-10-05,ADI,"ANALOG DEVICES, INC.",Information Technology,Information Technology,17.0,1.0,-16.0
2026-10-05,ADM,ARCHER-DANIELS-MIDLAND COMPANY.,Consumer Staples,Consumer Staples,19.0,39.0,20.0
2026-10-05,ADP,"AUTOMATIC DATA PROCESSING, INC.",Industrials,Industrials,0.0,23.0,23.0
2026-10-05,ADSK,"AUTODESK, INC.",Information Technology,Information Technology,-10.0,-79.0,-69.0
2026-10-05,AEE,AMEREN ,Utilities,Utilities,0.0,-21.0,-21.0
2026-10-05,AEP,"AMERICAN ELECTRIC POWER COMPANY, INC.",Utilities,Utilities,0.0,-38.0,-38.0
2026-10-05,AES,THE AES ,Utilities,Utilities,4.0,-20.0,-24.0
2026-10-05,AFL,AFLAC INC.,Financials,Financials,25.0,-38.0,-63.0
2026-10-05,AIG,"AMERICAN INTERNATIONAL GROUP, INC.",Financials,Financials,-16.0,-13.0,3.0
2026-10-05,AIZ,"ASSURANT, INC.",Financials,Financials,-17.0,9.0,26.0
2026-10-05,AJG,ARTHUR J. GALLAGHER & CO.,Financials,Financials,-48.0,-63.0,-15.0
2026-10-05,AKAM,"AKAMAI TECHNOLOGIES, INC.",Information Technology,Information Technology,38.0,46.0,8.0
2026-10-05,ALB,ALBEMARLE ,Materials,Materials,10.0,25.0,15.0
2026-10-05,ALGN,"ALIGN TECHNOLOGY, INC.",Health Care,Health Care,-32.0,-33.0,-1.0
2026-10-05,ALL,THE ALLSTATE ,Financials,Financials,-46.0,-10.0,36.0
2026-10-05,ALLE,ALLEGION PUBLIC LIMITED COMPANY,Industrials,Industrials,16.0,-18.0,-34.0
2026-10-05,AMAT,"APPLIED MATERIALS, INC.",Information Technology,Information Technology,0.0,34.0,34.0
2026-10-05,AMCR,AMCOR PLC,Materials,Materials,46.0,4.0,-42.0
2026-10-05,AMD,"ADVANCED MICRO DEVICES, INC.",Information Technology,Information Technology,2.0,23.0,21.0
2026-10-05,AME,"AMETEK, INC.",Industrials,Industrials,35.0,45.0,10.0
2026-10-05,AMGN,AMGEN INC.,Health Care,Health Care,-35.0,10.0,45.0
2026-10-05,AMP,"AMERIPRISE FINANCIAL, INC.",Financials,Financials,-22.0,-4.0,18.0
2026-10-05,AMT,AMERICAN TOWER ,Real Estate,Real Estate,-9.0,9.0,18.0
2026-10-05,AMZN,"AMAZON.COM, INC.",Consumer Discretionary,Consumer Discretionary,0.0,-18.0,-18.0
2026-10-05,ANET,"ARISTA NETWORKS, INC.",Information Technology,Information Technology,19.0,-12.0,-31.0
2026-10-05,AON,AON PLC,Financials,Financials,-22.0,-42.0,-20.0
2026-10-05,AOS,A. O. SMITH ,Industrials,Industrials,-59.0,-55.0,4.0
2026-10-05,APA,APA ,Energy,Energy,-7.0,30.0,37.0
2026-10-05,APD,"AIR PRODUCTS AND CHEMICALS, INC.",Materials,Materials,21.0,-14.0,-35.0
2026-10-05,APH,AMPHENOL ,Information Technology,Information Technology,19.0,45.0,26.0
2026-10-05,APO,"APOLLO GLOBAL MANAGEMENT, INC.",Financials,Financials,21.0,9.0,-12.0
2026-10-05,APP,APPLOVIN CORP,Information Technology,Information Technology,6.0,-21.0,-27.0
2026-10-05,APTV,APTIV PLC,Consumer Discretionary,Consumer Discretionary,-8.0,12.0,20.0
2026-10-05,ARE,"ALEXANDRIA REAL ESTATE EQUITIES, INC.",Real Estate,Real Estate,53.0,36.0,-17.0
2026-10-05,ARES,ARES MANAGEMENT CORP,Financials,Financials,0.0,-42.0,-42.0
2026-10-05,ASC,ARDMORE SHIPPING ,,MR Discretion,21.0,30.0,9.0
2026-10-05,ATO,ATMOS ENERGY ,Utilities,Utilities,0.0,-38.0,-38.0
2026-10-05,AVGO,BROADCOM INC.,Information Technology,Information Technology,-16.0,-21.0,-5.0
2026-10-05,AVY,AVERY DENNISON ,Materials,Materials,30.0,4.0,-26.0
2026-10-05,AWK,"AMERICAN WATER WORKS COMPANY, INC.",Utilities,Utilities,32.0,17.0,-15.0
2026-10-05,AXON,"AXON ENTERPRISE, INC.",Industrials,Industrials,-43.0,-30.0,13.0
2026-10-05,AXP,AMERICAN EXPRESS COMPANY,Financials,Financials,0.0,-42.0,-42.0
2026-10-05,AZO,"AUTOZONE, INC.",Consumer Discretionary,Consumer Discretionary,0.0,12.0,12.0
2026-10-05,BA,THE BOEING COMPANY,Industrials,Industrials,-29.0,18.0,47.0
2026-10-05,BAC,BANK OF AMERICA ,Financials,Financials,38.0,28.0,-10.0
2026-10-05,BALL,BALL ,Materials,Materials,-33.0,-7.0,26.0
2026-10-05,BAX,BAXTER INTERNATIONAL INC.,Health Care,Health Care,-29.0,-9.0,20.0
2026-10-05,BBY,"BEST BUY CO., INC.",Consumer Discretionary,Consumer Discretionary,0.0,-1.0,-1.0
2026-10-05,BDX,"BECTON, DICKINSON AND COMPANY",Health Care,Health Care,-33.0,20.0,53.0
2026-10-05,BEN,"FRANKLIN RESOURCES, INC.",Financials,Financials,-7.0,39.0,46.0
2026-10-05,BF.B,BROWN-FORMAN ,Consumer Staples,Consumer Staples,12.0,-23.0,-35.0
2026-10-05,BG,BUNGE LIMITED,Consumer Staples,Consumer Staples,0.0,-33.0,-33.0
2026-10-05,BIIB,BIOGEN INC.,Health Care,Health Care,-3.0,22.0,25.0
2026-10-05,BKNG,BOOKING HOLDINGS INC.,Consumer Discretionary,Consumer Discretionary,14.0,-35.0,-49.0
2026-10-05,BKR,BAKER HUGHES COMPANY,Energy,Energy,-8.0,50.0,58.0
2026-10-05,BLDR,"BUILDERS FIRSTSOURCE, INC.",Industrials,Industrials,0.0,-6.0,-6.0
2026-10-05,BLK,"BLACKROCK, INC.",Financials,Financials,-27.0,4.0,31.0
2026-10-05,BMY,BRISTOL-MYERS SQUIBB COMPANY,Health Care,Health Care,-34.0,-10.0,24.0
2026-10-05,BNY,THE BANK OF NEW YORK MELLON ,Financials,Financials,53.0,35.0,-18.0
2026-10-05,BR,"BROADRIDGE FINANCIAL SOLUTIONS, INC.",Industrials,Industrials,25.0,-17.0,-42.0
2026-10-05,BRK.B,"BERKSHIRE HATHAWAY INC.,",Financials,Financials,-9.0,-26.0,-17.0
2026-10-05,BRO,"BROWN & BROWN, INC.",Financials,Financials,-21.0,-63.0,-42.0
2026-10-05,BSX,BOSTON SCIENTIFIC ,Health Care,Health Care,-67.0,-55.0,12.0
2026-10-05,BTC=F,BITCOIN FUTURES,,Futures,-38.0,-48.0,-10.0
2026-10-05,BTI,BRITISH AMERICAN TOBACCO P.L.C.,,MR Discretion,-9.0,-22.0,-13.0
2026-10-05,BTU,PEABODY ENERGY ,,MR Discretion,0.0,40.0,40.0
2026-10-05,BX,BLACKSTONE INC,Financials,Financials,0.0,-21.0,-21.0
2026-10-05,BXP,"BOSTON PROPERTIES, INC.",Real Estate,Real Estate,-21.0,-63.0,-42.0
2026-10-05,C,CITIGROUP INC.,Financials,Financials,75.0,49.0,-26.0
2026-10-05,CAG,"CONAGRA BRANDS, INC.",Consumer Staples,Consumer Staples,-8.0,-12.0,-4.0
2026-10-05,CAH,"CARDINAL HEALTH, INC.",Health Care,Health Care,27.0,46.0,19.0
2026-10-05,CALM,"CAL-MAINE FOODS, INC.",,MR Discretion,-21.0,-51.0,-30.0
2026-10-05,CANE,TEUCRIUM:SUGAR,,Commodities,32.0,4.0,-28.0
2026-10-05,CARR,CARRIER GLOBAL ,Industrials,Industrials,1.0,13.0,12.0
2026-10-05,CASY,"CASEY'S GENERAL STORES, INC.",Consumer Staples,Consumer Staples,-18.0,-12.0,6.0
2026-10-05,CAT,CATERPILLAR INC.,Industrials,Industrials,17.0,12.0,-5.0
2026-10-05,CB,CHUBB LTD,Financials,Financials,-27.0,-34.0,-7.0
2026-10-05,CBOE,"CBOE GLOBAL MARKETS, INC.",Financials,Financials,-44.0,-13.0,31.0
2026-10-05,CBRE,"CBRE GROUP, INC.",Real Estate,Real Estate,0.0,-21.0,-21.0
2026-10-05,CCI,CROWN CASTLE INC.,Real Estate,Real Estate,0.0,3.0,3.0
2026-10-05,CCJ,CAMECO ,,MR Discretion,-18.0,-3.0,15.0
2026-10-05,CCL,CARNIVAL CORP,Consumer Discretionary,Consumer Discretionary,4.0,-28.0,-32.0
2026-10-05,CDNS,"CADENCE DESIGN SYSTEMS, INC.",Information Technology,Information Technology,-34.0,-43.0,-9.0
2026-10-05,CDW,CDW ,Information Technology,Information Technology,0.0,-17.0,-17.0
2026-10-05,CEG,CONSTELLATION ENERGY,Utilities,Utilities,0.0,31.0,31.0
2026-10-05,CF,"CF INDUSTRIES HOLDINGS, INC.",Materials,Materials,0.0,19.0,19.0
2026-10-05,CFG,"CITIZENS FINANCIAL GROUP, INC.",Financials,Financials,-7.0,-63.0,-56.0
2026-10-05,CHD,"CHURCH & DWIGHT CO., INC.",Consumer Staples,Consumer Staples,25.0,4.0,-21.0
2026-10-05,CHRW,"C.H. ROBINSON WORLDWIDE, INC.",Industrials,Industrials,-3.0,-34.0,-31.0
2026-10-05,CHTR,"CHARTER COMMUNICATIONS, INC.",Communication Services,Communication Services,0.0,-42.0,-42.0
2026-10-05,CI,THE CIGNA GROUP,Health Care,Health Care,28.0,18.0,-10.0
2026-10-05,CIEN,CIENA CORPORATION,Information Technology,Information Technology,27.0,3.0,-24.0
2026-10-05,CINF,CINCINNATI FINANCIAL ,Financials,Financials,-20.0,-55.0,-35.0
2026-10-05,CL,COLGATE-PALMOLIVE COMPANY,Consumer Staples,Consumer Staples,60.0,18.0,-42.0
2026-10-05,CLX,THE CLOROX COMPANY,Consumer Staples,Consumer Staples,0.0,2.0,2.0
2026-10-05,CMBT,CMB.TECH NV,,MR Discretion,8.0,38.0,30.0
2026-10-05,CMCSA,COMCAST ,Communication Services,Communication Services,-20.0,-21.0,-1.0
2026-10-05,CME,CME GROUP INC.,Financials,Financials,-8.0,-12.0,-4.0
2026-10-05,CMG,"CHIPOTLE MEXICAN GRILL, INC.",Consumer Discretionary,Consumer Discretionary,9.0,-12.0,-21.0
2026-10-05,CMI,CUMMINS INC.,Industrials,Industrials,0.0,22.0,22.0
2026-10-05,CMRE,COSTAMARE INC.,,MR Discretion,21.0,-27.0,-48.0
2026-10-05,CMS,CMS ENERGY ,Utilities,Utilities,-8.0,-38.0,-30.0
2026-10-05,CNC,CENTENE ,Health Care,Health Care,-58.0,-23.0,35.0
2026-10-05,CNP,"CENTERPOINT ENERGY, INC.",Utilities,Utilities,26.0,-12.0,-38.0
2026-10-05,CNR,"CORE NATURAL RESOURCES, INC.",,MR Discretion,1.0,12.0,11.0
2026-10-05,COF,CAPITAL ONE FINANCIAL ,Financials,Financials,27.0,12.0,-15.0
2026-10-05,COHR,COHERENT CORP.,Information Technology,Information Technology,10.0,-5.0,-15.0
2026-10-05,COIN,"COINBASE GLOBAL, INC.",Financials,Financials,-21.0,-53.0,-32.0
2026-10-05,COMT,ISHARES:GSCI COMM DYN RS,,Commodities,13.0,5.0,-8.0
2026-10-05,COO,"THE COOPER COMPANIES, INC.",Health Care,Health Care,0.0,-13.0,-13.0
2026-10-05,COP,CONOCOPHILLIPS,Energy,Energy,12.0,40.0,28.0
2026-10-05,COR,"CENCORA, INC.",Health Care,Health Care,35.0,20.0,-15.0
2026-10-05,CORN,TEUCRIUM:CORN,,Commodities,0.0,2.0,2.0
2026-10-05,COST,COSTCO WHOLESALE ,Consumer Staples,Consumer Staples,-10.0,-31.0,-21.0
2026-10-05,CPAY,"FLEETCOR TECHNOLOGIES, INC.",Financials,Financials,8.0,4.0,-4.0
2026-10-05,CPER,UNITED STATES COPPER IDX,,Commodities,0.0,44.0,44.0
2026-10-05,CPRT,"COPART, INC.",Industrials,Industrials,44.0,-4.0,-48.0
2026-10-05,CPT,CAMDEN PROPERTY TRUST,Real Estate,Real Estate,-9.0,-30.0,-21.0
2026-10-05,CRESY,CRESUD INC.,,MR Discretion,36.0,38.0,2.0
2026-10-05,CRH,CRH PUBLIC LIMITED COMPANY,Materials,Materials,12.0,-38.0,-50.0
2026-10-05,CRL,CHARLES RIVER LABORATORIES,Health Care,Health Care,-36.0,-20.0,16.0
2026-10-05,CRM,"SALESFORCE, INC.",Information Technology,Information Technology,10.0,14.0,4.0
2026-10-05,CRWD,"CROWDSTRIKE HOLDINGS, INC.",Information Technology,Information Technology,-39.0,-51.0,-12.0
2026-10-05,CSCO,"CISCO SYSTEMS, INC.",Information Technology,Information Technology,-36.0,8.0,44.0
2026-10-05,CSGP,"COSTAR GROUP, INC.",Real Estate,Real Estate,-10.0,-6.0,4.0
2026-10-05,CSX,CSX ,Industrials,Industrials,0.0,46.0,46.0
2026-10-05,CTAS,CINTAS ,Industrials,Industrials,-33.0,-10.0,23.0
2026-10-05,CTSH,COGNIZANT TECHNOLOGY SOLUTIONS ,Information Technology,Information Technology,-17.0,3.0,20.0
2026-10-05,CTVA,"CORTEVA, INC.",Materials,Materials,6.0,0.0,-6.0
2026-10-05,CVNA,CARVANA CO.,Consumer Discretionary,Consumer Discretionary,-25.0,-31.0,-6.0
2026-10-05,CVS,CVS HEALTH ,Health Care,Health Care,9.0,18.0,9.0
2026-10-05,CVX,CHEVRON ,Energy,Energy,-53.0,-14.0,39.0
2026-10-05,D,"DOMINION ENERGY, INC.",Utilities,Utilities,0.0,-14.0,-14.0
2026-10-05,DAL,"DELTA AIR LINES, INC.",Industrials,Industrials,9.0,-5.0,-14.0
2026-10-05,DASH,"DOORDASH, INC.",Consumer Discretionary,Consumer Discretionary,16.0,3.0,-13.0
2026-10-05,DBA,INVESCO DB MS AGRI,,Commodities,48.0,10.0,-38.0
2026-10-05,DBB,INVESCO DB MS BMTL,,Commodities,94.0,84.0,-10.0
2026-10-05,DBC,INVESCO DB CM IDX,,Commodities,0.0,11.0,11.0
2026-10-05,DD,"DUPONT DE NEMOURS, INC.",Materials,Materials,-27.0,-5.0,22.0
2026-10-05,DDOG,"DATADOG, INC.",Information Technology,Information Technology,-34.0,-55.0,-21.0
2026-10-05,DE,DEERE & COMPANY,Industrials,Industrials,29.0,75.0,46.0
2026-10-05,DECK,DECKERS OUTDOOR ,Consumer Discretionary,Consumer Discretionary,-49.0,-37.0,12.0
2026-10-05,DELL,DELL TECHNOLOGIES INC.,Information Technology,Information Technology,0.0,18.0,18.0
2026-10-05,DG,DOLLAR GENERAL ,Consumer Staples,Consumer Staples,-39.0,-5.0,34.0
2026-10-05,DGX,QUEST DIAGNOSTICS INC.,Health Care,Health Care,-46.0,7.0,53.0
2026-10-05,DHI,"D.R. HORTON, INC.",Consumer Discretionary,Consumer Discretionary,0.0,4.0,4.0
2026-10-05,DHR,DANAHER ,Health Care,Health Care,-94.0,-54.0,40.0
2026-10-05,DHT,"DHT HOLDINGS, INC.",,MR Discretion,24.0,54.0,30.0
2026-10-05,DIA,SPDR DOW JONES INDUS AVG,,Sector & Style ETFs,-7.0,-21.0,-14.0
2026-10-05,DIS,THE WALT DISNEY COMPANY,Communication Services,Communication Services,18.0,26.0,8.0
2026-10-05,DJI,DOW JONES INDUSTRIAL AVG INDEX,,Indices,0.0,-29.0,-29.0
2026-10-05,DLR,"DIGITAL REALTY TRUST, INC.",Real Estate,Real Estate,-17.0,5.0,22.0
2026-10-05,DLTR,"DOLLAR TREE, INC.",Consumer Staples,Consumer Staples,0.0,30.0,30.0
2026-10-05,DOC,"HEALTHDOC PROPERTIES, INC.",Real Estate,Real Estate,9.0,-3.0,-12.0
2026-10-05,DOV,DOVER ,Industrials,Industrials,-22.0,-10.0,12.0
2026-10-05,DOW,DOW INC.,Materials,Materials,-6.0,16.0,22.0
2026-10-05,DPZ,"DOMINO'S PIZZA, INC.",Consumer Discretionary,Consumer Discretionary,-38.0,-42.0,-4.0
2026-10-05,DRI,"DARDEN RESTAURANTS, INC.",Consumer Discretionary,Consumer Discretionary,-40.0,16.0,56.0
2026-10-05,DTE,DTE ENERGY COMPANY,Utilities,Utilities,0.0,-30.0,-30.0
2026-10-05,DUK,DUKE ENERGY ,Utilities,Utilities,0.0,-31.0,-31.0
2026-10-05,DVA,DAVITA INC.,Health Care,Health Care,-22.0,13.0,35.0
2026-10-05,DVN,DEVON ENERGY ,Energy,Energy,0.0,47.0,47.0
2026-10-05,DXCM,"DEXCOM, INC.",Health Care,Health Care,-58.0,4.0,62.0
2026-10-05,DXY,US DOLLAR INDEX,USD,Indices,0.0,-29.0,-29.0
2026-10-05,EBAY,EBAY INC.,Consumer Discretionary,Consumer Discretionary,0.0,-26.0,-26.0
2026-10-05,EC,ECOPETROL SA,,MR Discretion,68.0,76.0,8.0
2026-10-05,ECH,ISHARES:MSCI CHILE,,Foreign,38.0,58.0,20.0
2026-10-05,ECHO,ECHOSTAR CORPORATION,Communication Services,Communication Services,12.0,-11.0,-23.0
2026-10-05,ECL,ECOLAB INC.,Materials,Materials,8.0,3.0,-5.0
2026-10-05,ED,"CONSOLIDATED EDISON, INC.",Utilities,Utilities,21.0,-21.0,-42.0
2026-10-05,EDEN,ISHARES:MSCI DENMARK,,Foreign,0.0,2.0,2.0
2026-10-05,EDV,VANGUARD EXT DUR T;ETF,Bonds,Bonds,-6.0,3.0,9.0
2026-10-05,EFNL,ISHARES:MSCI FINLAND,,Foreign,71.0,72.0,1.0
2026-10-05,EFX,EQUIFAX INC.,Industrials,Industrials,21.0,-21.0,-42.0
2026-10-05,EG,"EVEREST GROUP, LTD.",Financials,Financials,-7.0,1.0,8.0
2026-10-05,EIDO,ISHARES:MSCI INDONESIA,,Foreign,-29.0,-66.0,-37.0
2026-10-05,EIRL,ISHARES:MSCI IRELAND,,Foreign,42.0,16.0,-26.0
2026-10-05,EIS,ISHARES:MSCI ISRAEL,,Foreign,10.0,41.0,31.0
2026-10-05,EIX,EDISON INTERNATIONAL,Utilities,Utilities,0.0,-12.0,-12.0
2026-10-05,EL,THE ESTEE LAUDER COMPANIES INC.,Consumer Staples,Consumer Staples,11.0,31.0,20.0
2026-10-05,ELV,"ELEVANCE HEALTH, INC.",Health Care,Health Care,-32.0,-7.0,25.0
2026-10-05,EME,"EMCOR GROUP, INC.",Industrials,Industrials,9.0,-5.0,-14.0
2026-10-05,EMR,EMERSON ELECTRIC CO.,Industrials,Industrials,-17.0,-7.0,10.0
2026-10-05,ENZL,ISHARES:MSCI NEW ZLND,,Foreign,30.0,-12.0,-42.0
2026-10-05,EOG,"EOG RESOURCES, INC.",Energy,Energy,0.0,30.0,30.0
2026-10-05,EPAM,"EPAM SYSTEMS, INC.",Information Technology,Information Technology,-22.0,13.0,35.0
2026-10-05,EPHE,ISHARES:MSCI PHILIPPINES,,Foreign,4.0,-25.0,-29.0
2026-10-05,EPOL,ISHARES:MSCI POLAND,,Foreign,47.0,62.0,15.0
2026-10-05,EPU,ISHARES:MSCI PERU,,Foreign,65.0,77.0,12.0
2026-10-05,EQIX,"EQUINIX, INC.",Real Estate,Real Estate,-21.0,29.0,50.0
2026-10-05,EQR,EQUITY RESIDENTIAL,Real Estate,Real Estate,-31.0,-50.0,-19.0
2026-10-05,EQT,EQT ,Energy,Energy,57.0,50.0,-7.0
2026-10-05,ERIE,ERIE INDEMNITY COMPANY,Financials,Financials,-32.0,-63.0,-31.0
2026-10-05,ES,EVERSOURCE ENERGY,Utilities,Utilities,-7.0,-21.0,-14.0
2026-10-05,ES=F,E-MINI S&P 500 FUTURES,,Futures,-47.0,-65.0,-18.0
2026-10-05,ESS,"ESSEX PROPERTY TRUST, INC.",Real Estate,Real Estate,-7.0,-55.0,-48.0
2026-10-05,ETN,EATON  PUBLIC LIMITED COMPANY,Industrials,Industrials,-10.0,7.0,17.0
2026-10-05,ETR,ENTERGY ,Utilities,Utilities,-5.0,-30.0,-25.0
2026-10-05,EVRG,"EVERGY, INC.",Utilities,Utilities,-13.0,-9.0,4.0
2026-10-05,EW,EDWARDS LIFESCIENCES ,Health Care,Health Care,-23.0,30.0,53.0
2026-10-05,EWA,ISHARES:MSCI AUSTRALIA,,Foreign,24.0,-14.0,-38.0
2026-10-05,EWC,ISHARES:MSCI CANADA,,Foreign,12.0,3.0,-9.0
2026-10-05,EWD,ISHARES:MSCI SWEDEN,,Foreign,-47.0,-21.0,26.0
2026-10-05,EWG,ISHARES:MSCI GERMANY,,Foreign,7.0,-7.0,-14.0
2026-10-05,EWH,ISHARES:MSCI HONG KONG,,Foreign,21.0,-14.0,-35.0
2026-10-05,EWI,ISHARES:MSCI ITALY,,Foreign,54.0,44.0,-10.0
2026-10-05,EWJ,ISHARES:MSCI JAPAN,,Foreign,23.0,5.0,-18.0
2026-10-05,EWK,ISHARES:MSCI BELGIUM,,Foreign,8.0,44.0,36.0
2026-10-05,EWL,ISHARES:MSCI SWITZERLAND,,Foreign,0.0,-48.0,-48.0
2026-10-05,EWM,ISHARES:MSCI MALAYSIA,,Foreign,25.0,-23.0,-48.0
2026-10-05,EWN,ISHARES:MSCI NETHERLANDS,,Foreign,-9.0,65.0,74.0
2026-10-05,EWO,ISHARES:MSCI AUSTRIA,,Foreign,70.0,48.0,-22.0
2026-10-05,EWP,ISHARES:MSCI SPAIN,,Foreign,83.0,73.0,-10.0
2026-10-05,EWQ,ISHARES:MSCI FRANCE,,Foreign,0.0,33.0,33.0
2026-10-05,EWS,ISHARES:MSCI SINGAPORE,,Foreign,-9.0,14.0,23.0
2026-10-05,EWT,ISHARES:MSCI TAIWAN,,Foreign,-24.0,23.0,47.0
2026-10-05,EWU,ISHARES:MSCI UK,,Foreign,-44.0,-26.0,18.0
2026-10-05,EWW,ISHARES:MSCI MEXICO,,Foreign,32.0,22.0,-10.0
2026-10-05,EWY,ISHARES:MSCI S KOREA,,Foreign,9.0,32.0,23.0
2026-10-05,EWZ,ISHARES:MSCI BRAZIL,,Foreign,-14.0,-23.0,-9.0
2026-10-05,EXC,EXELON ,Utilities,Utilities,0.0,-21.0,-21.0
2026-10-05,EXE,EXPAND ENERGY ,Energy,Energy,28.0,21.0,-7.0
2026-10-05,EXPD,EXPEDITORS INTERNATIONAL OF WASHINGTON,Industrials,Industrials,16.0,8.0,-8.0
2026-10-05,EXPE,"EXPEDIA GROUP, INC.",Consumer Discretionary,Consumer Discretionary,-53.0,-6.0,47.0
2026-10-05,EXR,EXTRA SPACE STORAGE INC.,Real Estate,Real Estate,10.0,12.0,2.0
2026-10-05,F,FORD MOTOR COMPANY,Consumer Discretionary,Consumer Discretionary,-39.0,-20.0,19.0
2026-10-05,FANG,"DIAMONDBACK ENERGY, INC.",Energy,Energy,-23.0,9.0,32.0
2026-10-05,FAST,FASTENAL COMPANY,Industrials,Industrials,17.0,-10.0,-27.0
2026-10-05,FCX,FREEPORT-MCMORAN INC.,Materials,Materials,0.0,53.0,53.0
2026-10-05,FDS,FACTSET RESEARCH SYSTEMS INC.,Financials,Financials,-30.0,-34.0,-4.0
2026-10-05,FDX,FEDEX ,Industrials,Industrials,-11.0,45.0,56.0
2026-10-05,FE,FIRSTENERGY CORP.,Utilities,Utilities,17.0,-21.0,-38.0
2026-10-05,FERG,FERGUSON ENTERPRISES INC.,Industrials,Industrials,17.0,29.0,12.0
2026-10-05,FFIV,"F5, INC.",Information Technology,Information Technology,21.0,-21.0,-42.0
2026-10-05,FICO,FAIR ISAAC ,Information Technology,Information Technology,67.0,-3.0,-70.0
2026-10-05,FIS,FIDELITY NATIONAL INFORMATION SERVICES,Financials,Financials,-38.0,-59.0,-21.0
2026-10-05,FISV,"FISERV, INC.",Financials,Financials,26.0,-16.0,-42.0
2026-10-05,FITB,FIFTH THIRD BANCORP,Financials,Financials,-27.0,-90.0,-63.0
2026-10-05,FIX,"COMFORT SYSTEMS USA, INC.",Industrials,Industrials,26.0,12.0,-14.0
2026-10-05,FLEX,FLEX LTD.,Information Technology,Information Technology,19.0,35.0,16.0
2026-10-05,FOXA,FOX ,Communication Services,Communication Services,0.0,-17.0,-17.0
2026-10-05,FRO,FRONTLINE PLC,,MR Discretion,0.0,23.0,23.0
2026-10-05,FRT,FEDERAL REALTY INVESTMENT TRUST,Real Estate,Real Estate,-6.0,3.0,9.0
2026-10-05,FSLR,"FIRST SOLAR, INC.",Information Technology,Information Technology,0.0,24.0,24.0
2026-10-05,FTI,TECHNIPFMC PLC,,MR Discretion,0.0,17.0,17.0
2026-10-05,FTNT,"FORTINET, INC.",Information Technology,Information Technology,-20.0,-10.0,10.0
2026-10-05,FTV,FORTIVE ,Industrials,Industrials,-17.0,-19.0,-2.0
2026-10-05,FVX,5 YR TSY YLD NDX,Yields,Yields,-16.0,9.0,25.0
2026-10-05,FXA,INVESCO:AU DOLLAR,,Currencies,23.0,56.0,33.0
2026-10-05,FXB,INVESCO:GBP STERLING,,Currencies,0.0,18.0,18.0
2026-10-05,FXC,INVESCO:CANADIAN DOLLAR,,Currencies,0.0,9.0,9.0
2026-10-05,FXE,INVESCO:EURO,,Currencies,71.0,45.0,-26.0
2026-10-05,FXY,INVESCO:JAPANESE YEN,,Currencies,18.0,26.0,8.0
2026-10-05,GD,GENERAL DYNAMICS ,Industrials,Industrials,0.0,-20.0,-20.0
2026-10-05,GDDY,GODADDY INC.,Information Technology,Information Technology,-32.0,-86.0,-54.0
2026-10-05,GDX,VANECK:GOLD MINERS,,Commodities,0.0,-14.0,-14.0
2026-10-05,GDXJ,VANECK:JR GOLD MINERS,,Commodities,6.0,-14.0,-20.0
2026-10-05,GE,GENERAL ELECTRIC COMPANY,Industrials,Industrials,-26.0,-20.0,6.0
2026-10-05,GEHC,GE HEALTHCARE TECHNOLOGIES INC.,Health Care,Health Care,-36.0,-50.0,-14.0
2026-10-05,GEN,GEN DIGITAL INC.,Information Technology,Information Technology,-82.0,-36.0,46.0
2026-10-05,GEOS,GEOSPACE TECHNOLOGIES ,,MR Discretion,41.0,-6.0,-47.0
2026-10-05,GEV,GE VERNOVA INC.,Industrials,Industrials,0.0,-21.0,-21.0
2026-10-05,GGB,GERDAU SA,,MR Discretion,10.0,6.0,-4.0
2026-10-05,GILD,"GILEAD SCIENCES, INC.",Health Care,Health Care,0.0,9.0,9.0
2026-10-05,GIS,"GENERAL MILLS, INC.",Consumer Staples,Consumer Staples,-21.0,-12.0,9.0
2026-10-05,GL,GLOBE LIFE INC.,Financials,Financials,0.0,-12.0,-12.0
2026-10-05,GLATF,GLOBAL ATOMIC ,,MR Discretion,-36.0,11.0,47.0
2026-10-05,GLD,SPDR GOLD,Gold,Commodities,28.0,-14.0,-42.0
2026-10-05,GLW,CORNING INC.,Information Technology,Information Technology,52.0,30.0,-22.0
2026-10-05,GM,GENERAL MOTORS COMPANY,Consumer Discretionary,Consumer Discretionary,47.0,21.0,-26.0
2026-10-05,GNK,GENCO SHIPPING & TRADING LIMITED,,MR Discretion,0.0,29.0,29.0
2026-10-05,GNRC,GENERAC HOLDINGS INC.,Industrials,Industrials,0.0,-15.0,-15.0
2026-10-05,GOOGL,ALPHABET INC.,Communication Services,Communication Services,-21.0,-18.0,3.0
2026-10-05,GPC,GENUINE PARTS COMPANY,Consumer Discretionary,Consumer Discretionary,21.0,14.0,-7.0
2026-10-05,GPN,GLOBAL PAYMENTS INC.,Financials,Financials,-6.0,-4.0,2.0
2026-10-05,GREK,GLBL X MSCI GREECE,,Foreign,45.0,37.0,-8.0
2026-10-05,GRMN,GARMIN LTD,Consumer Discretionary,Consumer Discretionary,-53.0,-9.0,44.0
2026-10-05,GS,"THE GOLDMAN SACHS GROUP, INC.",Financials,Financials,52.0,19.0,-33.0
2026-10-05,GWW,"W.W. GRAINGER, INC.",Industrials,Industrials,-8.0,4.0,12.0
2026-10-05,HAL,HALLIBURTON COMPANY,Energy,Energy,5.0,8.0,3.0
2026-10-05,HAS,"HASBRO, INC.",Consumer Discretionary,Consumer Discretionary,-17.0,3.0,20.0
2026-10-05,HBAN,HUNTINGTON BANCSHARES INC.,Financials,Financials,-21.0,-35.0,-14.0
2026-10-05,HCA,"HCA HEALTHCARE, INC.",Health Care,Health Care,-10.0,-52.0,-42.0
2026-10-05,HD,"THE HOME DEPOT, INC.",Consumer Discretionary,Consumer Discretionary,-32.0,-63.0,-31.0
2026-10-05,HIG,THE HARTFORD FINANCIAL SERVICES GROUP,Financials,Financials,18.0,-38.0,-56.0
2026-10-05,HII,"HUNTINGTON INGALLS INDUSTRIES, INC.",Industrials,Industrials,0.0,44.0,44.0
2026-10-05,HLT,HILTON WORLDWIDE HOLDINGS INC.,Consumer Discretionary,Consumer Discretionary,0.0,-5.0,-5.0
2026-10-05,HLX,"HELIX ENERGY SOLUTIONS GROUP, INC.",,MR Discretion,8.0,11.0,3.0
2026-10-05,HON,HONEYWELL INTERNATIONAL INC.,Industrials,Industrials,26.0,6.0,-20.0
2026-10-05,HOOD,"ROBINHOOD MARKETS, INC.",Financials,Financials,15.0,23.0,8.0
2026-10-05,HPE,HEWLETT PACKARD ENTERPRISE COMPANY,Information Technology,Information Technology,41.0,42.0,1.0
2026-10-05,HPQ,HP INC.,Information Technology,Information Technology,0.0,-1.0,-1.0
2026-10-05,HRL,HORMEL FOODS ,Consumer Staples,Consumer Staples,-8.0,-4.0,4.0
2026-10-05,HSIC,"HENRY SCHEIN, INC.",Health Care,Health Care,-7.0,15.0,22.0
2026-10-05,HST,"HOST HOTELS & RESORTS, INC.",Real Estate,Real Estate,-18.0,4.0,22.0
2026-10-05,HSY,THE HERSHEY COMPANY,Consumer Staples,Consumer Staples,4.0,-38.0,-42.0
2026-10-05,HUBB,HUBBELL INC.,Industrials,Industrials,-9.0,-19.0,-10.0
2026-10-05,HUM,HUMANA INC.,Health Care,Health Care,9.0,47.0,38.0
2026-10-05,HWM,HOWMET AEROSPACE INC.,Industrials,Industrials,-17.0,-40.0,-23.0
2026-10-05,HYD,VANECK:HIGH YIELD MUNI,,Bonds,2.0,-14.0,-16.0
2026-10-05,HYG,ISHARES:IBOXX $HY CORP,Bonds,Bonds,0.0,20.0,20.0
2026-10-05,IBKR,"INTERACTIVE BROKERS GROUP, INC.",Financials,Financials,-28.0,-2.0,26.0
2026-10-05,IBM,INTERNATIONAL BUSINESS MACHINES ,Information Technology,Information Technology,1.0,-9.0,-10.0
2026-10-05,ICE,"INTERCONTINENTAL EXCHANGE, INC.",Financials,Financials,-77.0,-46.0,31.0
2026-10-05,ICL,ICL GROUP LTD,,MR Discretion,25.0,42.0,17.0
2026-10-05,IDXX,"IDEXX LABORATORIES, INC.",Health Care,Health Care,-76.0,-64.0,12.0
2026-10-05,IEF,ISHARES:7-10 TRS BD ETF,Bonds,Bonds,17.0,3.0,-14.0
2026-10-05,IEX,IDEX ,Industrials,Industrials,-16.0,-2.0,14.0
2026-10-05,IFF,INTERNATIONAL FLAVORS & FRAGRANCES INC.,Materials,Materials,27.0,36.0,9.0
2026-10-05,INCY,INCYTE ,Health Care,Health Care,-2.0,33.0,35.0
2026-10-05,INDA,ISHARES:MSCI INDIA,,Foreign,-14.0,-38.0,-24.0
2026-10-05,INTC,INTEL ,Information Technology,Information Technology,3.0,30.0,27.0
2026-10-05,INTU,INTUIT INC.,Information Technology,Information Technology,0.0,-17.0,-17.0
2026-10-05,INVH,INVITATION HOMES INC.,Real Estate,Real Estate,-57.0,-69.0,-12.0
2026-10-05,IP,INTERNATIONAL PAPER COMPANY,Materials,Materials,-46.0,-42.0,4.0
2026-10-05,IQV,IQVIA HOLDINGS INC,Health Care,Health Care,-13.0,20.0,33.0
2026-10-05,IR,INGERSOLL RAND INC.,Industrials,Industrials,-12.0,21.0,33.0
2026-10-05,IRM,IRON MOUNTAIN INC.,Real Estate,Real Estate,-4.0,-9.0,-5.0
2026-10-05,ISRG,"INTUITIVE SURGICAL, INC.",Health Care,Health Care,-27.0,-77.0,-50.0
2026-10-05,IT,"GARTNER, INC.",Information Technology,Information Technology,-38.0,-49.0,-11.0
2026-10-05,ITW,ILLINOIS TOOL WORKS INC.,Industrials,Industrials,0.0,-9.0,-9.0
2026-10-05,IVZ,INVESCO LTD.,Financials,Financials,-13.0,4.0,17.0
2026-10-05,IWD,ISHARES:RUSS 1000 VL ETF,,Sector & Style ETFs,-39.0,-21.0,18.0
2026-10-05,IWF,ISHARES:RUSS 1000 GR ETF,,Sector & Style ETFs,-4.0,-18.0,-14.0
2026-10-05,IWM,ISHARES:RUSS 2000 ETF,,Sector & Style ETFs,6.0,-21.0,-27.0
2026-10-05,J,JACOBS SOLUTIONS INC.,Industrials,Industrials,0.0,12.0,12.0
2026-10-05,JBHT,"J. B. HUNT TRANSPORT SERVICES, INC.",Industrials,Industrials,15.0,14.0,-1.0
2026-10-05,JBL,JABIL INC.,Information Technology,Information Technology,47.0,67.0,20.0
2026-10-05,JCI,JOHNSON CONTROLS INTERNATIONAL PLC,Industrials,Industrials,-6.0,18.0,24.0
2026-10-05,JKHY,"JACK HENRY & ASSOCIATES, INC.",Financials,Financials,0.0,-12.0,-12.0
2026-10-05,JNJ,JOHNSON & JOHNSON,Health Care,Health Care,12.0,35.0,23.0
2026-10-05,JNK,SPDR BBG HIGH YIELD BD,,Bonds,0.0,24.0,24.0
2026-10-05,JPM,JPMORGAN CHASE & CO.,Financials,Financials,44.0,18.0,-26.0
2026-10-05,KDP,KEURIG DR PEPPER INC.,Consumer Staples,Consumer Staples,-29.0,18.0,47.0
2026-10-05,KEY,KEYCORP,Financials,Financials,-15.0,-63.0,-48.0
2026-10-05,KEYS,"KEYSIGHT TECHNOLOGIES, INC.",Information Technology,Information Technology,0.0,-4.0,-4.0
2026-10-05,KHC,THE KRAFT HEINZ COMPANY,Consumer Staples,Consumer Staples,2.0,4.0,2.0
2026-10-05,KIM,KIMCO REALTY .,Real Estate,Real Estate,0.0,-21.0,-21.0
2026-10-05,KKR,KKR & CO. INC.,Financials,Financials,-21.0,-42.0,-21.0
2026-10-05,KLAC,KLA ,Information Technology,Information Technology,20.0,38.0,18.0
2026-10-05,KMB,KIMBERLY-CLARK ,Consumer Staples,Consumer Staples,-7.0,-38.0,-31.0
2026-10-05,KMI,"KINDER MORGAN, INC.",Energy,Energy,0.0,-21.0,-21.0
2026-10-05,KO,THE COCA-COLA COMPANY,Consumer Staples,Consumer Staples,25.0,-8.0,-33.0
2026-10-05,KR,THE KROGER CO.,Consumer Staples,Consumer Staples,4.0,-18.0,-22.0
2026-10-05,KVUE,KENVUE INC.,Consumer Staples,Consumer Staples,-36.0,-63.0,-27.0
2026-10-05,L,LOEWS ,Financials,Financials,-29.0,-17.0,12.0
2026-10-05,LDOS,"LEIDOS HOLDINGS, INC.",Industrials,Industrials,-1.0,-17.0,-16.0
2026-10-05,LEN,LENNAR ,Consumer Discretionary,Consumer Discretionary,-13.0,-26.0,-13.0
2026-10-05,LH,LABORATORY  OF AMERICA HOLDINGS,Health Care,Health Care,0.0,59.0,59.0
2026-10-05,LHX,"L3HARRIS TECHNOLOGIES, INC.",Industrials,Industrials,26.0,-12.0,-38.0
2026-10-05,LII,LENNOX INTERNATIONAL INC.,Industrials,Industrials,-29.0,-25.0,4.0
2026-10-05,LIN,LINDE PUBLIC LIMITED COMPANY,Materials,Materials,5.0,-14.0,-19.0
2026-10-05,LITE,LUMENTUM HOLDINGS INC.,Information Technology,Information Technology,5.0,7.0,2.0
2026-10-05,LLY,ELI LILLY AND COMPANY,Health Care,Health Care,-8.0,-16.0,-8.0
2026-10-05,LMT,LOCKHEED MARTIN ,Industrials,Industrials,25.0,-5.0,-30.0
2026-10-05,LNT,ALLIANT ENERGY ,Utilities,Utilities,6.0,18.0,12.0
2026-10-05,LOW,"LOWE'S COMPANIES, INC.",Consumer Discretionary,Consumer Discretionary,21.0,-42.0,-63.0
2026-10-05,LQD,ISHARES:IBOXX $IG CORP,Bonds,Bonds,-24.0,-21.0,3.0
2026-10-05,LRCX,LAM RESEARCH ,Information Technology,Information Technology,0.0,38.0,38.0
2026-10-05,LULU,LULULEMON ATHLETICA INC.,Consumer Discretionary,Consumer Discretionary,-14.0,-50.0,-36.0
2026-10-05,LUV,SOUTHWEST AIRLINES CO.,Industrials,Industrials,17.0,-14.0,-31.0
2026-10-05,LVS,LAS VEGAS SANDS CORP.,Consumer Discretionary,Consumer Discretionary,-21.0,-42.0,-21.0
2026-10-05,LYB,LYONDELLBASELL INDUSTRIES NV,Materials,Materials,-35.0,22.0,57.0
2026-10-05,LYV,"LIVE NATION ENTERTAINMENT, INC.",Communication Services,Communication Services,-9.0,-5.0,4.0
2026-10-05,MA,MASTERCARD INC..,Financials,Financials,-35.0,-47.0,-12.0
2026-10-05,MAA,"MID-AMERICA APARTMENT COMMUNITIES, INC.",Real Estate,Real Estate,42.0,-21.0,-63.0
2026-10-05,MAR,"MARRIOTT INTERNATIONAL, INC.",Consumer Discretionary,Consumer Discretionary,4.0,-14.0,-18.0
2026-10-05,MAS,MASCO ,Industrials,Industrials,9.0,12.0,3.0
2026-10-05,MCD,MCDONALD'S ,Consumer Discretionary,Consumer Discretionary,-42.0,-56.0,-14.0
2026-10-05,MCHI,ISHARES:MSCI CHINA,,Foreign,24.0,-27.0,-51.0
2026-10-05,MCHP,MICROCHIP TECHNOLOGY INC.,Information Technology,Information Technology,11.0,19.0,8.0
2026-10-05,MCK,MCKESSON ,Health Care,Health Care,-29.0,8.0,37.0
2026-10-05,MCO,MOODY'S ,Financials,Financials,-43.0,-55.0,-12.0
2026-10-05,MDLZ,"MONDELEZ INTERNATIONAL, INC.",Consumer Staples,Consumer Staples,0.0,14.0,14.0
2026-10-05,MDT,MEDTRONIC PUBLIC LIMITED COMPANY,Health Care,Health Care,-32.0,4.0,36.0
2026-10-05,MDY,SPDR S&P MIDCAP 400 ETF,,Sector & Style ETFs,23.0,34.0,11.0
2026-10-05,MET,"METLIFE, INC.",Financials,Financials,-6.0,-18.0,-12.0
2026-10-05,META,"META PLATFORMS, INC.",Communication Services,Communication Services,-42.0,-86.0,-44.0
2026-10-05,MGM,MGM RESORTS INTERNATIONAL,Consumer Discretionary,Consumer Discretionary,47.0,55.0,8.0
2026-10-05,MKC,"MCCORMICK & COMPANY, INC.",Consumer Staples,Consumer Staples,27.0,23.0,-4.0
2026-10-05,MLM,"MARTIN MARIETTA MATERIALS, INC.",Materials,Materials,16.0,-9.0,-25.0
2026-10-05,MMM,3M COMPANY,Industrials,Industrials,0.0,12.0,12.0
2026-10-05,MNST,MONSTER BEVERAGE ,Consumer Staples,Consumer Staples,-9.0,22.0,31.0
2026-10-05,MO,"ALTRIA GROUP, INC.",Consumer Staples,Consumer Staples,-9.0,-47.0,-38.0
2026-10-05,MOS,THE MOSAIC COMPANY,Materials,Materials,8.0,38.0,30.0
2026-10-05,MP,MP MATERIALS CORP,,MR Discretion,19.0,25.0,6.0
2026-10-05,MPC,MARATHON PETROLEUM ,Energy,Energy,-9.0,42.0,51.0
2026-10-05,MPWR,"MONOLITHIC POWER SYSTEMS, INC.",Information Technology,Information Technology,0.0,-17.0,-17.0
2026-10-05,MRK,"MERCK & CO., INC.",Health Care,Health Care,-32.0,4.0,36.0
2026-10-05,MRNA,"MODERNA, INC.",Health Care,Health Care,-33.0,-10.0,23.0
2026-10-05,MRSH,"MARSH & MCLENNAN COMPANIES, INC.",Financials,Financials,0.0,-42.0,-42.0
2026-10-05,MRVL,"MARVELL TECHNOLOGY, INC.",Information Technology,Information Technology,4.0,30.0,26.0
2026-10-05,MS,MORGAN STANLEY,Financials,Financials,45.0,19.0,-26.0
2026-10-05,MSCI,MSCI INC.,Financials,Financials,-14.0,-11.0,3.0
2026-10-05,MSFT,MICROSOFT ,Information Technology,Information Technology,-43.0,-40.0,3.0
2026-10-05,MSI,"MOTOROLA SOLUTIONS, INC.",Information Technology,Information Technology,-46.0,-42.0,4.0
2026-10-05,MTB,M&T BANK ,Financials,Financials,42.0,-21.0,-63.0
2026-10-05,MTD,METTLER-TOLEDO INTERNATIONAL INC.,Health Care,Health Care,-13.0,-35.0,-22.0
2026-10-05,MTUM,ISHARES:MSCI USA MOM FCT,,Sector & Style ETFs,-13.0,6.0,19.0
2026-10-05,MU,"MICRON TECHNOLOGY, INC.",Information Technology,Information Technology,0.0,30.0,30.0
2026-10-05,MUB,ISHARES:NATL MUNI BOND,,Bonds,0.0,12.0,12.0
2026-10-05,NCLH,NORWEGIAN CRUISE LINE HOLDINGS LTD.,Consumer Discretionary,Consumer Discretionary,44.0,7.0,-37.0
2026-10-05,NDAQ,"NASDAQ, INC.",Financials,Financials,-13.0,-10.0,3.0
2026-10-05,NDSN,NORDSON ,Industrials,Industrials,0.0,-2.0,-2.0
2026-10-05,NDX,NASDAQ 100 INDEX,,Indices,0.0,-15.0,-15.0
2026-10-05,NEE,"NEXTERA ENERGY, INC.",Utilities,Utilities,16.0,-14.0,-30.0
2026-10-05,NEM,NEWMONT ,Materials,Materials,0.0,19.0,19.0
2026-10-05,NFLX,"NETFLIX, INC.",Communication Services,Communication Services,25.0,-16.0,-41.0
2026-10-05,NI,NISOURCE INC.,Utilities,Utilities,17.0,-21.0,-38.0
2026-10-05,NKE,"NIKE, INC.",Consumer Discretionary,Consumer Discretionary,32.0,-31.0,-63.0
2026-10-05,NOC,NORTHROP GRUMMAN ,Industrials,Industrials,0.0,-17.0,-17.0
2026-10-05,NORW,GLBL X MSCI NORWAY ETF,,Foreign,-45.0,-8.0,37.0
2026-10-05,NOV,NOV INC.,,MR Discretion,-13.0,14.0,27.0
2026-10-05,NOW,"SERVICENOW, INC.",Information Technology,Information Technology,-16.0,-42.0,-26.0
2026-10-05,NQ=F,NASDAQ 100 FUTURES,,Futures,-6.0,-15.0,-9.0
2026-10-05,NRG,"NRG ENERGY, INC.",Utilities,Utilities,15.0,-21.0,-36.0
2026-10-05,NSC,NORFOLK SOUTHERN ,Industrials,Industrials,0.0,11.0,11.0
2026-10-05,NTAP,"NETAPP, INC.",Information Technology,Information Technology,7.0,20.0,13.0
2026-10-05,NTRS,NORTHERN TRUST ,Financials,Financials,54.0,28.0,-26.0
2026-10-05,NUE,NUCOR ,Materials,Materials,-6.0,71.0,77.0
2026-10-05,NVDA,NVIDIA ,Information Technology,Information Technology,-30.0,-14.0,16.0
2026-10-05,NVR,"NVR, INC.",Consumer Discretionary,Consumer Discretionary,32.0,-14.0,-46.0
2026-10-05,NWSA,NEWS CORP.,Communication Services,Communication Services,-24.0,23.0,47.0
2026-10-05,NXPI,NXP SEMICONDUCTORS NV,Information Technology,Information Technology,33.0,5.0,-28.0
2026-10-05,O,REALTY INCOME ,Real Estate,Real Estate,-49.0,-26.0,23.0
2026-10-05,ODFL,"OLD DOMINION FREIGHT LINE, INC.",Industrials,Industrials,-8.0,-9.0,-1.0
2026-10-05,OEF,ISHARES:S&P 100,,Sector & Style ETFs,-23.0,-3.0,20.0
2026-10-05,OKE,"ONEOK, INC.",Energy,Energy,0.0,-14.0,-14.0
2026-10-05,OMC,OMNICOM GROUP INC.,Communication Services,Communication Services,-21.0,-42.0,-21.0
2026-10-05,ON,ON SEMICONDUCTOR ,Information Technology,Information Technology,-17.0,-37.0,-20.0
2026-10-05,ORCL,ORACLE ,Information Technology,Information Technology,0.0,29.0,29.0
2026-10-05,ORLY,"O'REILLY AUTOMOTIVE, INC.",Consumer Discretionary,Consumer Discretionary,9.0,12.0,3.0
2026-10-05,OTIS,OTIS WORLDWIDE ,Industrials,Industrials,1.0,-55.0,-56.0
2026-10-05,OXY,OCCIDENTAL PETROLEUM ,Energy,Energy,-25.0,7.0,32.0
2026-10-05,PAM,PAMPA ENERGIA SA,,MR Discretion,55.0,13.0,-42.0
2026-10-05,PANW,"PALO ALTO NETWORKS, INC.",Information Technology,Information Technology,-65.0,-48.0,17.0
2026-10-05,PAYX,"PAYCHEX, INC.",Industrials,Industrials,3.0,23.0,20.0
2026-10-05,PBR,BRAZILIAN PETROLEUM  - PETROBRAS,,MR Discretion,-30.0,-31.0,-1.0
2026-10-05,PCAR,PACCAR INC,Industrials,Industrials,-13.0,-46.0,-33.0
2026-10-05,PCG,PG&E ,Utilities,Utilities,0.0,-21.0,-21.0
2026-10-05,PEG,PUBLIC SERVICE ENTERPRISE GROUP INC.,Utilities,Utilities,0.0,-30.0,-30.0
2026-10-05,PEP,"PEPSICO, INC.",Consumer Staples,Consumer Staples,-50.0,-33.0,17.0
2026-10-05,PFE,PFIZER INC.,Health Care,Health Care,15.0,24.0,9.0
2026-10-05,PFF,ISHARES:PREF AND INC SEC,,Bonds,35.0,6.0,-29.0
2026-10-05,PFG,"PRINCIPAL FINANCIAL GROUP, INC.",Financials,Financials,69.0,27.0,-42.0
2026-10-05,PG,THE PROCTER & GAMBLE COMPANY,Consumer Staples,Consumer Staples,-21.0,-13.0,8.0
2026-10-05,PGR,THE PROGRESSIVE ,Financials,Financials,-35.0,-31.0,4.0
2026-10-05,PH,PARKER-HANNIFIN ,Industrials,Industrials,-13.0,-1.0,12.0
2026-10-05,PHM,"PULTEGROUP, INC.",Consumer Discretionary,Consumer Discretionary,0.0,4.0,4.0
2026-10-05,PKG,PACKAGING  OF AMERICA,Materials,Materials,21.0,4.0,-17.0
2026-10-05,PLD,"PROLOGIS, INC.",Real Estate,Real Estate,-30.0,-12.0,18.0
2026-10-05,PLTR,PALANTIR TECHNOLOGIES INC.,Information Technology,Information Technology,-56.0,-24.0,32.0
2026-10-05,PM,PHILIP MORRIS INTERNATIONAL INC.,Consumer Staples,Consumer Staples,-40.0,-56.0,-16.0
2026-10-05,PNC,"THE PNC FINANCIAL SERVICES GROUP, INC.",Financials,Financials,0.0,-33.0,-33.0
2026-10-05,PNR,PENTAIR PUBLIC LIMITED COMPANY,Industrials,Industrials,0.0,-38.0,-38.0
2026-10-05,PNW,PINNACLE WEST CAPITAL ,Utilities,Utilities,41.0,-3.0,-44.0
2026-10-05,PODD,INSULET ,Health Care,Health Care,-15.0,-27.0,-12.0
2026-10-05,POWA,INVESCO BLOOMBERG PRICING POWER,,Sector & Style ETFs,29.0,-5.0,-34.0
2026-10-05,PPG,"PPG INDUSTRIES, INC.",Materials,Materials,18.0,22.0,4.0
2026-10-05,PPL,PPL ,Utilities,Utilities,0.0,-38.0,-38.0
2026-10-05,PPLT,ABRDN:PHYSICAL PLATINUM,,Commodities,28.0,6.0,-22.0
2026-10-05,PRU,"PRUDENTIAL FINANCIAL, INC.",Financials,Financials,9.0,-3.0,-12.0
2026-10-05,PSA,PUBLIC STORAGE.,Real Estate,Real Estate,-29.0,-17.0,12.0
2026-10-05,PSKY,PARAMOUNT SKYDANCE ,Communication Services,Communication Services,2.0,20.0,18.0
2026-10-05,PSX,PHILLIPS 66,Energy,Energy,0.0,43.0,43.0
2026-10-05,PTC,PTC INC.,Information Technology,Information Technology,-29.0,-14.0,15.0
2026-10-05,PWR,"QUANTA SERVICES, INC.",Industrials,Industrials,0.0,3.0,3.0
2026-10-05,PYPL,"PAYPAL HOLDINGS, INC.",Financials,Financials,-1.0,-27.0,-26.0
2026-10-05,Q,"QNITY ELECTRONICS, INC.",Information Technology,Information Technology,0.0,-13.0,-13.0
2026-10-05,QAT,ISHARES:MSCI QATAR,,Foreign,21.0,-29.0,-50.0
2026-10-05,QCOM,QUALCOMM INC.,Information Technology,Information Technology,0.0,-1.0,-1.0
2026-10-05,QQQ,INVESCO QQQ TRUST 1,,Sector & Style ETFs,-5.0,1.0,6.0
2026-10-05,QUAL,ISHARES:MSCI USA QF,,Sector & Style ETFs,-17.0,-19.0,-2.0
2026-10-05,RCL,ROYAL CARIBBEAN CRUISES LTD.,Consumer Discretionary,Consumer Discretionary,-16.0,-28.0,-12.0
2026-10-05,RDDT,"REDDIT, INC.",Communication Services,Communication Services,0.0,-42.0,-42.0
2026-10-05,REG,REGENCY CENTERS ,Real Estate,Real Estate,-34.0,-55.0,-21.0
2026-10-05,REGN,"REGENERON PHARMACEUTICALS, INC.",Health Care,Health Care,-20.0,4.0,24.0
2026-10-05,RF,REGIONS FINANCIAL ,Financials,Financials,42.0,-21.0,-63.0
2026-10-05,RIG,TRANSOCEAN LTD,,MR Discretion,8.0,18.0,10.0
2026-10-05,RJF,"RAYMOND JAMES FINANCIAL, INC.",Financials,Financials,0.0,-27.0,-27.0
2026-10-05,RL,RALPH LAUREN ,Consumer Discretionary,Consumer Discretionary,0.0,-7.0,-7.0
2026-10-05,RMD,RESMED INC.,Health Care,Health Care,-25.0,-42.0,-17.0
2026-10-05,ROK,"ROCKWELL AUTOMATION, INC.",Industrials,Industrials,4.0,-10.0,-14.0
2026-10-05,ROKU,"ROKU, INC.",,MR Discretion,-15.0,-7.0,8.0
2026-10-05,ROL,"ROLLINS, INC.",Industrials,Industrials,-48.0,-35.0,13.0
2026-10-05,ROP,"ROPER TECHNOLOGIES, INC.",Information Technology,Information Technology,-6.0,-10.0,-4.0
2026-10-05,ROST,"ROSS STORES, INC.",Consumer Discretionary,Consumer Discretionary,15.0,8.0,-7.0
2026-10-05,RSG,"REPUBLIC SERVICES, INC.",Industrials,Industrials,31.0,-32.0,-63.0
2026-10-05,RSP,INVESCO S&P500 EWGHT,,Sector & Style ETFs,-21.0,-42.0,-21.0
2026-10-05,RTX,RTX ,Industrials,Industrials,13.0,-20.0,-33.0
2026-10-05,RUT,RUSSELL 2000 INDEX,,Indices,27.0,5.0,-22.0
2026-10-05,RVTY,"REVVITY, INC.",Health Care,Health Care,-78.0,-52.0,26.0
2026-10-05,SBAC,SBA COMMUNICATIONS ,Real Estate,Real Estate,-39.0,-21.0,18.0
2026-10-05,SBLK,STAR BULK CARRIERS CORP.,,MR Discretion,-32.0,7.0,39.0
2026-10-05,SBUX,STARBUCKS ,Consumer Discretionary,Consumer Discretionary,0.0,17.0,17.0
2026-10-05,SCHP,SCHWAB STR:US TIPS,,Bonds,0.0,-30.0,-30.0
2026-10-05,SCHW,THE CHARLES SCHWAB ,Financials,Financials,-46.0,-26.0,20.0
2026-10-05,SD,"SANDRIDGE ENERGY, INC.",,MR Discretion,15.0,46.0,31.0
2026-10-05,SDY,SPDR S&P DIVIDEND,,Sector & Style ETFs,-49.0,-63.0,-14.0
2026-10-05,SHW,THE SHERWIN-WILLIAMS COMPANY,Materials,Materials,-11.0,-18.0,-7.0
2026-10-05,SHY,ISHARES:1-3 TRS BD ETF,Bonds,Bonds,0.0,-38.0,-38.0
2026-10-05,SILJ,ETFMG PRIME JR SILVR MNR,,Commodities,0.0,-14.0,-14.0
2026-10-05,SJM,THE J. M. SMUCKER COMPANY,Consumer Staples,Consumer Staples,-45.0,-15.0,30.0
2026-10-05,SLB,SCHLUMBERGER N.V.,Energy,Energy,34.0,8.0,-26.0
2026-10-05,SLV,ISHARES:SILVER TRUST,,Commodities,0.0,-16.0,-16.0
2026-10-05,SM,SM ENERGY COMPANY,,MR Discretion,-22.0,-11.0,11.0
2026-10-05,SMCI,"SUPER MICRO COMPUTER, INC.",Information Technology,Information Technology,33.0,3.0,-30.0
2026-10-05,SMH,VANECK:SEMICONDUCTOR,,Sector & Style ETFs,0.0,26.0,26.0
2026-10-05,SNA,SNAP-ON INC.,Industrials,Industrials,-1.0,-34.0,-33.0
2026-10-05,SNDK,SANDISK CORPORATION,Information Technology,Information Technology,9.0,26.0,17.0
2026-10-05,SNPS,"SYNOPSYS, INC.",Information Technology,Information Technology,-44.0,-77.0,-33.0
2026-10-05,SO,THE SOUTHERN COMPANY,Utilities,Utilities,-7.0,-12.0,-5.0
2026-10-05,SOLV,SOLVENTUM ,Health Care,Health Care,-21.0,-17.0,4.0
2026-10-05,SOYB,TEUCRIUM:SOYBEAN,,Commodities,0.0,44.0,44.0
2026-10-05,SPG,"SIMON PROPERTY GROUP, INC.",Real Estate,Real Estate,-32.0,4.0,36.0
2026-10-05,SPGI,S&P GLOBAL INC.,Financials,Financials,8.0,-34.0,-42.0
2026-10-05,SPHB,INVESCO S&P500 HI BE,,Sector & Style ETFs,0.0,25.0,25.0
2026-10-05,SPLV,INVESCO S&P500 LOWVL,,Sector & Style ETFs,42.0,-21.0,-63.0
2026-10-05,SPX,S&P 500 INDEX,,Indices,-26.0,-18.0,8.0
2026-10-05,SPY,SPDR S&P 500 ETF,,Sector & Style ETFs,-15.0,-3.0,12.0
2026-10-05,SRE,SEMPRA,Utilities,Utilities,0.0,-38.0,-38.0
2026-10-05,STE,STERIS PUBLIC LIMITED COMPANY,Health Care,Health Care,25.0,4.0,-21.0
2026-10-05,STIP,ISHARES:0-5 TIPS BD ETF,Bonds,Bonds,-37.0,-5.0,32.0
2026-10-05,STLA,STELLANTIS NV,,MR Discretion,41.0,41.0,0.0
2026-10-05,STLD,"STEEL DYNAMICS, INC.",Materials,Materials,-40.0,24.0,64.0
2026-10-05,STNG,SCORPIO TANKERS INC.,,MR Discretion,1.0,34.0,33.0
2026-10-05,STT,STATE STREET ,Financials,Financials,39.0,21.0,-18.0
2026-10-05,STX,SEAGATE TECHNOLOGY HOLDINGS,Information Technology,Information Technology,16.0,62.0,46.0
2026-10-05,STZ,"CONSTELLATION BRANDS, INC.",Consumer Staples,Consumer Staples,0.0,12.0,12.0
2026-10-05,SW,SMURFIT WESTROCK PUBLIC LIMITED COMPANY,Materials,Materials,22.0,36.0,14.0
2026-10-05,SWK,"STANLEY BLACK & DECKER, INC.",Industrials,Industrials,54.0,55.0,1.0
2026-10-05,SWKS,"SKYWORKS SOLUTIONS, INC.",Information Technology,Information Technology,12.0,7.0,-5.0
2026-10-05,SYF,SYNCHRONY FINANCIAL,Financials,Financials,21.0,-0.0,-21.0
2026-10-05,SYK,STRYKER ,Health Care,Health Care,1.0,-22.0,-23.0
2026-10-05,SYY,SYSCO ,Consumer Staples,Consumer Staples,28.0,2.0,-26.0
2026-10-05,T,AT&T INC.,Communication Services,Communication Services,-11.0,20.0,31.0
2026-10-05,TAGS,TEUCRIUM:AGRICULTURAL,,Commodities,-32.0,4.0,36.0
2026-10-05,TAP,MOLSON COORS BEVERAGE COMPANY,Consumer Staples,Consumer Staples,-32.0,-63.0,-31.0
2026-10-05,TDG,TRANSDIGM GROUP INC.,Industrials,Industrials,0.0,4.0,4.0
2026-10-05,TDW,TIDEWATER INC.,,MR Discretion,-9.0,14.0,23.0
2026-10-05,TDY,TELEDYNE TECHNOLOGIES INC.,Information Technology,Information Technology,17.0,12.0,-5.0
2026-10-05,TECH,BIO-TECHNE ,Health Care,Health Care,-18.0,-27.0,-9.0
2026-10-05,TECK,TECK RESOURCES LIMITED,,MR Discretion,-7.0,37.0,44.0
2026-10-05,TEL,TE CONNECTIVITY LTD,Information Technology,Information Technology,34.0,3.0,-31.0
2026-10-05,TER,"TERADYNE, INC.",Information Technology,Information Technology,33.0,38.0,5.0
2026-10-05,TFC,TRUIST FINANCIAL ,Financials,Financials,42.0,-21.0,-63.0
2026-10-05,TGT,TARGET ,Consumer Staples,Consumer Staples,-21.0,2.0,23.0
2026-10-05,THD,ISHARES:MSCI THAI,,Foreign,9.0,56.0,47.0
2026-10-05,TIP,ISHARES:TIPS BD ETF,Bonds,Bonds,-10.0,-55.0,-45.0
2026-10-05,TJX,"THE TJX COMPANIES, INC.",Consumer Discretionary,Consumer Discretionary,-32.0,-12.0,20.0
2026-10-05,TKO,"TKO GROUP HOLDINGS, INC.",Communication Services,Communication Services,33.0,-5.0,-38.0
2026-10-05,TLT,ISHARES:20+ TRS BD ETF,Bonds,Bonds,10.0,9.0,-1.0
2026-10-05,TMO,THERMO FISHER SCIENTIFIC INC.,Health Care,Health Care,-36.0,-32.0,4.0
2026-10-05,TMUS,"T-MOBILE US, INC.",Communication Services,Communication Services,-13.0,-27.0,-14.0
2026-10-05,TNX,10 Y TSY YLD NDX,Yields,Yields,-34.0,-9.0,25.0
2026-10-05,TPL,TEXAS PACIFIC LAND ,Energy,Energy,-17.0,-22.0,-5.0
2026-10-05,TPR,"TAPESTRY, INC.",Consumer Discretionary,Consumer Discretionary,28.0,25.0,-3.0
2026-10-05,TRGP,TARGA RESOURCES CORP.,Energy,Energy,-6.0,40.0,46.0
2026-10-05,TRMB,TRIMBLE INC.,Information Technology,Information Technology,-15.0,-48.0,-33.0
2026-10-05,TROW,"T. ROWE PRICE GROUP, INC.",Financials,Financials,45.0,47.0,2.0
2026-10-05,TRV,"THE TRAVELERS COMPANIES, INC.",Financials,Financials,-8.0,-8.0,0.0
2026-10-05,TS,TENARIS SA,,MR Discretion,-6.0,20.0,26.0
2026-10-05,TSCO,TRACTOR SUPPLY COMPANY,Consumer Discretionary,Consumer Discretionary,22.0,12.0,-10.0
2026-10-05,TSLA,"TESLA, INC.",Consumer Discretionary,Consumer Discretionary,13.0,-35.0,-48.0
2026-10-05,TSN,"TYSON FOODS, INC.",Consumer Staples,Consumer Staples,-16.0,-55.0,-39.0
2026-10-05,TT,TRANE TECHNOLOGIES PLC,Industrials,Industrials,-5.0,-17.0,-12.0
2026-10-05,TTD,"THE TRADE DESK, INC.",Communication Services,Communication Services,26.0,-43.0,-69.0
2026-10-05,TTWO,"TAKE-TWO INTERACTIVE SOFTWARE, INC.",Communication Services,Communication Services,0.0,-26.0,-26.0
2026-10-05,TUR,ISHARES:MSCI TURKEY,,Foreign,61.0,31.0,-30.0
2026-10-05,TXN,TEXAS INSTRUMENTS INC.,Information Technology,Information Technology,-17.0,-27.0,-10.0
2026-10-05,TXT,TEXTRON INC.,Industrials,Industrials,0.0,-17.0,-17.0
2026-10-05,TYL,"TYLER TECHNOLOGIES, INC.",Information Technology,Information Technology,26.0,-33.0,-59.0
2026-10-05,TYX,30 Y TSY YLD NDX,Yields,Yields,-7.0,9.0,16.0
2026-10-05,UAL,"UNITED AIRLINES HOLDINGS, INC.",Industrials,Industrials,10.0,-21.0,-31.0
2026-10-05,UBER,"UBER TECHNOLOGIES, INC.",Industrials,Industrials,9.0,-12.0,-21.0
2026-10-05,UDR,"UDR, INC.",Real Estate,Real Estate,18.0,-40.0,-58.0
2026-10-05,UHS,"UNIVERSAL HEALTH SERVICES, INC.",Health Care,Health Care,21.0,-21.0,-42.0
2026-10-05,ULTA,"ULTA BEAUTY, INC.",Consumer Discretionary,Consumer Discretionary,-7.0,3.0,10.0
2026-10-05,UNG,UNITED STATES NAT GAS,Energy Complex,Commodities,0.0,3.0,3.0
2026-10-05,UNH,UNITEDHEALTH GROUP INC.,Health Care,Health Care,49.0,7.0,-42.0
2026-10-05,UNP,UNION PACIFIC ,Industrials,Industrials,0.0,39.0,39.0
2026-10-05,UPS,"UNITED PARCEL SERVICE, INC.",Industrials,Industrials,16.0,23.0,7.0
2026-10-05,URA,GLBL X URANIUM ETF,,Commodities,0.0,15.0,15.0
2026-10-05,URI,"UNITED RENTALS, INC.",Industrials,Industrials,-5.0,-12.0,-7.0
2026-10-05,URNM,SPROTT URANIUM MINERS,,MR Discretion,-5.0,12.0,17.0
2026-10-05,USB,U.S. BANCORP,Financials,Financials,0.0,-33.0,-33.0
2026-10-05,USO,UNITED STATES OIL FUND,Energy Complex,Commodities,-39.0,7.0,46.0
2026-10-05,UUP,INVESCO DB USD IDX BL,,Currencies,-21.0,-48.0,-27.0
2026-10-05,V,VISA INC.,Financials,Financials,28.0,-5.0,-33.0
2026-10-05,VAL,VALARIS LIMITED,,MR Discretion,0.0,10.0,10.0
2026-10-05,VEEV,VEEVA SYSTEMS INC.,Health Care,Health Care,-26.0,-4.0,22.0
2026-10-05,VICI,VICI PROPERTIES INC.,Real Estate,Real Estate,-21.0,-90.0,-69.0
2026-10-05,VIX,CBOE MKT VOLATILITY IDX,,Volatility,5.0,-32.0,-37.0
2026-10-05,VLO,VALERO ENERGY ,Energy,Energy,37.0,42.0,5.0
2026-10-05,VLTO,VERALTO ,Industrials,Industrials,-2.0,-19.0,-17.0
2026-10-05,VMC,VULCAN MATERIALS COMPANY,Materials,Materials,-16.0,-25.0,-9.0
2026-10-05,VNM,VANECK:VIETNAM,,Foreign,-13.0,-4.0,9.0
2026-10-05,VRSK,"VERISK ANALYTICS, INC.",Industrials,Industrials,27.0,-17.0,-44.0
2026-10-05,VRSN,"VERISIGN, INC.",Information Technology,Information Technology,-36.0,-40.0,-4.0
2026-10-05,VRT,VERTIV HOLDINGS CO,Industrials,Industrials,18.0,22.0,4.0
2026-10-05,VRTX,VERTEX PHARMACEUTICALS INC.,Health Care,Health Care,-18.0,2.0,20.0
2026-10-05,VST,VISTRA CORP.,Utilities,Utilities,0.0,-5.0,-5.0
2026-10-05,VTR,"VENTAS, INC.",Real Estate,Real Estate,36.0,-26.0,-62.0
2026-10-05,VTRS,VIATRIS INC.,Health Care,Health Care,-36.0,-14.0,22.0
2026-10-05,VXN,CBOE NASDAQ MKT VOL NDX,,Volatility,-41.0,-20.0,21.0
2026-10-05,VZ,VERIZON COMMUNICATIONS INC.,Communication Services,Communication Services,0.0,37.0,37.0
2026-10-05,WAB,WESTINGHOUSE AIR BRAKE TECHNOLOGIES ,Industrials,Industrials,16.0,29.0,13.0
2026-10-05,WAT,WATERS ,Health Care,Health Care,-57.0,-33.0,24.0
2026-10-05,WBD,"WARNER BROS. DISCOVERY, INC.",Communication Services,Communication Services,20.0,54.0,34.0
2026-10-05,WDAY,"WORKDAY, INC.",Information Technology,Information Technology,-9.0,-26.0,-17.0
2026-10-05,WDC,WESTERN DIGITAL ,Information Technology,Information Technology,2.0,41.0,39.0
2026-10-05,WEAT,TEUCRIUM:WHEAT,,Commodities,21.0,31.0,10.0
2026-10-05,WEC,"WEC ENERGY GROUP, INC.",Utilities,Utilities,0.0,-12.0,-12.0
2026-10-05,WELL,WELLTOWER INC.,Real Estate,Real Estate,0.0,-33.0,-33.0
2026-10-05,WFC,WELLS FARGO & COMPANY,Financials,Financials,42.0,-14.0,-56.0
2026-10-05,WM,"WASTE MANAGEMENT, INC.",Industrials,Industrials,-21.0,-35.0,-14.0
2026-10-05,WMB,"THE WILLIAMS COMPANIES, INC.",Energy,Energy,17.0,5.0,-12.0
2026-10-05,WMT,WALMART INC.,Consumer Staples,Consumer Staples,-52.0,-48.0,4.0
2026-10-05,WRB,W. R. BERKLEY ,Financials,Financials,-10.0,-7.0,3.0
2026-10-05,WSM,"WILLIAMS-SONOMA, INC.",Consumer Discretionary,Consumer Discretionary,-32.0,6.0,38.0
2026-10-05,WST,"WEST PHARMACEUTICAL SERVICES, INC.",Health Care,Health Care,-16.0,-1.0,15.0
2026-10-05,WTW,WILLIS TOWERS WATSON,Financials,Financials,-48.0,-62.0,-14.0
2026-10-05,WY,WEYERHAEUSER COMPANY,Real Estate,Real Estate,20.0,33.0,13.0
2026-10-05,WYNN,"WYNN RESORTS, LIMITED",Consumer Discretionary,Consumer Discretionary,16.0,-4.0,-20.0
2026-10-05,XEL,XCEL ENERGY INC.,Utilities,Utilities,0.0,-5.0,-5.0
2026-10-05,XES,SPDR S&P OIL&GAS E&S,,MR Discretion,24.0,38.0,14.0
2026-10-05,XLB,SEL SECTOR:MATRLS SPDR,,Sector & Style ETFs,-30.0,-21.0,9.0
2026-10-05,XLC,SEL SECTOR:COMM SVC SPDR,,Sector & Style ETFs,-85.0,-81.0,4.0
2026-10-05,XLE,SEL SECTOR:ENERGY SPDR,,Sector & Style ETFs,0.0,46.0,46.0
2026-10-05,XLF,SEL SECTOR:FINL S SPDR,,Sector & Style ETFs,-51.0,-63.0,-12.0
2026-10-05,XLI,SEL SECTOR:INDUST SPDR,,Sector & Style ETFs,-8.0,4.0,12.0
2026-10-05,XLK,SEL SECTOR:TECH SPDR,,Sector & Style ETFs,-27.0,-1.0,26.0
2026-10-05,XLP,SEL SECTOR:C STP SPDR,,Sector & Style ETFs,-51.0,-42.0,9.0
2026-10-05,XLRE,SEL SECTOR:RL EST SPDR,,Sector & Style ETFs,0.0,-21.0,-21.0
2026-10-05,XLU,SEL SECTOR:UTIL SPDR,,Sector & Style ETFs,-8.0,-38.0,-30.0
2026-10-05,XLV,SEL SECTOR:H CARE SPDR,,Sector & Style ETFs,5.0,14.0,9.0
2026-10-05,XLY,SEL SECTOR:C DSC SPDR,,Sector & Style ETFs,13.0,-25.0,-38.0
2026-10-05,XOM,EXXON MOBIL ,Energy,Energy,-50.0,-16.0,34.0
2026-10-05,XOP,SPDR S&P OIL&GAS EXP,,MR Discretion,-3.0,37.0,40.0
2026-10-05,XYL,XYLEM INC.,Industrials,Industrials,-10.0,-24.0,-14.0
2026-10-05,XYZ,"BLOCK, INC.",Financials,Financials,12.0,-30.0,-42.0
2026-10-05,YUM,"YUM! BRANDS, INC.",Consumer Discretionary,Consumer Discretionary,-65.0,-48.0,17.0
2026-10-05,ZBH,"ZIMMER BIOMET HOLDINGS, INC.",Health Care,Health Care,16.0,12.0,-4.0
2026-10-05,ZBRA,ZEBRA TECHNOLOGIES ,Information Technology,Information Technology,21.0,-20.0,-41.0
2026-10-05,ZTS,ZOETIS INC.,Health Care,Health Care,-8.0,-1.0,7.0
