Ticker,Ticker_name,Category,Date,Close,day_pct_change,week_pct_change,month_pct_change,quarter_pct_change
EDV,VANGUARD EXT DUR T;ETF,Bonds,2026-10-08,55.03,0.0157,0.0071,-0.0076,-0.0076
HYD,VANECK:HIGH YIELD MUNI,Bonds,2026-10-08,47.82,0.0029,-0.0029,-0.0044,-0.0044
HYG,ISHARES:IBOXX $HY CORP,Bonds,2026-10-08,77.14,-0.0005,0.003,-0.0009,-0.0009
IEF,ISHARES:7-10 TRS BD ETF,Bonds,2026-10-08,89.45,0.0038,0.0045,0.0016,0.0016
JNK,SPDR BBG HIGH YIELD BD,Bonds,2026-10-08,92.73,-0.0002,0.0037,-0.0002,-0.0002
LQD,ISHARES:IBOXX $IG CORP,Bonds,2026-10-08,102.47,0.0036,0.0063,0.0028,0.0028
MUB,ISHARES:NATL MUNI BOND,Bonds,2026-10-08,100.74,0.0022,-0.0022,-0.0036,-0.0036
PFF,ISHARES:PREF AND INC SEC,Bonds,2026-10-08,29.37,0.0,-0.0064,-0.0044,-0.0044
SCHP,SCHWAB STR:US TIPS,Bonds,2026-10-08,25.2,0.0028,0.004,0.0028,0.0028
SHY,ISHARES:1-3 TRS BD ETF,Bonds,2026-10-08,81.2,0.0005,0.0019,0.0,0.0
STIP,ISHARES:0-5 TIPS BD ETF,Bonds,2026-10-08,100.17,0.0007,0.0025,0.0047,0.0047
TIP,ISHARES:TIPS BD ETF,Bonds,2026-10-08,104.52,0.0027,0.0039,0.0046,0.0046
TLT,ISHARES:20+ TRS BD ETF,Bonds,2026-10-08,77.87,0.0094,0.005,0.0012,0.0012
CANE,TEUCRIUM:SUGAR,Commodities,2026-10-08,11.98,-0.0244,0.0135,0.0639,0.0639
COMT,ISHARES:GSCI COMM DYN RS,Commodities,2026-10-08,37.52,0.0143,0.0135,0.0179,0.0179
CORN,TEUCRIUM:CORN,Commodities,2026-10-08,18.96,-0.0047,0.0058,-0.0042,-0.0042
CPER,UNITED STATES COPPER IDX,Commodities,2026-10-08,39.46,-0.0088,-0.0015,-0.008,-0.008
DBA,INVESCO DB MS AGRI,Commodities,2026-10-08,28.34,-0.0053,0.0046,0.0071,0.0071
DBB,INVESCO DB MS BMTL,Commodities,2026-10-08,24.76,-0.0143,-0.0052,-0.0213,-0.0213
DBC,INVESCO DB CM IDX,Commodities,2026-10-08,32.91,0.0123,0.0114,0.0183,0.0183
GDX,VANECK:GOLD MINERS,Commodities,2026-10-08,86.76,0.0151,-0.0116,-0.0118,-0.0118
GDXJ,VANECK:JR GOLD MINERS,Commodities,2026-10-08,110.89,0.016,-0.0243,-0.0269,-0.0269
GLD,SPDR GOLD,Commodities,2026-10-08,378.67,0.0073,-0.0039,-0.0057,-0.0057
PPLT,ABRDN:PHYSICAL PLATINUM,Commodities,2026-10-08,14.82,0.003,-0.0395,-0.0383,-0.0383
SILJ,ETFMG PRIME JR SILVR MNR,Commodities,2026-10-08,26.69,0.0164,-0.0198,-0.0216,-0.0216
SLV,ISHARES:SILVER TRUST,Commodities,2026-10-08,53.45,-0.0069,-0.0236,-0.0194,-0.0194
SOYB,TEUCRIUM:SOYBEAN,Commodities,2026-10-08,27.39,-0.0072,0.0062,-0.0044,-0.0044
TAGS,TEUCRIUM:AGRICULTURAL,Commodities,2026-10-08,27.52,-0.0097,0.0058,0.0144,0.0144
UNG,UNITED STATES NAT GAS,Commodities,2026-10-08,10.805,-0.0208,0.032,0.0419,0.0419
URA,GLBL X URANIUM ETF,Commodities,2026-10-08,38.5,-0.0353,-0.0324,-0.0339,-0.0339
USO,UNITED STATES OIL FUND,Commodities,2026-10-08,147.62,0.0257,0.0017,0.0135,0.0135
WEAT,TEUCRIUM:WHEAT,Commodities,2026-10-08,24.77,-0.0052,0.0008,0.0081,0.0081
CHTR,"CHARTER COMMUNICATIONS, INC.",Communication Services,2026-10-08,109.67,0.0253,0.0035,-0.0111,-0.0111
CMCSA,COMCAST ,Communication Services,2026-10-08,21.21,0.0129,-0.0167,-0.0253,-0.0253
DIS,THE WALT DISNEY COMPANY,Communication Services,2026-10-08,107.08,0.0222,0.0479,0.0208,0.0208
ECHO,ECHOSTAR CORPORATION,Communication Services,2026-10-08,93.36,-0.0443,-0.0094,0.0442,0.0442
FOXA,FOX ,Communication Services,2026-10-08,63.57,0.0139,0.0207,0.0147,0.0147
GOOGL,ALPHABET INC.,Communication Services,2026-10-08,348.29,-0.0063,0.0139,0.0122,0.0122
LYV,"LIVE NATION ENTERTAINMENT, INC.",Communication Services,2026-10-08,171.43,0.0035,0.0158,0.0126,0.0126
META,"META PLATFORMS, INC.",Communication Services,2026-10-08,720.89,-0.0006,-0.0099,-0.0059,-0.0059
NFLX,"NETFLIX, INC.",Communication Services,2026-10-08,71.57,0.0268,0.0673,0.0286,0.0286
NWSA,NEWS CORP.,Communication Services,2026-10-08,28.97,0.0126,0.0098,0.0112,0.0112
OMC,OMNICOM GROUP INC.,Communication Services,2026-10-08,76.45,0.0211,0.031,0.0383,0.0383
RDDT,"REDDIT, INC.",Communication Services,2026-10-08,156.46,0.0241,0.0582,0.0984,0.0984
SKYD,PARAMOUNT SKYDANCE ,Communication Services,2026-10-08,9.29,0.0462,-0.0221,-0.1007,-0.1007
T,AT&T INC.,Communication Services,2026-10-08,24.88,0.0165,0.0239,0.0197,0.0197
TKO,"TKO GROUP HOLDINGS, INC.",Communication Services,2026-10-08,181.63,0.0167,0.0345,0.0106,0.0106
TMUS,"T-MOBILE US, INC.",Communication Services,2026-10-08,171.31,0.0218,0.0469,0.0505,0.0505
TTD,"THE TRADE DESK, INC.",Communication Services,2026-10-08,12.34,0.0207,0.0326,0.014,0.014
TTWO,"TAKE-TWO INTERACTIVE SOFTWARE, INC.",Communication Services,2026-10-08,209.37,0.0263,0.0328,0.009,0.009
VZ,VERIZON COMMUNICATIONS INC.,Communication Services,2026-10-08,46.355,0.013,0.0095,0.0106,0.0106
WBD,"WARNER BROS. DISCOVERY, INC.",Communication Services,2026-10-08,30.95,0.0,0.0003,0.0,0.0
ABNB,"AIRBNB, INC.",Consumer Discretionary,2026-10-08,163.23,0.0162,0.0049,0.0161,0.0161
AMZN,"AMAZON.COM, INC.",Consumer Discretionary,2026-10-08,254.06,-0.0225,0.0101,0.0197,0.0197
APTV,APTIV PLC,Consumer Discretionary,2026-10-08,44.205,-0.0003,0.0153,0.0275,0.0275
AZO,"AUTOZONE, INC.",Consumer Discretionary,2026-10-08,2910.54,0.0224,0.0424,0.0285,0.0285
BBY,"BEST BUY CO., INC.",Consumer Discretionary,2026-10-08,88.39,0.0449,0.0048,0.0017,0.0017
BKNG,BOOKING HOLDINGS INC.,Consumer Discretionary,2026-10-08,159.97,0.0263,0.006,-0.018,-0.018
CCL,CARNIVAL CORP,Consumer Discretionary,2026-10-08,26.14,-0.0008,0.0148,0.0652,0.0652
CMG,"CHIPOTLE MEXICAN GRILL, INC.",Consumer Discretionary,2026-10-08,32.65,0.0611,0.009,0.0219,0.0219
CVNA,CARVANA CO.,Consumer Discretionary,2026-10-08,63.18,0.0069,-0.0093,0.0102,0.0102
DASH,"DOORDASH, INC.",Consumer Discretionary,2026-10-08,191.71,0.0025,0.0135,0.0445,0.0445
DECK,DECKERS OUTDOOR ,Consumer Discretionary,2026-10-08,82.575,0.0269,0.0437,0.0568,0.0568
DHI,"D.R. HORTON, INC.",Consumer Discretionary,2026-10-08,135.82,0.0191,0.0061,-0.0061,-0.0061
DPZ,"DOMINO'S PIZZA, INC.",Consumer Discretionary,2026-10-08,308.65,0.0183,0.0371,0.0302,0.0302
DRI,"DARDEN RESTAURANTS, INC.",Consumer Discretionary,2026-10-08,200.52,-0.0048,0.0009,0.0376,0.0376
EBAY,EBAY INC.,Consumer Discretionary,2026-10-08,111.98,0.0407,0.0524,0.0559,0.0559
EXPE,"EXPEDIA GROUP, INC.",Consumer Discretionary,2026-10-08,270.13,0.0435,0.0194,0.0257,0.0257
F,FORD MOTOR COMPANY,Consumer Discretionary,2026-10-08,12.26,0.0111,0.0132,0.0166,0.0166
GM,GENERAL MOTORS COMPANY,Consumer Discretionary,2026-10-08,82.25,0.0154,0.0508,0.0682,0.0682
GPC,GENUINE PARTS COMPANY,Consumer Discretionary,2026-10-08,128.17,0.0223,0.0073,0.0193,0.0193
GRMN,GARMIN LTD,Consumer Discretionary,2026-10-08,268.44,-0.028,-0.0452,-0.0641,-0.0641
HAS,"HASBRO, INC.",Consumer Discretionary,2026-10-08,92.5,0.0193,0.0331,0.055,0.055
HD,"THE HOME DEPOT, INC.",Consumer Discretionary,2026-10-08,295.46,0.034,0.0446,0.0386,0.0386
HLT,HILTON WORLDWIDE HOLDINGS INC.,Consumer Discretionary,2026-10-08,323.29,0.0086,0.0123,0.0163,0.0163
LEN,LENNAR ,Consumer Discretionary,2026-10-08,77.6,0.0194,-0.0277,-0.0489,-0.0489
LOW,"LOWE'S COMPANIES, INC.",Consumer Discretionary,2026-10-08,188.85,0.0402,0.0445,0.0247,0.0247
LULU,LULULEMON ATHLETICA INC.,Consumer Discretionary,2026-10-08,92.68,0.0087,-0.0188,-0.0365,-0.0365
LVS,LAS VEGAS SANDS CORP.,Consumer Discretionary,2026-10-08,36.095,0.0077,-0.0037,-0.0454,-0.0454
MAR,"MARRIOTT INTERNATIONAL, INC.",Consumer Discretionary,2026-10-08,361.08,0.0128,0.0059,0.0152,0.0152
MCD,MCDONALD'S ,Consumer Discretionary,2026-10-08,236.86,0.0259,0.0214,0.0256,0.0256
MGM,MGM RESORTS INTERNATIONAL,Consumer Discretionary,2026-10-08,30.01,-0.0003,-0.0154,-0.0335,-0.0335
NCLH,NORWEGIAN CRUISE LINE HOLDINGS LTD.,Consumer Discretionary,2026-10-08,15.485,0.0296,0.0228,0.0563,0.0563
NKE,"NIKE, INC.",Consumer Discretionary,2026-10-08,34.75,0.0112,0.026,-0.0184,-0.0184
NVR,"NVR, INC.",Consumer Discretionary,2026-10-08,6002.55,0.012,0.0015,-0.0247,-0.0247
ORLY,"O'REILLY AUTOMOTIVE, INC.",Consumer Discretionary,2026-10-08,86.01,0.0165,0.0131,0.007,0.007
PHM,"PULTEGROUP, INC.",Consumer Discretionary,2026-10-08,113.515,0.0105,-0.0191,-0.0219,-0.0219
RCL,ROYAL CARIBBEAN CRUISES LTD.,Consumer Discretionary,2026-10-08,281.385,-0.0035,0.0131,0.0584,0.0584
RL,RALPH LAUREN ,Consumer Discretionary,2026-10-08,367.39,0.0173,0.0111,0.0347,0.0347
ROST,"ROSS STORES, INC.",Consumer Discretionary,2026-10-08,225.2,-0.0015,-0.0146,-0.0351,-0.0351
SBUX,STARBUCKS ,Consumer Discretionary,2026-10-08,93.21,-0.004,-0.0158,-0.008,-0.008
TJX,"THE TJX COMPANIES, INC.",Consumer Discretionary,2026-10-08,138.75,-0.0004,0.0457,0.0487,0.0487
TPR,"TAPESTRY, INC.",Consumer Discretionary,2026-10-08,115.82,0.0212,-0.0195,0.0068,0.0068
TSCO,TRACTOR SUPPLY COMPANY,Consumer Discretionary,2026-10-08,33.48,0.0295,0.0769,0.07,0.07
TSLA,"TESLA, INC.",Consumer Discretionary,2026-10-08,375.0,-0.0074,0.0119,0.0569,0.0569
ULTA,"ULTA BEAUTY, INC.",Consumer Discretionary,2026-10-08,564.21,0.0343,0.0377,0.033,0.033
WSM,"WILLIAMS-SONOMA, INC.",Consumer Discretionary,2026-10-08,238.9,-0.0065,0.0284,0.0481,0.0481
WYNN,"WYNN RESORTS, LIMITED",Consumer Discretionary,2026-10-08,75.29,0.0043,-0.0078,-0.0521,-0.0521
YUM,"YUM! BRANDS, INC.",Consumer Discretionary,2026-10-08,143.0,0.0189,0.0505,0.0488,0.0488
ADM,ARCHER-DANIELS-MIDLAND COMPANY.,Consumer Staples,2026-10-08,82.45,0.0136,0.0249,0.0387,0.0387
BF.B,BROWN-FORMAN ,Consumer Staples,2026-10-08,26.54,0.0231,0.0145,0.013,0.013
BG,BUNGE LIMITED,Consumer Staples,2026-10-08,107.82,0.0219,0.0103,0.0081,0.0081
CAG,"CONAGRA BRANDS, INC.",Consumer Staples,2026-10-08,13.57,0.0242,0.0157,0.0097,0.0097
CASY,"CASEY'S GENERAL STORES, INC.",Consumer Staples,2026-10-08,642.28,0.0143,0.0397,0.0556,0.0556
CHD,"CHURCH & DWIGHT CO., INC.",Consumer Staples,2026-10-08,97.73,0.0101,0.0363,0.0373,0.0373
CL,COLGATE-PALMOLIVE COMPANY,Consumer Staples,2026-10-08,88.1,0.0102,0.0456,0.0326,0.0326
CLX,THE CLOROX COMPANY,Consumer Staples,2026-10-08,83.45,0.0153,0.0378,0.0301,0.0301
COST,COSTCO WHOLESALE ,Consumer Staples,2026-10-08,947.92,0.006,0.0296,0.0413,0.0413
DG,DOLLAR GENERAL ,Consumer Staples,2026-10-08,124.27,0.0174,0.0448,0.0392,0.0392
DLTR,"DOLLAR TREE, INC.",Consumer Staples,2026-10-08,118.62,0.0199,0.0576,0.0403,0.0403
EL,THE ESTEE LAUDER COMPANIES INC.,Consumer Staples,2026-10-08,94.32,-0.0016,0.0256,0.0167,0.0167
GIS,"GENERAL MILLS, INC.",Consumer Staples,2026-10-08,32.605,0.0261,0.0186,0.0138,0.0138
HRL,HORMEL FOODS ,Consumer Staples,2026-10-08,19.42,-0.0067,-0.041,-0.0261,-0.0261
HSY,THE HERSHEY COMPANY,Consumer Staples,2026-10-08,162.54,0.0137,0.0147,0.0313,0.0313
KDP,KEURIG DR PEPPER INC.,Consumer Staples,2026-10-08,31.26,0.0236,0.0293,0.0303,0.0303
KHC,THE KRAFT HEINZ COMPANY,Consumer Staples,2026-10-08,22.47,0.0218,0.0126,-0.011,-0.011
KMB,KIMBERLY-CLARK ,Consumer Staples,2026-10-08,97.74,0.0131,0.0358,0.0032,0.0032
KO,THE COCA-COLA COMPANY,Consumer Staples,2026-10-08,87.76,0.0228,0.0246,0.0195,0.0195
KR,THE KROGER CO.,Consumer Staples,2026-10-08,61.47,0.0375,0.0413,0.0486,0.0486
KVUE,KENVUE INC.,Consumer Staples,2026-10-08,17.73,0.0108,0.0308,0.004,0.004
MDLZ,"MONDELEZ INTERNATIONAL, INC.",Consumer Staples,2026-10-08,60.67,0.0217,0.0426,0.0493,0.0493
MKC,"MCCORMICK & COMPANY, INC.",Consumer Staples,2026-10-08,45.94,0.0148,0.0284,-0.0099,-0.0099
MNST,MONSTER BEVERAGE ,Consumer Staples,2026-10-08,43.65,0.018,0.0165,0.0488,0.0488
MO,"ALTRIA GROUP, INC.",Consumer Staples,2026-10-08,71.41,0.0291,0.0603,0.0604,0.0604
PEP,"PEPSICO, INC.",Consumer Staples,2026-10-08,128.34,0.0373,0.0195,0.0128,0.0128
PG,THE PROCTER & GAMBLE COMPANY,Consumer Staples,2026-10-08,150.61,0.019,0.0393,0.0367,0.0367
PM,PHILIP MORRIS INTERNATIONAL INC.,Consumer Staples,2026-10-08,200.56,0.0408,0.0699,0.051,0.051
SJM,THE J. M. SMUCKER COMPANY,Consumer Staples,2026-10-08,119.435,0.0302,0.0192,0.0044,0.0044
STZ,"CONSTELLATION BRANDS, INC.",Consumer Staples,2026-10-08,123.59,0.0439,0.095,0.0931,0.0931
SYY,SYSCO ,Consumer Staples,2026-10-08,78.18,0.0181,0.0089,0.0028,0.0028
TAP,MOLSON COORS BEVERAGE COMPANY,Consumer Staples,2026-10-08,37.92,0.0264,0.0288,0.0398,0.0398
TGT,TARGET ,Consumer Staples,2026-10-08,154.76,0.0254,-0.0079,-0.0123,-0.0123
TSN,"TYSON FOODS, INC.",Consumer Staples,2026-10-08,52.34,0.0125,0.0087,0.0358,0.0358
WMT,WALMART INC.,Consumer Staples,2026-10-08,110.56,0.0222,0.0604,0.0639,0.0639
FXA,INVESCO:AU DOLLAR,Currencies,2026-10-08,68.87,-0.0012,0.0001,0.001,0.001
FXB,INVESCO:GBP STERLING,Currencies,2026-10-08,127.1511,0.0011,-0.0008,-0.0038,-0.0038
FXC,INVESCO:CANADIAN DOLLAR,Currencies,2026-10-08,68.7,0.0027,0.0023,0.0006,0.0006
FXE,INVESCO:EURO,Currencies,2026-10-08,103.495,0.0016,-0.0031,-0.0101,-0.0101
FXY,INVESCO:JAPANESE YEN,Currencies,2026-10-08,58.05,0.001,-0.0003,-0.0033,-0.0033
UUP,INVESCO DB USD IDX BL,Currencies,2026-10-08,28.98,-0.0021,0.0031,0.0073,0.0073
APA,APA ,Energy,2026-10-08,45.47,0.0379,0.041,0.0946,0.0946
BKR,BAKER HUGHES COMPANY,Energy,2026-10-08,56.3,0.0161,0.0054,0.0255,0.0255
COP,CONOCOPHILLIPS,Energy,2026-10-08,134.22,0.0337,0.0589,0.0725,0.0725
CVX,CHEVRON ,Energy,2026-10-08,211.6,0.0314,0.0238,0.0362,0.0362
DVN,DEVON ENERGY ,Energy,2026-10-08,48.88,0.0209,0.0258,0.0617,0.0617
EOG,"EOG RESOURCES, INC.",Energy,2026-10-08,148.51,0.0299,0.0504,0.078,0.078
EQT,EQT ,Energy,2026-10-08,52.94,0.012,0.0552,0.0902,0.0902
EXE,EXPAND ENERGY ,Energy,2026-10-08,88.86,0.0084,0.0391,0.0567,0.0567
FANG,"DIAMONDBACK ENERGY, INC.",Energy,2026-10-08,191.68,0.0396,0.0377,0.0428,0.0428
HAL,HALLIBURTON COMPANY,Energy,2026-10-08,32.57,0.0258,0.0226,0.0242,0.0242
KMI,"KINDER MORGAN, INC.",Energy,2026-10-08,32.25,0.0135,0.038,0.0697,0.0697
MPC,MARATHON PETROLEUM ,Energy,2026-10-08,463.63,0.0483,0.0978,0.1725,0.1725
OKE,"ONEOK, INC.",Energy,2026-10-08,90.29,0.0254,0.0274,0.0589,0.0589
OXY,OCCIDENTAL PETROLEUM ,Energy,2026-10-08,60.28,0.0357,0.0379,0.0897,0.0897
PSX,PHILLIPS 66,Energy,2026-10-08,281.58,0.0367,0.0643,0.1029,0.1029
SLB,SCHLUMBERGER N.V.,Energy,2026-10-08,48.98,0.0213,0.0049,0.0053,0.0053
TPL,TEXAS PACIFIC LAND ,Energy,2026-10-08,357.855,0.0349,0.0519,0.0983,0.0983
TRGP,TARGA RESOURCES CORP.,Energy,2026-10-08,288.49,0.016,0.024,0.0673,0.0673
VLO,VALERO ENERGY ,Energy,2026-10-08,443.85,0.0468,0.0924,0.1451,0.1451
WMB,"THE WILLIAMS COMPANIES, INC.",Energy,2026-10-08,72.34,0.0123,0.0255,0.0643,0.0643
XOM,EXXON MOBIL ,Energy,2026-10-08,168.54,0.0274,0.0276,0.0356,0.0356
ACGL,ARCH CAPITAL GROUP LTD.,Financials,2026-10-08,96.08,0.0186,0.0265,0.0403,0.0403
AFL,AFLAC INC.,Financials,2026-10-08,114.94,0.0195,0.0305,0.0283,0.0283
AIG,"AMERICAN INTERNATIONAL GROUP, INC.",Financials,2026-10-08,77.05,0.0184,0.0283,0.0353,0.0353
AIZ,"ASSURANT, INC.",Financials,2026-10-08,272.86,0.023,0.0207,0.0355,0.0355
AJG,ARTHUR J. GALLAGHER & CO.,Financials,2026-10-08,234.05,0.0306,0.0351,0.026,0.026
ALL,THE ALLSTATE ,Financials,2026-10-08,230.63,0.0298,0.0308,0.0395,0.0395
AMP,"AMERIPRISE FINANCIAL, INC.",Financials,2026-10-08,499.0,0.0172,0.0165,0.0135,0.0135
AON,AON PLC,Financials,2026-10-08,277.12,0.0246,0.0285,0.0013,0.0013
APO,"APOLLO GLOBAL MANAGEMENT, INC.",Financials,2026-10-08,115.3,-0.0017,0.0112,-0.0065,-0.0065
ARES,ARES MANAGEMENT CORP,Financials,2026-10-08,116.23,0.0041,-0.0112,0.0005,0.0005
AXP,AMERICAN EXPRESS COMPANY,Financials,2026-10-08,307.98,0.0124,0.0172,0.0128,0.0128
BAC,BANK OF AMERICA ,Financials,2026-10-08,53.59,0.0011,-0.003,-0.0154,-0.0154
BEN,"FRANKLIN RESOURCES, INC.",Financials,2026-10-08,32.395,-0.0026,-0.0126,0.0086,0.0086
BLK,"BLACKROCK, INC.",Financials,2026-10-08,1065.35,-0.0036,0.0054,0.0067,0.0067
BNY,THE BANK OF NEW YORK MELLON ,Financials,2026-10-08,143.61,0.0062,-0.0123,-0.0071,-0.0071
BRK.B,"BERKSHIRE HATHAWAY INC.,",Financials,2026-10-08,511.06,0.0094,0.0167,0.0263,0.0263
BRO,"BROWN & BROWN, INC.",Financials,2026-10-08,63.75,0.0329,0.0641,0.0468,0.0468
BX,BLACKSTONE INC,Financials,2026-10-08,112.76,0.0083,0.009,0.006,0.006
C,CITIGROUP INC.,Financials,2026-10-08,128.075,0.0059,-0.0033,-0.0109,-0.0109
CB,CHUBB LTD,Financials,2026-10-08,343.77,0.0271,0.0389,0.0569,0.0569
CBOE,"CBOE GLOBAL MARKETS, INC.",Financials,2026-10-08,294.08,0.0444,0.0841,0.0683,0.0683
CFG,"CITIZENS FINANCIAL GROUP, INC.",Financials,2026-10-08,64.09,0.0162,-0.0037,0.0052,0.0052
CINF,CINCINNATI FINANCIAL ,Financials,2026-10-08,165.25,0.0225,0.0204,0.0369,0.0369
CME,CME GROUP INC.,Financials,2026-10-08,276.44,0.0228,0.0505,0.0552,0.0552
COF,CAPITAL ONE FINANCIAL ,Financials,2026-10-08,199.4,0.0178,0.024,0.0328,0.0328
COIN,"COINBASE GLOBAL, INC.",Financials,2026-10-08,172.0,-0.0361,-0.0601,-0.0773,-0.0773
CPAY,"FLEETCOR TECHNOLOGIES, INC.",Financials,2026-10-08,402.08,-0.0009,0.019,0.0347,0.0347
EG,"EVEREST GROUP, LTD.",Financials,2026-10-08,373.1,0.0298,0.0131,0.0217,0.0217
ERIE,ERIE INDEMNITY COMPANY,Financials,2026-10-08,226.54,0.0403,0.0247,0.0337,0.0337
FDS,FACTSET RESEARCH SYSTEMS INC.,Financials,2026-10-08,286.52,0.0504,0.0771,0.0614,0.0614
FIS,FIDELITY NATIONAL INFORMATION SERVICES,Financials,2026-10-08,34.355,0.0158,0.059,0.0442,0.0442
FISV,"FISERV, INC.",Financials,2026-10-08,45.94,0.0139,0.0356,0.0168,0.0168
FITB,FIFTH THIRD BANCORP,Financials,2026-10-08,50.7,0.0116,-0.0033,0.0024,0.0024
GL,GLOBE LIFE INC.,Financials,2026-10-08,166.08,0.0163,0.0024,0.0026,0.0026
GPN,GLOBAL PAYMENTS INC.,Financials,2026-10-08,82.78,0.021,0.0561,0.0136,0.0136
GS,"THE GOLDMAN SACHS GROUP, INC.",Financials,2026-10-08,881.5,-0.0062,-0.0233,-0.0209,-0.0209
HBAN,HUNTINGTON BANCSHARES INC.,Financials,2026-10-08,15.37,0.0132,0.0026,0.0072,0.0072
HIG,THE HARTFORD FINANCIAL SERVICES GROUP,Financials,2026-10-08,129.48,0.0202,0.0272,0.0582,0.0582
HOOD,"ROBINHOOD MARKETS, INC.",Financials,2026-10-08,107.01,-0.0228,-0.0508,-0.0488,-0.0488
IBKR,"INTERACTIVE BROKERS GROUP, INC.",Financials,2026-10-08,86.47,-0.0145,-0.0207,0.0123,0.0123
ICE,"INTERCONTINENTAL EXCHANGE, INC.",Financials,2026-10-08,155.33,0.018,0.0345,0.0217,0.0217
IVZ,INVESCO LTD.,Financials,2026-10-08,30.09,-0.0134,-0.0186,-0.0023,-0.0023
JKHY,"JACK HENRY & ASSOCIATES, INC.",Financials,2026-10-08,149.05,0.0231,0.0457,0.0406,0.0406
JPM,JPMORGAN CHASE & CO.,Financials,2026-10-08,331.45,0.006,-0.0028,0.0019,0.0019
KEY,KEYCORP,Financials,2026-10-08,20.1,0.0129,0.001,0.0015,0.0015
KKR,KKR & CO. INC.,Financials,2026-10-08,89.56,-0.0012,-0.0081,-0.0191,-0.0191
L,LOEWS ,Financials,2026-10-08,107.6,0.0183,0.0148,0.0304,0.0304
MA,MASTERCARD INC..,Financials,2026-10-08,574.75,0.0083,0.0407,0.0422,0.0422
MCO,MOODY'S ,Financials,2026-10-08,458.69,0.02,0.0393,0.01,0.01
MET,"METLIFE, INC.",Financials,2026-10-08,98.48,0.0281,0.0429,0.0459,0.0459
MRSH,"MARSH & MCLENNAN COMPANIES, INC.",Financials,2026-10-08,176.67,0.0173,0.0389,0.0348,0.0348
MS,MORGAN STANLEY,Financials,2026-10-08,187.39,-0.0119,-0.0153,-0.0037,-0.0037
MSCI,MSCI INC.,Financials,2026-10-08,561.97,0.0119,0.0485,0.0433,0.0433
MTB,M&T BANK ,Financials,2026-10-08,217.56,0.0043,-0.0072,-0.0002,-0.0002
NDAQ,"NASDAQ, INC.",Financials,2026-10-08,92.37,0.0048,0.0226,0.0039,0.0039
NTRS,NORTHERN TRUST ,Financials,2026-10-08,168.5,0.0019,-0.0169,-0.0051,-0.0051
PFG,"PRINCIPAL FINANCIAL GROUP, INC.",Financials,2026-10-08,109.77,0.0096,-0.0196,-0.0196,-0.0196
PGR,THE PROGRESSIVE ,Financials,2026-10-08,218.73,0.0215,0.04,0.0551,0.0551
PNC,"THE PNC FINANCIAL SERVICES GROUP, INC.",Financials,2026-10-08,219.68,0.009,-0.0061,-0.0116,-0.0116
PRU,"PRUDENTIAL FINANCIAL, INC.",Financials,2026-10-08,113.53,0.0104,0.0083,-0.0004,-0.0004
PYPL,"PAYPAL HOLDINGS, INC.",Financials,2026-10-08,55.02,0.0013,0.042,0.0474,0.0474
RF,REGIONS FINANCIAL ,Financials,2026-10-08,27.07,0.0139,-0.0011,0.0071,0.0071
RJF,"RAYMOND JAMES FINANCIAL, INC.",Financials,2026-10-08,158.53,0.0081,0.002,0.0032,0.0032
SCHW,THE CHARLES SCHWAB ,Financials,2026-10-08,96.88,0.0137,0.0019,-0.0088,-0.0088
SPGI,S&P GLOBAL INC.,Financials,2026-10-08,402.72,0.0187,0.0426,0.0209,0.0209
STT,STATE STREET ,Financials,2026-10-08,175.095,0.0052,-0.0049,0.0029,0.0029
SYF,SYNCHRONY FINANCIAL,Financials,2026-10-08,73.72,0.0249,0.0272,0.0387,0.0387
TFC,TRUIST FINANCIAL ,Financials,2026-10-08,46.18,0.0132,-0.0058,-0.0026,-0.0026
TROW,"T. ROWE PRICE GROUP, INC.",Financials,2026-10-08,104.23,0.0015,-0.0037,0.0017,0.0017
TRV,"THE TRAVELERS COMPANIES, INC.",Financials,2026-10-08,370.27,0.0268,0.0274,0.0386,0.0386
USB,U.S. BANCORP,Financials,2026-10-08,57.025,0.0155,-0.0084,-0.0127,-0.0127
V,VISA INC.,Financials,2026-10-08,375.12,0.0083,0.0401,0.0439,0.0439
WFC,WELLS FARGO & COMPANY,Financials,2026-10-08,82.05,0.0227,0.0199,0.025,0.025
WRB,W. R. BERKLEY ,Financials,2026-10-08,72.05,0.0333,0.0445,0.0668,0.0668
WTW,WILLIS TOWERS WATSON,Financials,2026-10-08,297.86,0.0247,0.0321,0.0334,0.0334
XYZ,"BLOCK, INC.",Financials,2026-10-08,75.21,-0.0112,0.0118,0.0228,0.0228
ECH,ISHARES:MSCI CHILE,Foreign,2026-10-08,37.68,0.0067,0.0156,-0.0034,-0.0034
EDEN,ISHARES:MSCI DENMARK,Foreign,2026-10-08,108.1739,0.0041,-0.0049,-0.0099,-0.0099
EFNL,ISHARES:MSCI FINLAND,Foreign,2026-10-08,51.99,-0.0155,-0.0255,-0.0251,-0.0251
EIDO,ISHARES:MSCI INDONESIA,Foreign,2026-10-08,11.67,-0.016,-0.0009,-0.0051,-0.0051
EIRL,ISHARES:MSCI IRELAND,Foreign,2026-10-08,79.4059,-0.0109,-0.0106,-0.0314,-0.0314
EIS,ISHARES:MSCI ISRAEL,Foreign,2026-10-08,117.64,-0.0026,-0.04,-0.0303,-0.0303
ENZL,ISHARES:MSCI NEW ZLND,Foreign,2026-10-08,44.4128,-0.0016,-0.0126,-0.0148,-0.0148
EPHE,ISHARES:MSCI PHILIPPINES,Foreign,2026-10-08,22.27,-0.0198,-0.0163,-0.0207,-0.0207
EPOL,ISHARES:MSCI POLAND,Foreign,2026-10-08,43.44,-0.0037,0.0095,-0.0199,-0.0199
EPU,ISHARES:MSCI PERU,Foreign,2026-10-08,88.66,0.0001,-0.01,-0.0008,-0.0008
EWA,ISHARES:MSCI AUSTRALIA,Foreign,2026-10-08,28.23,0.0,-0.0032,-0.0028,-0.0028
EWC,ISHARES:MSCI CANADA,Foreign,2026-10-08,58.32,0.0066,-0.0068,-0.001,-0.001
EWD,ISHARES:MSCI SWEDEN,Foreign,2026-10-08,50.12,0.0026,0.0014,0.0026,0.0026
EWG,ISHARES:MSCI GERMANY,Foreign,2026-10-08,40.67,-0.0059,-0.0153,-0.0155,-0.0155
EWH,ISHARES:MSCI HONG KONG,Foreign,2026-10-08,21.72,0.0065,0.007,-0.0176,-0.0176
EWI,ISHARES:MSCI ITALY,Foreign,2026-10-08,56.05,-0.0053,-0.0235,-0.0455,-0.0455
EWJ,ISHARES:MSCI JAPAN,Foreign,2026-10-08,97.32,-0.0101,-0.0162,-0.0014,-0.0014
EWK,ISHARES:MSCI BELGIUM,Foreign,2026-10-08,25.02,-0.0142,-0.0134,-0.031,-0.031
EWL,ISHARES:MSCI SWITZERLAND,Foreign,2026-10-08,59.25,-0.0024,0.0003,0.0017,0.0017
EWM,ISHARES:MSCI MALAYSIA,Foreign,2026-10-08,26.38,-0.0086,-0.0251,-0.0365,-0.0365
EWN,ISHARES:MSCI NETHERLANDS,Foreign,2026-10-08,66.18,-0.0082,-0.025,-0.0232,-0.0232
EWO,ISHARES:MSCI AUSTRIA,Foreign,2026-10-08,40.6,-0.0022,-0.0278,-0.0461,-0.0461
EWP,ISHARES:MSCI SPAIN,Foreign,2026-10-08,57.9,0.0014,-0.007,-0.022,-0.022
EWQ,ISHARES:MSCI FRANCE,Foreign,2026-10-08,41.325,-0.0004,-0.0214,-0.0299,-0.0299
EWS,ISHARES:MSCI SINGAPORE,Foreign,2026-10-08,31.63,-0.0262,-0.0404,-0.049,-0.049
EWT,ISHARES:MSCI TAIWAN,Foreign,2026-10-08,113.35,-0.0249,-0.0256,0.004,0.004
EWU,ISHARES:MSCI UK,Foreign,2026-10-08,46.23,0.0065,0.0011,-0.0064,-0.0064
EWW,ISHARES:MSCI MEXICO,Foreign,2026-10-08,71.53,-0.0061,0.0062,0.0062,0.0062
EWY,ISHARES:MSCI S KOREA,Foreign,2026-10-08,176.33,-0.0404,-0.081,-0.0353,-0.0353
EWZ,ISHARES:MSCI BRAZIL,Foreign,2026-10-08,42.595,0.0053,0.1153,0.1435,0.1435
GREK,GLBL X MSCI GREECE,Foreign,2026-10-08,79.52,-0.0256,-0.0358,-0.0721,-0.0721
INDA,ISHARES:MSCI INDIA,Foreign,2026-10-08,45.56,-0.0119,-0.0206,-0.024,-0.024
MCHI,ISHARES:MSCI CHINA,Foreign,2026-10-08,51.36,-0.0054,0.0023,-0.0159,-0.0159
NORW,GLBL X MSCI NORWAY ETF,Foreign,2026-10-08,35.3349,0.0096,-0.0047,-0.0007,-0.0007
QAT,ISHARES:MSCI QATAR,Foreign,2026-10-08,16.0331,-0.0146,-0.0158,-0.0158,-0.0158
THD,ISHARES:MSCI THAI,Foreign,2026-10-08,71.1,-0.0097,-0.0073,0.0084,0.0084
TUR,ISHARES:MSCI TURKEY,Foreign,2026-10-08,33.9252,0.0022,-0.0104,0.0037,0.0037
VNM,VANECK:VIETNAM,Foreign,2026-10-08,16.61,-0.0154,-0.0066,-0.0201,-0.0201
BTC=F,BITCOIN FUTURES,Futures,2026-10-08,81965.0,-0.0164,-0.0335,-0.0246,-0.0246
ES=F,E-MINI S&P 500 FUTURES,Futures,2026-10-08,7826.75,-0.0037,0.0065,0.0117,0.0117
NQ=F,NASDAQ 100 FUTURES,Futures,2026-10-08,31026.0,-0.0134,-0.0007,0.0079,0.0079
A,"AGILENT TECHNOLOGIES, INC.",Health Care,2026-10-08,168.17,-0.0054,0.0023,-0.024,-0.024
ABBV,ABBVIE INC.,Health Care,2026-10-08,272.42,0.0039,0.0365,0.0414,0.0414
ABT,ABBOTT LABORATORIES,Health Care,2026-10-08,98.51,-0.0022,0.0104,-0.0032,-0.0032
ALGN,"ALIGN TECHNOLOGY, INC.",Health Care,2026-10-08,141.03,0.0083,-0.0189,-0.0297,-0.0297
AMGN,AMGEN INC.,Health Care,2026-10-08,407.44,-0.0137,0.0109,-0.0334,-0.0334
BAX,BAXTER INTERNATIONAL INC.,Health Care,2026-10-08,23.9,-0.0029,0.0175,-0.0042,-0.0042
BDX,"BECTON, DICKINSON AND COMPANY",Health Care,2026-10-08,182.75,0.0144,0.0337,0.0209,0.0209
BIIB,BIOGEN INC.,Health Care,2026-10-08,218.43,-0.0167,-0.0066,-0.033,-0.033
BMY,BRISTOL-MYERS SQUIBB COMPANY,Health Care,2026-10-08,59.56,-0.002,-0.026,-0.0455,-0.0455
BSX,BOSTON SCIENTIFIC ,Health Care,2026-10-08,42.02,0.0106,-0.0136,-0.0373,-0.0373
CAH,"CARDINAL HEALTH, INC.",Health Care,2026-10-08,238.98,0.0294,0.0468,0.0741,0.0741
CI,THE CIGNA GROUP,Health Care,2026-10-08,280.995,0.0089,0.0387,0.0337,0.0337
CNC,CENTENE ,Health Care,2026-10-08,64.54,-0.0069,0.0246,0.039,0.039
COO,"THE COOPER COMPANIES, INC.",Health Care,2026-10-08,54.3,-0.0082,-0.0459,-0.0394,-0.0394
COR,"CENCORA, INC.",Health Care,2026-10-08,321.35,0.0129,0.0398,0.0703,0.0703
CRL,CHARLES RIVER LABORATORIES,Health Care,2026-10-08,298.0,-0.0077,0.0269,0.0101,0.0101
CVS,CVS HEALTH ,Health Care,2026-10-08,87.8,-0.0016,0.0155,0.0246,0.0246
DGX,QUEST DIAGNOSTICS INC.,Health Care,2026-10-08,230.81,0.0165,-0.0108,-0.0097,-0.0097
DHR,DANAHER ,Health Care,2026-10-08,217.39,-0.005,0.0156,-0.0188,-0.0188
DVA,DAVITA INC.,Health Care,2026-10-08,176.99,0.0012,-0.0095,0.0118,0.0118
DXCM,"DEXCOM, INC.",Health Care,2026-10-08,84.41,0.0013,-0.0111,-0.0218,-0.0218
ELV,"ELEVANCE HEALTH, INC.",Health Care,2026-10-08,400.94,-0.0083,0.0375,0.0312,0.0312
EW,EDWARDS LIFESCIENCES ,Health Care,2026-10-08,84.24,-0.0177,-0.0107,-0.0241,-0.0241
GEHC,GE HEALTHCARE TECHNOLOGIES INC.,Health Care,2026-10-08,64.22,-0.007,-0.0011,-0.0176,-0.0176
GILD,"GILEAD SCIENCES, INC.",Health Care,2026-10-08,147.1,0.0017,0.0163,-0.0131,-0.0131
HCA,"HCA HEALTHCARE, INC.",Health Care,2026-10-08,445.04,0.0132,0.043,0.0429,0.0429
HSIC,"HENRY SCHEIN, INC.",Health Care,2026-10-08,84.63,0.0116,-0.0029,0.0079,0.0079
HUM,HUMANA INC.,Health Care,2026-10-08,387.01,-0.0238,-0.0035,0.0143,0.0143
IDXX,"IDEXX LABORATORIES, INC.",Health Care,2026-10-08,513.14,0.0128,-0.0101,-0.0173,-0.0173
INCY,INCYTE ,Health Care,2026-10-08,112.75,-0.0061,-0.0221,-0.0709,-0.0709
IQV,IQVIA HOLDINGS INC,Health Care,2026-10-08,258.88,0.003,0.0026,-0.0371,-0.0371
ISRG,"INTUITIVE SURGICAL, INC.",Health Care,2026-10-08,415.41,0.0021,0.0599,0.0216,0.0216
JNJ,JOHNSON & JOHNSON,Health Care,2026-10-08,256.51,-0.0071,0.0019,-0.0311,-0.0311
LH,LABORATORY  OF AMERICA HOLDINGS,Health Care,2026-10-08,314.2,0.0071,0.0185,0.0198,0.0198
LLY,ELI LILLY AND COMPANY,Health Care,2026-10-08,1169.93,-0.0156,0.0237,0.0111,0.0111
MCK,MCKESSON ,Health Care,2026-10-08,930.25,0.0219,0.031,0.0895,0.0895
MDT,MEDTRONIC PUBLIC LIMITED COMPANY,Health Care,2026-10-08,87.75,0.0264,0.0159,0.0169,0.0169
MRK,"MERCK & CO., INC.",Health Care,2026-10-08,142.41,-0.0027,-0.0131,-0.02,-0.02
MRNA,"MODERNA, INC.",Health Care,2026-10-08,197.0,0.0026,0.0368,0.023,0.023
MTD,METTLER-TOLEDO INTERNATIONAL INC.,Health Care,2026-10-08,1529.46,-0.0026,0.0291,0.0123,0.0123
PFE,PFIZER INC.,Health Care,2026-10-08,27.83,-0.0057,0.0011,-0.0242,-0.0242
PODD,INSULET ,Health Care,2026-10-08,134.47,0.0008,0.0211,0.0307,0.0307
REGN,"REGENERON PHARMACEUTICALS, INC.",Health Care,2026-10-08,739.57,-0.0034,0.0059,-0.0247,-0.0247
RMD,RESMED INC.,Health Care,2026-10-08,226.75,0.0034,0.0359,0.0256,0.0256
RVTY,"REVVITY, INC.",Health Care,2026-10-08,152.16,-0.0094,0.0042,-0.0048,-0.0048
SOLV,SOLVENTUM ,Health Care,2026-10-08,86.41,0.0062,-0.0164,-0.0197,-0.0197
STE,STERIS PUBLIC LIMITED COMPANY,Health Care,2026-10-08,210.76,0.0052,0.0106,0.0036,0.0036
SYK,STRYKER ,Health Care,2026-10-08,276.97,0.0055,0.0056,0.0057,0.0057
TECH,BIO-TECHNE ,Health Care,2026-10-08,72.45,-0.0011,0.0007,-0.0003,-0.0003
TMO,THERMO FISHER SCIENTIFIC INC.,Health Care,2026-10-08,651.98,-0.0148,-0.0043,-0.0342,-0.0342
UHS,"UNIVERSAL HEALTH SERVICES, INC.",Health Care,2026-10-08,175.72,0.0063,0.0,0.0084,0.0084
UNH,UNITEDHEALTH GROUP INC.,Health Care,2026-10-08,370.77,-0.0136,-0.003,0.0101,0.0101
VEEV,VEEVA SYSTEMS INC.,Health Care,2026-10-08,284.8,0.0082,0.042,-0.0023,-0.0023
VRTX,VERTEX PHARMACEUTICALS INC.,Health Care,2026-10-08,503.25,-0.0047,-0.0029,-0.0374,-0.0374
VTRS,VIATRIS INC.,Health Care,2026-10-08,17.44,-0.0029,-0.0091,-0.0158,-0.0158
WAT,WATERS ,Health Care,2026-10-08,429.3,-0.0153,0.0096,-0.023,-0.023
WST,"WEST PHARMACEUTICAL SERVICES, INC.",Health Care,2026-10-08,363.27,-0.0088,-0.0047,-0.0202,-0.0202
ZBH,"ZIMMER BIOMET HOLDINGS, INC.",Health Care,2026-10-08,88.88,0.0044,0.0067,0.0006,0.0006
ZTS,ZOETIS INC.,Health Care,2026-10-08,73.08,0.0214,0.0486,0.0465,0.0465
DJI,DOW JONES INDUSTRIAL AVG INDEX,Indices,2026-10-08,51231.64,0.001,0.0011,0.0064,0.0064
DXY,US DOLLAR INDEX,Indices,2026-10-08,102.13,-0.001,0.0021,0.0065,0.0065
NDX,NASDAQ 100 INDEX,Indices,2026-10-08,30725.81,-0.0139,-0.0027,0.0104,0.0104
RUT,RUSSELL 2000 INDEX,Indices,2026-10-08,2794.13,0.0003,-0.0137,-0.001,-0.001
SPX,S&P 500 INDEX,Indices,2026-10-08,7765.36,-0.0047,0.0055,0.0149,0.0149
ADP,"AUTOMATIC DATA PROCESSING, INC.",Industrials,2026-10-08,270.73,0.0255,0.0506,0.0491,0.0491
ALLE,ALLEGION PUBLIC LIMITED COMPANY,Industrials,2026-10-08,149.99,0.0141,-0.0274,-0.0246,-0.0246
AME,"AMETEK, INC.",Industrials,2026-10-08,247.52,-0.0044,-0.0175,-0.0008,-0.0008
AOS,A. O. SMITH ,Industrials,2026-10-08,56.56,0.022,-0.0033,0.0034,0.0034
AXON,"AXON ENTERPRISE, INC.",Industrials,2026-10-08,417.31,0.0279,0.0096,-0.0123,-0.0123
BA,THE BOEING COMPANY,Industrials,2026-10-08,187.755,-0.003,-0.03,0.0092,0.0092
BLDR,"BUILDERS FIRSTSOURCE, INC.",Industrials,2026-10-08,53.84,0.0054,-0.0428,-0.0556,-0.0556
BR,"BROADRIDGE FINANCIAL SOLUTIONS, INC.",Industrials,2026-10-08,165.21,0.0315,0.0528,0.0255,0.0255
CARR,CARRIER GLOBAL ,Industrials,2026-10-08,55.835,0.0152,0.013,0.0178,0.0178
CAT,CATERPILLAR INC.,Industrials,2026-10-08,796.17,-0.0216,-0.0583,-0.018,-0.018
CHRW,"C.H. ROBINSON WORLDWIDE, INC.",Industrials,2026-10-08,141.34,0.0456,-0.1039,-0.0447,-0.0447
CMI,CUMMINS INC.,Industrials,2026-10-08,520.26,0.0057,-0.0153,0.0071,0.0071
CPRT,"COPART, INC.",Industrials,2026-10-08,27.48,0.0323,0.0096,0.0073,0.0073
CSX,CSX ,Industrials,2026-10-08,47.34,0.0113,-0.0019,0.0178,0.0178
CTAS,CINTAS ,Industrials,2026-10-08,201.12,0.0199,0.042,0.0311,0.0311
DAL,"DELTA AIR LINES, INC.",Industrials,2026-10-08,82.19,-0.0093,-0.0226,-0.0152,-0.0152
DE,DEERE & COMPANY,Industrials,2026-10-08,652.43,-0.0068,-0.0503,-0.0285,-0.0285
DOV,DOVER ,Industrials,2026-10-08,188.96,0.0036,-0.0038,0.0102,0.0102
EFX,EQUIFAX INC.,Industrials,2026-10-08,145.54,0.0218,0.0396,0.0605,0.0605
EME,"EMCOR GROUP, INC.",Industrials,2026-10-08,778.06,-0.0078,-0.0109,0.0312,0.0312
EMR,EMERSON ELECTRIC CO.,Industrials,2026-10-08,159.07,-0.0009,-0.0157,0.0256,0.0256
ETN,EATON  PUBLIC LIMITED COMPANY,Industrials,2026-10-08,424.24,-0.0163,-0.0272,-0.0127,-0.0127
EXPD,EXPEDITORS INTERNATIONAL OF WASHINGTON,Industrials,2026-10-08,193.71,0.015,0.0064,0.0491,0.0491
FAST,FASTENAL COMPANY,Industrials,2026-10-08,50.49,0.0132,-0.0051,0.0194,0.0194
FDX,FEDEX ,Industrials,2026-10-08,291.65,0.0089,0.0044,0.023,0.023
FERG,FERGUSON ENTERPRISES INC.,Industrials,2026-10-08,216.73,0.0078,-0.0296,-0.0265,-0.0265
FIX,"COMFORT SYSTEMS USA, INC.",Industrials,2026-10-08,1706.39,-0.0201,-0.0125,0.0316,0.0316
FTV,FORTIVE ,Industrials,2026-10-08,56.42,-0.0018,-0.0183,0.0294,0.0294
GD,GENERAL DYNAMICS ,Industrials,2026-10-08,329.93,0.0101,-0.0005,-0.0057,-0.0057
GE,GENERAL ELECTRIC COMPANY,Industrials,2026-10-08,305.645,0.0067,-0.0126,-0.0213,-0.0213
GEV,GE VERNOVA INC.,Industrials,2026-10-08,998.965,0.0017,0.0104,0.051,0.051
GNRC,GENERAC HOLDINGS INC.,Industrials,2026-10-08,224.51,0.0143,0.0356,0.0849,0.0849
GWW,"W.W. GRAINGER, INC.",Industrials,2026-10-08,1268.67,0.0041,-0.0091,0.0184,0.0184
HII,"HUNTINGTON INGALLS INDUSTRIES, INC.",Industrials,2026-10-08,265.11,0.017,-0.0128,-0.0073,-0.0073
HON,HONEYWELL INTERNATIONAL INC.,Industrials,2026-10-08,206.6,-0.0073,-0.0345,-0.0206,-0.0206
HUBB,HUBBELL INC.,Industrials,2026-10-08,475.02,-0.0008,-0.0011,0.0472,0.0472
HWM,HOWMET AEROSPACE INC.,Industrials,2026-10-08,222.59,-0.0007,-0.0375,-0.0159,-0.0159
IEX,IDEX ,Industrials,2026-10-08,231.75,-0.005,-0.0053,0.0165,0.0165
IR,INGERSOLL RAND INC.,Industrials,2026-10-08,78.0,0.0098,0.0254,0.0385,0.0385
ITW,ILLINOIS TOOL WORKS INC.,Industrials,2026-10-08,264.71,0.0136,0.0068,0.0289,0.0289
J,JACOBS SOLUTIONS INC.,Industrials,2026-10-08,138.555,0.0162,0.0036,0.0243,0.0243
JBHT,"J. B. HUNT TRANSPORT SERVICES, INC.",Industrials,2026-10-08,228.42,0.026,-0.0247,0.0195,0.0195
JCI,JOHNSON CONTROLS INTERNATIONAL PLC,Industrials,2026-10-08,154.0,-0.0124,-0.0143,0.036,0.036
LDOS,"LEIDOS HOLDINGS, INC.",Industrials,2026-10-08,119.22,0.0499,0.0126,-0.0214,-0.0214
LHX,"L3HARRIS TECHNOLOGIES, INC.",Industrials,2026-10-08,236.84,0.0137,0.001,0.0003,0.0003
LII,LENNOX INTERNATIONAL INC.,Industrials,2026-10-08,361.54,0.0087,0.0147,0.0184,0.0184
LMT,LOCKHEED MARTIN ,Industrials,2026-10-08,507.98,0.0179,0.0051,-0.0025,-0.0025
LUV,SOUTHWEST AIRLINES CO.,Industrials,2026-10-08,41.36,-0.0089,-0.0261,-0.0067,-0.0067
MAS,MASCO ,Industrials,2026-10-08,69.5,0.0093,0.0167,0.0312,0.0312
MMM,3M COMPANY,Industrials,2026-10-08,163.58,0.009,0.0104,-0.0035,-0.0035
NDSN,NORDSON ,Industrials,2026-10-08,326.87,-0.0025,-0.02,-0.003,-0.003
NOC,NORTHROP GRUMMAN ,Industrials,2026-10-08,484.44,0.0233,0.0135,0.002,0.002
NSC,NORFOLK SOUTHERN ,Industrials,2026-10-08,316.99,0.0121,-0.0014,0.0259,0.0259
ODFL,"OLD DOMINION FREIGHT LINE, INC.",Industrials,2026-10-08,181.65,0.0344,0.0065,0.0449,0.0449
OTIS,OTIS WORLDWIDE ,Industrials,2026-10-08,66.11,0.0056,0.0322,0.0278,0.0278
PAYX,"PAYCHEX, INC.",Industrials,2026-10-08,104.46,0.0287,0.0558,0.0605,0.0605
PCAR,PACCAR INC,Industrials,2026-10-08,109.66,0.0262,-0.0002,-0.0014,-0.0014
PH,PARKER-HANNIFIN ,Industrials,2026-10-08,946.96,-0.0061,-0.0263,-0.0089,-0.0089
PNR,PENTAIR PUBLIC LIMITED COMPANY,Industrials,2026-10-08,52.3,0.0021,-0.0138,-0.013,-0.013
PWR,"QUANTA SERVICES, INC.",Industrials,2026-10-08,685.38,-0.0222,0.013,0.0667,0.0667
ROK,"ROCKWELL AUTOMATION, INC.",Industrials,2026-10-08,434.04,-0.0178,-0.0447,-0.003,-0.003
ROL,"ROLLINS, INC.",Industrials,2026-10-08,32.26,0.0449,0.0696,0.071,0.071
RSG,"REPUBLIC SERVICES, INC.",Industrials,2026-10-08,216.84,0.0031,0.0347,0.0332,0.0332
RTX,RTX ,Industrials,2026-10-08,184.33,0.0225,-0.0019,-0.0071,-0.0071
SNA,SNAP-ON INC.,Industrials,2026-10-08,358.88,-0.0028,-0.0272,-0.0123,-0.0123
SWK,"STANLEY BLACK & DECKER, INC.",Industrials,2026-10-08,89.17,0.0097,-0.0238,0.0065,0.0065
TDG,TRANSDIGM GROUP INC.,Industrials,2026-10-08,1089.3,-0.0063,-0.001,0.0062,0.0062
TT,TRANE TECHNOLOGIES PLC,Industrials,2026-10-08,469.94,0.0057,0.013,0.0397,0.0397
TXT,TEXTRON INC.,Industrials,2026-10-08,73.22,0.0027,-0.0523,-0.0391,-0.0391
UAL,"UNITED AIRLINES HOLDINGS, INC.",Industrials,2026-10-08,107.44,-0.0248,-0.0451,-0.0316,-0.0316
UBER,"UBER TECHNOLOGIES, INC.",Industrials,2026-10-08,70.25,0.0264,0.0314,0.0254,0.0254
UNP,UNION PACIFIC ,Industrials,2026-10-08,278.2,0.0128,-0.0003,0.0223,0.0223
UPS,"UNITED PARCEL SERVICE, INC.",Industrials,2026-10-08,94.145,0.0201,0.0121,0.0075,0.0075
URI,"UNITED RENTALS, INC.",Industrials,2026-10-08,1050.15,0.0123,-0.0286,0.0493,0.0493
VLTO,VERALTO ,Industrials,2026-10-08,96.48,0.0078,0.019,0.0229,0.0229
VRSK,"VERISK ANALYTICS, INC.",Industrials,2026-10-08,175.49,0.0404,0.0708,0.0455,0.0455
VRT,VERTIV HOLDINGS CO,Industrials,2026-10-08,243.72,-0.0112,-0.0335,0.01,0.01
WAB,WESTINGHOUSE AIR BRAKE TECHNOLOGIES ,Industrials,2026-10-08,280.8,-0.0058,-0.0234,-0.0222,-0.0222
WM,"WASTE MANAGEMENT, INC.",Industrials,2026-10-08,210.115,0.0058,0.0277,0.0304,0.0304
XYL,XYLEM INC.,Industrials,2026-10-08,102.01,0.0017,0.0022,0.0073,0.0073
AAPL,APPLE INC.,Information Technology,2026-10-08,340.42,0.0111,0.0202,0.0222,0.0222
ACN,ACCENTURE PUBLIC LIMITED COMPANY,Information Technology,2026-10-08,208.445,0.0599,0.048,0.1367,0.1367
ADBE,ADOBE INC.,Information Technology,2026-10-08,241.05,0.0356,0.0141,0.0046,0.0046
ADI,"ANALOG DEVICES, INC.",Information Technology,2026-10-08,405.93,-0.0101,-0.0269,0.0232,0.0232
ADSK,"AUTODESK, INC.",Information Technology,2026-10-08,233.6,-0.0062,0.1019,0.1177,0.1177
AKAM,"AKAMAI TECHNOLOGIES, INC.",Information Technology,2026-10-08,100.9,-0.0355,-0.0736,-0.0512,-0.0512
AMAT,"APPLIED MATERIALS, INC.",Information Technology,2026-10-08,509.57,-0.0213,-0.0564,-0.0035,-0.0035
AMD,"ADVANCED MICRO DEVICES, INC.",Information Technology,2026-10-08,620.68,-0.039,-0.0209,0.0146,0.0146
ANET,"ARISTA NETWORKS, INC.",Information Technology,2026-10-08,210.93,-0.0226,0.0173,0.0361,0.0361
APH,AMPHENOL ,Information Technology,2026-10-08,85.35,-0.0251,-0.0185,0.0125,0.0125
APP,APPLOVIN CORP,Information Technology,2026-10-08,280.12,-0.0042,0.0444,-0.0355,-0.0355
AVGO,BROADCOM INC.,Information Technology,2026-10-08,360.14,-0.0435,0.0141,0.0255,0.0255
CDNS,"CADENCE DESIGN SYSTEMS, INC.",Information Technology,2026-10-08,348.84,-0.0204,-0.0071,0.0565,0.0565
CDW,CDW ,Information Technology,2026-10-08,139.88,0.0224,0.0494,0.0914,0.0914
CIEN,CIENA CORPORATION,Information Technology,2026-10-08,425.85,-0.0461,0.0882,0.2104,0.2104
COHR,COHERENT CORP.,Information Technology,2026-10-08,302.38,-0.0966,-0.1028,0.0506,0.0506
CRM,"SALESFORCE, INC.",Information Technology,2026-10-08,227.74,0.0144,-0.0296,-0.008,-0.008
CRWD,"CROWDSTRIKE HOLDINGS, INC.",Information Technology,2026-10-08,263.01,-0.0092,-0.026,-0.0066,-0.0066
CSCO,"CISCO SYSTEMS, INC.",Information Technology,2026-10-08,114.89,-0.0213,0.024,0.0675,0.0675
CTSH,COGNIZANT TECHNOLOGY SOLUTIONS ,Information Technology,2026-10-08,60.01,0.0515,0.0256,0.0447,0.0447
DDOG,"DATADOG, INC.",Information Technology,2026-10-08,273.8,0.0091,-0.0123,-0.0002,-0.0002
DELL,DELL TECHNOLOGIES INC.,Information Technology,2026-10-08,574.57,-0.0076,0.0214,0.0681,0.0681
EPAM,"EPAM SYSTEMS, INC.",Information Technology,2026-10-08,113.85,0.0511,0.0513,0.0507,0.0507
FFIV,"F5, INC.",Information Technology,2026-10-08,461.66,-0.0107,0.0168,0.037,0.037
FICO,FAIR ISAAC ,Information Technology,2026-10-08,707.42,0.038,0.0698,0.194,0.194
FLEX,FLEX LTD.,Information Technology,2026-10-08,114.74,-0.0385,-0.016,0.0432,0.0432
FSLR,"FIRST SOLAR, INC.",Information Technology,2026-10-08,178.85,-0.0071,0.0243,0.0211,0.0211
FTNT,"FORTINET, INC.",Information Technology,2026-10-08,189.1,-0.001,0.045,0.0578,0.0578
GDDY,GODADDY INC.,Information Technology,2026-10-08,103.2,0.0616,0.0616,0.0805,0.0805
GEN,GEN DIGITAL INC.,Information Technology,2026-10-08,22.75,0.0161,0.0346,0.0332,0.0332
GLW,CORNING INC.,Information Technology,2026-10-08,152.84,-0.0637,-0.0691,-0.006,-0.006
HPE,HEWLETT PACKARD ENTERPRISE COMPANY,Information Technology,2026-10-08,70.99,-0.0154,0.0239,0.1111,0.1111
HPQ,HP INC.,Information Technology,2026-10-08,32.45,0.0065,0.0103,0.0374,0.0374
IBM,INTERNATIONAL BUSINESS MACHINES ,Information Technology,2026-10-08,226.58,0.0275,0.0177,0.0302,0.0302
INTC,INTEL ,Information Technology,2026-10-08,107.08,-0.0534,-0.1027,-0.1094,-0.1094
INTU,INTUIT INC.,Information Technology,2026-10-08,303.88,0.0223,0.0811,0.1022,0.1022
IT,"GARTNER, INC.",Information Technology,2026-10-08,195.41,0.0519,0.0574,0.0476,0.0476
JBL,JABIL INC.,Information Technology,2026-10-08,299.15,-0.0008,-0.0173,0.0428,0.0428
KEYS,"KEYSIGHT TECHNOLOGIES, INC.",Information Technology,2026-10-08,374.6,-0.0178,-0.0261,0.029,0.029
KLAC,KLA ,Information Technology,2026-10-08,196.72,-0.0006,-0.0492,0.0092,0.0092
LITE,LUMENTUM HOLDINGS INC.,Information Technology,2026-10-08,1048.6,-0.0562,-0.0339,0.0796,0.0796
LRCX,LAM RESEARCH ,Information Technology,2026-10-08,320.59,-0.0271,-0.0774,-0.0241,-0.0241
MCHP,MICROCHIP TECHNOLOGY INC.,Information Technology,2026-10-08,75.52,-0.032,-0.0713,-0.0289,-0.0289
MPWR,"MONOLITHIC POWER SYSTEMS, INC.",Information Technology,2026-10-08,1369.8,-0.0394,-0.0486,0.0168,0.0168
MRVL,"MARVELL TECHNOLOGY, INC.",Information Technology,2026-10-08,274.66,-0.0352,0.0087,0.0396,0.0396
MSFT,MICROSOFT ,Information Technology,2026-10-08,522.61,-0.0135,0.0098,0.0189,0.0189
MSI,"MOTOROLA SOLUTIONS, INC.",Information Technology,2026-10-08,447.12,-0.0027,-0.0006,0.0026,0.0026
MU,"MICRON TECHNOLOGY, INC.",Information Technology,2026-10-08,1035.84,-0.0479,-0.0363,-0.0275,-0.0275
NOW,"SERVICENOW, INC.",Information Technology,2026-10-08,139.75,0.0136,0.04,0.0428,0.0428
NTAP,"NETAPP, INC.",Information Technology,2026-10-08,231.05,-0.02,0.0211,0.0998,0.0998
NVDA,NVIDIA ,Information Technology,2026-10-08,230.48,-0.0294,-0.0148,0.0092,0.0092
NXPI,NXP SEMICONDUCTORS NV,Information Technology,2026-10-08,231.07,-0.0176,-0.0517,-0.0272,-0.0272
ON,ON SEMICONDUCTOR ,Information Technology,2026-10-08,79.41,-0.0376,-0.0646,0.033,0.033
ORCL,ORACLE ,Information Technology,2026-10-08,135.56,-0.0557,-0.0474,-0.0127,-0.0127
PANW,"PALO ALTO NETWORKS, INC.",Information Technology,2026-10-08,398.5,-0.0174,-0.0118,0.003,0.003
PLTR,PALANTIR TECHNOLOGIES INC.,Information Technology,2026-10-08,198.78,0.024,0.0531,0.0627,0.0627
PTC,PTC INC.,Information Technology,2026-10-08,193.73,0.0007,0.3451,0.3808,0.3808
Q,"QNITY ELECTRONICS, INC.",Information Technology,2026-10-08,126.68,-0.0234,-0.0365,0.0075,0.0075
QCOM,QUALCOMM INC.,Information Technology,2026-10-08,176.01,-0.0063,-0.0479,-0.0436,-0.0436
ROP,"ROPER TECHNOLOGIES, INC.",Information Technology,2026-10-08,364.23,0.0158,0.028,0.0424,0.0424
SMCI,"SUPER MICRO COMPUTER, INC.",Information Technology,2026-10-08,42.77,-0.0483,-0.0211,0.0414,0.0414
SNDK,SANDISK CORPORATION,Information Technology,2026-10-08,1609.46,-0.049,-0.0643,-0.075,-0.075
SNPS,"SYNOPSYS, INC.",Information Technology,2026-10-08,497.75,-0.0098,0.016,0.1444,0.1444
STX,SEAGATE TECHNOLOGY HOLDINGS,Information Technology,2026-10-08,774.825,-0.0405,-0.0874,-0.1599,-0.1599
SWKS,"SKYWORKS SOLUTIONS, INC.",Information Technology,2026-10-08,80.75,-0.0321,-0.0503,-0.0553,-0.0553
TDY,TELEDYNE TECHNOLOGIES INC.,Information Technology,2026-10-08,604.82,0.0011,-0.02,-0.0033,-0.0033
TEL,TE CONNECTIVITY LTD,Information Technology,2026-10-08,214.31,-0.007,-0.0275,0.0153,0.0153
TER,"TERADYNE, INC.",Information Technology,2026-10-08,398.72,-0.0317,-0.1121,-0.0055,-0.0055
TRMB,TRIMBLE INC.,Information Technology,2026-10-08,59.85,-0.0035,0.0405,0.048,0.048
TXN,TEXAS INSTRUMENTS INC.,Information Technology,2026-10-08,288.2,-0.0027,-0.0191,0.029,0.029
TYL,"TYLER TECHNOLOGIES, INC.",Information Technology,2026-10-08,331.15,-0.0036,0.0258,0.0394,0.0394
VRSN,"VERISIGN, INC.",Information Technology,2026-10-08,297.79,0.0121,0.0328,0.056,0.056
WDAY,"WORKDAY, INC.",Information Technology,2026-10-08,187.81,0.0193,0.009,-0.0139,-0.0139
WDC,WESTERN DIGITAL ,Information Technology,2026-10-08,393.31,-0.0299,-0.0529,-0.1346,-0.1346
ZBRA,ZEBRA TECHNOLOGIES ,Information Technology,2026-10-08,382.14,-0.0101,0.0167,0.0237,0.0237
ASC,ARDMORE SHIPPING ,MR Discretion,2026-10-08,19.46,0.053,0.0083,0.0429,0.0429
BTI,BRITISH AMERICAN TOBACCO P.L.C.,MR Discretion,2026-10-08,55.44,0.0288,0.0532,0.0191,0.0191
BTU,PEABODY ENERGY ,MR Discretion,2026-10-08,25.0,0.006,0.0077,0.025,0.025
CALM,"CAL-MAINE FOODS, INC.",MR Discretion,2026-10-08,64.83,0.034,-0.0276,-0.0475,-0.0475
CCJ,CAMECO ,MR Discretion,2026-10-08,87.14,-0.0218,0.023,0.0054,0.0054
CMBT,CMB.TECH NV,MR Discretion,2026-10-08,18.56,0.0265,-0.065,-0.0195,-0.0195
CMRE,COSTAMARE INC.,MR Discretion,2026-10-08,15.29,0.0166,-0.0097,0.0408,0.0408
CNR,"CORE NATURAL RESOURCES, INC.",MR Discretion,2026-10-08,88.55,-0.0036,-0.0046,0.0316,0.0316
CRESY,CRESUD INC.,MR Discretion,2026-10-08,11.58,-0.0043,0.0212,0.0061,0.0061
DHT,"DHT HOLDINGS, INC.",MR Discretion,2026-10-08,24.91,0.0506,0.0519,0.1037,0.1037
EC,ECOPETROL SA,MR Discretion,2026-10-08,16.95,0.0192,0.0211,0.0285,0.0285
FRO,FRONTLINE PLC,MR Discretion,2026-10-08,56.25,0.0599,0.0666,0.1417,0.1417
FTI,TECHNIPFMC PLC,MR Discretion,2026-10-08,69.63,0.018,0.0118,0.0252,0.0252
GEOS,GEOSPACE TECHNOLOGIES ,MR Discretion,2026-10-08,4.62,-0.0149,-0.0375,-0.0552,-0.0552
GGB,GERDAU SA,MR Discretion,2026-10-08,4.92,-0.0199,-0.018,0.0424,0.0424
GLATF,GLOBAL ATOMIC ,MR Discretion,2026-10-08,0.2528,-0.0521,-0.0971,-0.0637,-0.0637
GNK,GENCO SHIPPING & TRADING LIMITED,MR Discretion,2026-10-08,27.81,0.0258,0.0051,0.0631,0.0631
HOS,"HORNBECK OFFSHORE SERVICES, INC",MR Discretion,2026-10-08,7.63,0.0214,0.0053,-0.0078,-0.0078
ICL,ICL GROUP LTD,MR Discretion,2026-10-08,5.0,-0.0157,-0.0079,-0.004,-0.004
MP,MP MATERIALS CORP,MR Discretion,2026-10-08,46.15,-0.0033,-0.0175,-0.0241,-0.0241
NOV,NOV INC.,MR Discretion,2026-10-08,18.99,0.0199,0.0101,0.0139,0.0139
PAM,PAMPA ENERGIA SA,MR Discretion,2026-10-08,80.68,0.007,0.0562,0.0374,0.0374
PBR,BRAZILIAN PETROLEUM  - PETROBRAS,MR Discretion,2026-10-08,24.7,0.0292,0.1409,0.1835,0.1835
RIG,TRANSOCEAN LTD,MR Discretion,2026-10-08,5.535,0.025,0.0706,0.0563,0.0563
ROKU,"ROKU, INC.",MR Discretion,2026-10-08,153.81,0.0071,0.0093,0.01,0.01
SBLK,STAR BULK CARRIERS CORP.,MR Discretion,2026-10-08,30.47,0.0263,-0.0091,0.0378,0.0378
SD,"SANDRIDGE ENERGY, INC.",MR Discretion,2026-10-08,14.06,0.0248,0.0323,0.0423,0.0423
SM,SM ENERGY COMPANY,MR Discretion,2026-10-08,37.085,0.0521,0.0524,0.0978,0.0978
STLA,STELLANTIS NV,MR Discretion,2026-10-08,4.515,-0.0217,0.0261,0.0356,0.0356
STNG,SCORPIO TANKERS INC.,MR Discretion,2026-10-08,88.15,0.0431,0.0223,0.0532,0.0532
TDW,TIDEWATER INC.,MR Discretion,2026-10-08,84.7,0.0156,0.0277,0.0444,0.0444
TECK,TECK RESOURCES LIMITED,MR Discretion,2026-10-08,64.82,-0.0087,-0.0546,-0.0147,-0.0147
TS,TENARIS SA,MR Discretion,2026-10-08,56.59,0.0182,0.0107,0.0256,0.0256
URNM,SPROTT URANIUM MINERS,MR Discretion,2026-10-08,46.0,-0.0395,-0.0299,-0.0308,-0.0308
VAL,VALARIS LIMITED,MR Discretion,2026-10-08,83.96,0.0258,0.0711,0.0693,0.0693
XES,SPDR S&P OIL&GAS E&S,MR Discretion,2026-10-08,110.27,0.0079,0.0102,0.0256,0.0256
XOP,SPDR S&P OIL&GAS EXP,MR Discretion,2026-10-08,193.49,0.0279,0.0463,0.079,0.079
ALB,ALBEMARLE ,Materials,2026-10-08,102.1,-0.0063,-0.0238,-0.0348,-0.0348
AMCR,AMCOR PLC,Materials,2026-10-08,41.88,0.015,0.0005,0.0005,0.0005
APD,"AIR PRODUCTS AND CHEMICALS, INC.",Materials,2026-10-08,278.38,0.0009,0.0029,0.0005,0.0005
AVY,AVERY DENNISON ,Materials,2026-10-08,167.62,0.0039,-0.0132,-0.0179,-0.0179
BALL,BALL ,Materials,2026-10-08,58.36,0.0153,0.0353,0.0416,0.0416
CF,"CF INDUSTRIES HOLDINGS, INC.",Materials,2026-10-08,113.63,-0.0071,-0.012,-0.0136,-0.0136
CRH,CRH PUBLIC LIMITED COMPANY,Materials,2026-10-08,81.88,0.0052,-0.0007,-0.0111,-0.0111
CTVA,"CORTEVA, INC.",Materials,2026-10-08,13.73,-0.0502,0.1518,-0.8232,-0.8232
DD,"DUPONT DE NEMOURS, INC.",Materials,2026-10-08,132.48,0.0107,0.0192,0.0199,0.0199
DOW,DOW INC.,Materials,2026-10-08,28.59,0.0299,0.0222,0.0381,0.0381
ECL,ECOLAB INC.,Materials,2026-10-08,281.73,0.0131,0.0293,0.026,0.026
FCX,FREEPORT-MCMORAN INC.,Materials,2026-10-08,71.14,-0.0103,-0.0125,0.0163,0.0163
IFF,INTERNATIONAL FLAVORS & FRAGRANCES INC.,Materials,2026-10-08,84.65,0.0064,0.0271,0.014,0.014
IP,INTERNATIONAL PAPER COMPANY,Materials,2026-10-08,31.88,0.0019,-0.0028,-0.0389,-0.0389
LIN,LINDE PUBLIC LIMITED COMPANY,Materials,2026-10-08,481.7,-0.0047,0.0046,0.0149,0.0149
LYB,LYONDELLBASELL INDUSTRIES NV,Materials,2026-10-08,60.355,0.0319,0.0303,0.0502,0.0502
MLM,"MARTIN MARIETTA MATERIALS, INC.",Materials,2026-10-08,481.71,0.0056,-0.0012,0.004,0.004
MOS,THE MOSAIC COMPANY,Materials,2026-10-08,19.74,-0.0115,-0.0631,-0.0882,-0.0882
NEM,NEWMONT ,Materials,2026-10-08,115.545,0.0177,-0.0001,0.0018,0.0018
NUE,NUCOR ,Materials,2026-10-08,246.14,-0.0012,0.0239,0.053,0.053
PKG,PACKAGING  OF AMERICA,Materials,2026-10-08,229.94,0.0118,0.0061,0.003,0.003
PPG,"PPG INDUSTRIES, INC.",Materials,2026-10-08,105.46,0.0036,0.0029,0.0108,0.0108
SHW,THE SHERWIN-WILLIAMS COMPANY,Materials,2026-10-08,321.03,0.0191,0.0048,-0.0069,-0.0069
STLD,"STEEL DYNAMICS, INC.",Materials,2026-10-08,234.17,0.0003,0.0094,0.0567,0.0567
SW,SMURFIT WESTROCK PUBLIC LIMITED COMPANY,Materials,2026-10-08,41.45,0.0039,-0.0256,-0.0601,-0.0601
VMC,VULCAN MATERIALS COMPANY,Materials,2026-10-08,246.26,0.0087,0.0132,0.0067,0.0067
AMT,AMERICAN TOWER ,Real Estate,2026-10-08,166.8,0.0037,0.0284,0.019,0.019
ARE,"ALEXANDRIA REAL ESTATE EQUITIES, INC.",Real Estate,2026-10-08,45.6,0.0086,-0.0374,-0.0392,-0.0392
BXP,"BOSTON PROPERTIES, INC.",Real Estate,2026-10-08,59.32,-0.0017,-0.0187,-0.0293,-0.0293
CBRE,"CBRE GROUP, INC.",Real Estate,2026-10-08,131.08,0.0276,0.0116,0.0203,0.0203
CCI,CROWN CASTLE INC.,Real Estate,2026-10-08,68.875,-0.002,0.0366,0.0334,0.0334
CPT,CAMDEN PROPERTY TRUST,Real Estate,2026-10-08,96.76,0.01,0.0083,0.0003,0.0003
CSGP,"COSTAR GROUP, INC.",Real Estate,2026-10-08,29.81,0.0801,0.0888,0.088,0.088
DLR,"DIGITAL REALTY TRUST, INC.",Real Estate,2026-10-08,176.07,-0.0244,-0.0139,0.0031,0.0031
DOC,"HEALTHDOC PROPERTIES, INC.",Real Estate,2026-10-08,18.53,-0.007,-0.0493,-0.0721,-0.0721
EQIX,"EQUINIX, INC.",Real Estate,2026-10-08,1011.16,-0.02,-0.0142,-0.0004,-0.0004
ESS,"ESSEX PROPERTY TRUST, INC.",Real Estate,2026-10-08,268.58,0.002,-0.0003,-0.003,-0.003
EXR,EXTRA SPACE STORAGE INC.,Real Estate,2026-10-08,133.12,0.0108,-0.001,0.0122,0.0122
FRT,FEDERAL REALTY INVESTMENT TRUST,Real Estate,2026-10-08,105.46,0.0033,-0.0115,-0.0261,-0.0261
HST,"HOST HOTELS & RESORTS, INC.",Real Estate,2026-10-08,22.54,0.0135,-0.0009,0.0067,0.0067
INVH,INVITATION HOMES INC.,Real Estate,2026-10-08,26.48,0.024,0.0169,0.0057,0.0057
IRM,IRON MOUNTAIN INC.,Real Estate,2026-10-08,112.97,-0.024,-0.0037,0.0182,0.0182
KIM,KIMCO REALTY .,Real Estate,2026-10-08,22.09,0.011,-0.0067,-0.0054,-0.0054
MAA,"MID-AMERICA APARTMENT COMMUNITIES, INC.",Real Estate,2026-10-08,116.19,0.0173,0.008,-0.0132,-0.0132
O,REALTY INCOME ,Real Estate,2026-10-08,54.16,0.0152,0.0006,-0.0026,-0.0026
PLD,"PROLOGIS, INC.",Real Estate,2026-10-08,129.29,0.0155,0.0029,-0.0042,-0.0042
PSA,PUBLIC STORAGE.,Real Estate,2026-10-08,285.52,0.0125,0.006,0.0095,0.0095
REG,REGENCY CENTERS ,Real Estate,2026-10-08,71.48,0.0096,-0.0017,-0.0056,-0.0056
SBAC,SBA COMMUNICATIONS ,Real Estate,2026-10-08,170.01,-0.0022,0.0727,0.0618,0.0618
SPG,"SIMON PROPERTY GROUP, INC.",Real Estate,2026-10-08,199.61,0.0102,-0.0067,-0.0057,-0.0057
UDR,"UDR, INC.",Real Estate,2026-10-08,33.56,0.0072,0.0087,0.0003,0.0003
VICI,VICI PROPERTIES INC.,Real Estate,2026-10-08,22.81,0.008,0.0071,-0.007,-0.007
VMRK,VIVMARK RESIDENTIAL,Real Estate,2026-10-08,59.98,0.0116,0.0032,-0.0128,-0.0128
VTR,"VENTAS, INC.",Real Estate,2026-10-08,81.76,0.0214,-0.0268,-0.0383,-0.0383
WELL,WELLTOWER INC.,Real Estate,2026-10-08,223.04,0.0085,-0.0205,-0.0313,-0.0313
WY,WEYERHAEUSER COMPANY,Real Estate,2026-10-08,19.17,0.0323,0.0379,0.0063,0.0063
DIA,SPDR DOW JONES INDUS AVG,Sector & Style ETFs,2026-10-08,511.65,0.0014,0.0011,0.0061,0.0061
IWD,ISHARES:RUSS 1000 VL ETF,Sector & Style ETFs,2026-10-08,252.0,0.0049,0.0105,0.0164,0.0164
IWF,ISHARES:RUSS 1000 GR ETF,Sector & Style ETFs,2026-10-08,127.11,-0.0128,0.0003,0.0148,0.0148
IWM,ISHARES:RUSS 2000 ETF,Sector & Style ETFs,2026-10-08,277.63,-0.0003,-0.0138,-0.0009,-0.0009
MDY,SPDR S&P MIDCAP 400 ETF,Sector & Style ETFs,2026-10-08,666.26,0.0035,-0.0051,0.0145,0.0145
MTUM,ISHARES:MSCI USA MOM FCT,Sector & Style ETFs,2026-10-08,317.32,-0.0158,-0.0172,-0.0001,-0.0001
OEF,ISHARES:S&P 100,Sector & Style ETFs,2026-10-08,387.0,-0.0063,0.0056,0.0129,0.0129
POWA,INVESCO BLOOMBERG PRICING POWER,Sector & Style ETFs,2026-10-08,88.181,0.0124,0.0115,0.0227,0.0227
QQQ,INVESCO QQQ TRUST 1,Sector & Style ETFs,2026-10-08,747.58,-0.0134,-0.0027,0.0106,0.0106
QUAL,ISHARES:MSCI USA QF,Sector & Style ETFs,2026-10-08,226.13,0.001,0.0074,0.0175,0.0175
RSP,INVESCO S&P500 EWGHT,Sector & Style ETFs,2026-10-08,211.91,0.0062,0.0104,0.0187,0.0187
SDY,SPDR S&P DIVIDEND,Sector & Style ETFs,2026-10-08,149.37,0.0148,0.0122,0.0197,0.0197
SMH,VANECK:SEMICONDUCTOR,Sector & Style ETFs,2026-10-08,607.27,-0.0284,-0.037,-0.0028,-0.0028
SPHB,INVESCO S&P500 HI BE,Sector & Style ETFs,2026-10-08,152.02,-0.0208,-0.0185,0.0086,0.0086
SPLV,INVESCO S&P500 LOWVL,Sector & Style ETFs,2026-10-08,71.97,0.0105,0.0152,0.0207,0.0207
SPY,SPDR S&P 500 ETF,Sector & Style ETFs,2026-10-08,773.97,-0.0042,0.0056,0.0149,0.0149
XLB,SEL SECTOR:MATRLS SPDR,Sector & Style ETFs,2026-10-08,49.27,0.0059,0.0084,0.0117,0.0117
XLC,SEL SECTOR:COMM SVC SPDR,Sector & Style ETFs,2026-10-08,112.07,0.0073,0.0159,0.0099,0.0099
XLE,SEL SECTOR:ENERGY SPDR,Sector & Style ETFs,2026-10-08,65.225,0.0291,0.0383,0.0606,0.0606
XLF,SEL SECTOR:FINL S SPDR,Sector & Style ETFs,2026-10-08,54.235,0.009,0.0139,0.0156,0.0156
XLI,SEL SECTOR:INDUST SPDR,Sector & Style ETFs,2026-10-08,168.4,0.0033,-0.0091,0.0085,0.0085
XLK,SEL SECTOR:TECH SPDR,Sector & Style ETFs,2026-10-08,197.79,-0.0179,-0.0101,0.0104,0.0104
XLP,SEL SECTOR:C STP SPDR,Sector & Style ETFs,2026-10-08,83.39,0.0207,0.0355,0.0346,0.0346
XLRE,SEL SECTOR:RL EST SPDR,Sector & Style ETFs,2026-10-08,40.85,0.0069,0.001,-0.0015,-0.0015
XLU,SEL SECTOR:UTIL SPDR,Sector & Style ETFs,2026-10-08,41.06,-0.0026,0.0309,0.0411,0.0411
XLV,SEL SECTOR:H CARE SPDR,Sector & Style ETFs,2026-10-08,168.13,-0.004,0.0117,-0.0017,-0.0017
XLY,SEL SECTOR:C DSC SPDR,Sector & Style ETFs,2026-10-08,111.7,0.0031,0.0151,0.0263,0.0263
AEE,AMEREN ,Utilities,2026-10-08,101.83,0.005,0.0189,0.0247,0.0247
AEP,"AMERICAN ELECTRIC POWER COMPANY, INC.",Utilities,2026-10-08,122.32,0.002,0.023,0.031,0.031
AES,THE AES ,Utilities,2026-10-08,14.935,0.0003,0.0017,0.0023,0.0023
ATO,ATMOS ENERGY ,Utilities,2026-10-08,160.66,0.0091,0.0222,0.027,0.027
AWK,"AMERICAN WATER WORKS COMPANY, INC.",Utilities,2026-10-08,128.18,0.0063,-0.0159,-0.01,-0.01
CEG,CONSTELLATION ENERGY,Utilities,2026-10-08,285.07,-0.0485,0.1071,0.1222,0.1222
CMS,CMS ENERGY ,Utilities,2026-10-08,65.34,0.0041,0.0251,0.0358,0.0358
CNP,"CENTERPOINT ENERGY, INC.",Utilities,2026-10-08,38.405,-0.0032,0.0163,0.0436,0.0436
D,"DOMINION ENERGY, INC.",Utilities,2026-10-08,61.75,0.0036,0.0072,0.0203,0.0203
DTE,DTE ENERGY COMPANY,Utilities,2026-10-08,127.1,-0.0011,0.0213,0.0435,0.0435
DUK,DUKE ENERGY ,Utilities,2026-10-08,116.84,0.0116,0.0237,0.0248,0.0248
ED,"CONSOLIDATED EDISON, INC.",Utilities,2026-10-08,105.99,0.0129,0.0251,0.037,0.037
EIX,EDISON INTERNATIONAL,Utilities,2026-10-08,54.31,-0.0017,0.0078,0.0108,0.0108
ES,EVERSOURCE ENERGY,Utilities,2026-10-08,65.69,0.0069,0.0184,0.0238,0.0238
ETR,ENTERGY ,Utilities,2026-10-08,102.49,-0.003,0.0157,0.0325,0.0325
EVRG,"EVERGY, INC.",Utilities,2026-10-08,80.52,0.0027,0.0171,0.0265,0.0265
EXC,EXELON ,Utilities,2026-10-08,41.73,0.0058,0.0246,0.0329,0.0329
FE,FIRSTENERGY CORP.,Utilities,2026-10-08,44.85,0.0061,0.0348,0.0351,0.0351
LNT,ALLIANT ENERGY ,Utilities,2026-10-08,65.5,0.0044,0.0182,0.0348,0.0348
NEE,"NEXTERA ENERGY, INC.",Utilities,2026-10-08,77.365,0.0042,0.007,0.0215,0.0215
NI,NISOURCE INC.,Utilities,2026-10-08,40.53,-0.0002,0.0279,0.0392,0.0392
NRG,"NRG ENERGY, INC.",Utilities,2026-10-08,106.325,-0.0211,0.1165,0.1116,0.1116
PCG,PG&E ,Utilities,2026-10-08,12.645,-0.0113,0.0264,0.0322,0.0322
PEG,PUBLIC SERVICE ENTERPRISE GROUP INC.,Utilities,2026-10-08,71.84,0.0014,0.0554,0.0668,0.0668
PNW,PINNACLE WEST CAPITAL ,Utilities,2026-10-08,97.98,0.0045,0.0215,0.0531,0.0531
PPL,PPL ,Utilities,2026-10-08,34.095,0.0043,0.0395,0.0366,0.0366
SO,THE SOUTHERN COMPANY,Utilities,2026-10-08,86.15,0.0082,0.029,0.0393,0.0393
SRE,SEMPRA,Utilities,2026-10-08,80.08,0.0049,0.0217,0.0272,0.0272
VST,VISTRA CORP.,Utilities,2026-10-08,156.18,-0.0633,0.1154,0.1289,0.1289
WEC,"WEC ENERGY GROUP, INC.",Utilities,2026-10-08,103.61,0.0042,0.0199,0.0281,0.0281
XEL,XCEL ENERGY INC.,Utilities,2026-10-08,73.36,0.013,0.0275,0.0409,0.0409
VIX,CBOE MKT VOLATILITY IDX,Volatility,2026-10-08,15.41,0.0219,0.0065,-0.0569,-0.0569
VXN,CBOE NASDAQ MKT VOL NDX,Volatility,2026-10-08,21.98,0.0467,0.0368,-0.0214,-0.0214
FVX,5 YR TSY YLD NDX,Yields,2026-10-08,4.99,-0.006,-0.0119,-0.0196,-0.0196
TNX,10 Y TSY YLD NDX,Yields,2026-10-08,5.23,-0.0095,-0.0095,-0.0113,-0.0113
TYX,30 Y TSY YLD NDX,Yields,2026-10-08,5.61,-0.0088,-0.0036,-0.0053,-0.0053
